timestamp,elapsed_sec,state,score,ear,pitch,phone_conf,hand_interaction,raw_absent,drowsy_score,phone_in_use
14:54:40.662,4.428,FOCUSED,100.0,0.325,0.393,0.0,0,0,0.0,0
14:54:42.347,6.112,FOCUSED,100.0,0.308,0.39,0.0,0,0,0.0,0
14:54:42.450,6.215,FOCUSED,100.0,0.338,0.396,0.0,0,0,0.0,0
14:54:42.555,6.321,FOCUSED,100.0,0.294,0.381,0.0,0,0,0.0,0
14:54:42.634,6.4,FOCUSED,100.0,0.306,0.386,0.0,0,0,0.0,0
14:54:42.723,6.489,FOCUSED,100.0,0.302,0.386,0.0,0,0,0.0,0
14:54:42.791,6.557,FOCUSED,100.0,0.299,0.387,0.0,0,0,0.0,0
14:54:42.857,6.623,FOCUSED,100.0,0.05,0.375,0.0,0,0,0.6,0
14:54:42.960,6.726,FOCUSED,100.0,0.198,0.383,0.0,0,0,0.0,0
14:54:43.026,6.792,FOCUSED,100.0,0.286,0.404,0.0,0,0,0.0,0
14:54:43.090,6.855,FOCUSED,100.0,0.299,0.409,0.0,0,0,0.0,0
14:54:43.168,6.933,FOCUSED,100.0,0.315,0.41,0.0,0,0,0.0,0
14:54:43.242,7.008,FOCUSED,100.0,0.313,0.409,0.0,0,0,0.0,0
14:54:43.321,7.087,FOCUSED,100.0,0.324,0.407,0.0,0,0,0.0,0
14:54:43.400,7.166,FOCUSED,100.0,0.318,0.405,0.0,0,0,0.0,0
14:54:43.481,7.247,FOCUSED,100.0,0.324,0.408,0.0,0,0,0.0,0
14:54:43.560,7.326,FOCUSED,100.0,0.318,0.406,0.0,0,0,0.0,0
14:54:43.633,7.399,FOCUSED,100.0,0.342,0.41,0.0,0,0,0.0,0
14:54:43.713,7.478,FOCUSED,100.0,0.335,0.407,0.0,0,0,0.0,0
14:54:43.803,7.568,FOCUSED,100.0,0.339,0.407,0.0,0,0,0.0,0
14:54:43.877,7.643,FOCUSED,100.0,0.337,0.408,0.0,0,0,0.0,0
14:54:43.941,7.707,FOCUSED,100.0,0.333,0.408,0.0,0,0,0.0,0
14:54:44.032,7.797,FOCUSED,100.0,0.331,0.407,0.0,0,0,0.0,0
14:54:44.091,7.857,FOCUSED,100.0,0.332,0.404,0.0,0,0,0.0,0
14:54:44.156,7.922,FOCUSED,100.0,0.332,0.405,0.0,0,0,0.0,0
14:54:44.230,7.996,FOCUSED,100.0,0.337,0.405,0.0,0,0,0.0,0
14:54:44.736,8.502,FOCUSED,100.0,0.341,0.405,0.0,0,0,0.0,0
14:54:45.714,9.48,FOCUSED,100.0,0.345,0.406,0.0,0,0,0.0,0
14:54:46.295,10.061,FOCUSED,100.0,0.339,0.402,0.0,0,0,0.0,0
14:54:47.161,10.927,FOCUSED,100.0,0.292,0.399,0.0,0,0,0.0,0
14:54:48.443,12.208,FOCUSED,100.0,0.296,0.398,0.0,0,0,0.0,0
14:54:49.097,12.863,FOCUSED,100.0,0.303,0.4,0.0,0,0,0.0,0
14:54:49.622,13.388,FOCUSED,100.0,0.31,0.402,0.0,0,0,0.0,0
14:54:50.074,13.839,FOCUSED,100.0,0.31,0.4,0.0,0,0,0.0,0
14:54:51.227,14.993,FOCUSED,100.0,0.303,0.405,0.0,0,0,0.0,0
14:54:52.093,15.859,FOCUSED,100.0,0.067,0.388,0.0,0,0,0.6,0
14:54:54.135,17.901,FOCUSED,100.0,0.347,0.407,0.0,0,0,0.0,0
14:54:54.765,18.531,FOCUSED,100.0,0.331,0.418,0.0,0,0,0.0,0
14:54:55.741,19.507,FOCUSED,100.0,0.324,0.418,0.0,0,0,0.0,0
14:54:56.274,20.039,FOCUSED,100.0,0.331,0.417,0.0,0,0,0.0,0
14:54:57.246,21.012,FOCUSED,100.0,0.325,0.41,0.0,0,0,0.0,0
14:54:57.865,21.631,FOCUSED,100.0,0.257,0.41,0.0,0,0,0.0,0
14:54:58.338,22.104,FOCUSED,100.0,0.32,0.404,0.0,0,0,0.0,0
14:54:58.734,22.5,FOCUSED,100.0,0.082,0.383,0.0,0,0,0.6,0
14:54:59.029,22.794,FOCUSED,100.0,0.085,0.386,0.0,0,0,0.6,0
14:54:59.365,23.13,FOCUSED,100.0,0.289,0.377,0.0,0,0,0.0,0
14:54:59.766,23.532,FOCUSED,100.0,0.302,0.379,0.0,0,0,0.0,0
14:55:00.159,23.924,FOCUSED,100.0,0.293,0.376,0.0,0,0,0.0,0
14:55:00.533,24.298,FOCUSED,100.0,0.329,0.378,0.0,0,0,0.0,0
14:55:00.951,24.717,FOCUSED,100.0,0.314,0.382,0.0,0,0,0.0,0
14:55:01.410,25.176,FOCUSED,100.0,0.314,0.379,0.0,0,0,0.0,0
14:55:01.965,25.731,FOCUSED,100.0,0.307,0.376,0.0,0,0,0.0,0
14:55:03.130,26.895,FOCUSED,100.0,0.315,0.366,0.0,0,0,0.0,0
14:55:03.531,27.296,FOCUSED,100.0,0.322,0.359,0.0,0,0,0.0,0
14:55:03.954,27.72,FOCUSED,100.0,0.321,0.368,0.0,0,0,0.0,0
14:55:04.307,28.072,FOCUSED,100.0,0.321,0.367,0.0,0,0,0.0,0
14:55:04.734,28.5,FOCUSED,100.0,0.321,0.369,0.0,0,0,0.0,0
14:55:05.092,28.857,FOCUSED,100.0,0.323,0.37,0.0,0,0,0.0,0
14:55:05.445,29.211,FOCUSED,100.0,0.327,0.372,0.0,0,0,0.0,0
14:55:07.708,31.474,FOCUSED,100.0,0.319,0.377,0.0,0,0,0.0,0
14:55:08.970,32.736,FOCUSED,100.0,0.324,0.372,0.0,0,0,0.0,0
14:55:09.559,33.325,FOCUSED,100.0,0.299,0.36,0.0,0,0,0.0,0
14:55:10.643,34.409,FOCUSED,100.0,0.288,0.376,0.0,0,0,0.0,0
14:55:12.951,36.718,FOCUSED,100.0,0.309,0.378,0.0,0,0,0.0,0
14:55:14.254,38.02,FOCUSED,100.0,0.322,0.369,0.0,0,0,0.0,0
14:55:14.777,38.543,FOCUSED,100.0,0.263,0.377,0.0,0,0,0.0,0
14:55:15.015,38.781,FOCUSED,100.0,0.264,0.381,0.0,0,0,0.0,0
14:55:15.255,39.021,FOCUSED,100.0,0.272,0.381,0.0,0,0,0.0,0
14:55:15.532,39.298,FOCUSED,100.0,0.288,0.382,0.0,0,0,0.0,0
14:55:16.767,40.533,FOCUSED,100.0,0.282,0.383,0.0,0,0,0.0,0
14:55:17.334,41.099,FOCUSED,100.0,0.27,0.391,0.0,0,0,0.0,0
14:55:17.983,41.749,FOCUSED,100.0,0.282,0.394,0.0,0,0,0.0,0
14:55:18.283,42.049,FOCUSED,100.0,0.283,0.392,0.0,0,0,0.0,0
14:55:18.548,42.314,FOCUSED,100.0,0.27,0.39,0.0,0,0,0.0,0
14:55:18.855,42.62,FOCUSED,100.0,0.265,0.385,0.0,0,0,0.0,0
14:55:19.475,43.241,FOCUSED,100.0,0.277,0.375,0.0,0,0,0.0,0
14:55:19.750,43.516,FOCUSED,100.0,0.05,0.366,0.0,0,0,0.6,0
14:55:19.988,43.753,FOCUSED,100.0,0.256,0.379,0.0,0,0,0.0,0
14:55:20.346,44.112,FOCUSED,100.0,0.25,0.377,0.0,0,0,0.0,0
14:55:20.842,44.607,FOCUSED,100.0,0.26,0.378,0.0,0,0,0.0,0
14:55:21.155,44.921,FOCUSED,100.0,0.251,0.371,0.0,0,0,0.0,0
14:55:21.421,45.187,FOCUSED,100.0,0.25,0.377,0.0,0,0,0.0,0
14:55:21.678,45.444,FOCUSED,100.0,0.251,0.378,0.0,0,0,0.0,0
14:55:22.021,45.787,FOCUSED,100.0,0.259,0.374,0.0,0,0,0.0,0
14:55:22.334,46.099,FOCUSED,100.0,0.263,0.371,0.0,0,0,0.0,0
14:55:22.571,46.336,FOCUSED,100.0,0.252,0.37,0.0,0,0,0.0,0
14:55:22.810,46.576,FOCUSED,100.0,0.248,0.368,0.0,0,0,0.0,0
14:55:23.076,46.841,FOCUSED,100.0,0.254,0.386,0.0,0,0,0.0,0
14:55:23.533,47.299,FOCUSED,100.0,0.246,0.377,0.0,0,0,0.0,0
14:55:23.811,47.577,FOCUSED,100.0,0.247,0.377,0.0,0,0,0.0,0
14:55:24.094,47.859,FOCUSED,100.0,0.251,0.372,0.0,0,0,0.0,0
14:55:24.387,48.152,FOCUSED,100.0,0.237,0.362,0.0,0,0,0.0,0
14:55:24.904,48.67,FOCUSED,100.0,0.254,0.369,0.0,0,0,0.0,0
14:55:25.152,48.917,FOCUSED,100.0,0.372,0.381,0.0,0,0,0.0,0
14:55:25.422,49.188,FOCUSED,100.0,0.308,0.381,0.0,0,0,0.0,0
14:55:25.792,49.558,FOCUSED,100.0,0.277,0.387,0.0,0,0,0.0,0
14:55:26.238,50.004,FOCUSED,100.0,0.277,0.395,0.0,0,0,0.0,0
14:55:26.585,50.351,FOCUSED,100.0,0.278,0.394,0.0,0,0,0.0,0
14:55:26.881,50.647,FOCUSED,100.0,0.288,0.358,0.0,0,0,0.0,0
14:55:27.200,50.966,FOCUSED,100.0,0.287,0.378,0.0,0,0,0.0,0
14:55:27.542,51.308,FOCUSED,100.0,0.265,0.373,0.0,0,0,0.0,0
14:55:27.979,51.744,FOCUSED,100.0,0.272,0.376,0.0,0,0,0.0,0
14:55:28.267,52.032,FOCUSED,100.0,0.267,0.376,0.0,0,0,0.0,0
14:55:28.546,52.311,FOCUSED,100.0,0.277,0.377,0.0,0,0,0.0,0
14:55:28.828,52.595,FOCUSED,100.0,0.283,0.39,0.0,0,0,0.0,0
14:55:29.160,52.926,FOCUSED,100.0,0.279,0.399,0.0,0,0,0.0,0
14:55:29.427,53.192,FOCUSED,100.0,0.28,0.386,0.0,0,0,0.0,0
14:55:29.693,53.459,FOCUSED,100.0,0.279,0.414,0.0,0,0,0.0,0
14:55:30.004,53.77,FOCUSED,100.0,0.29,0.424,0.0,0,0,0.0,0
14:55:30.352,54.118,FOCUSED,100.0,0.285,0.397,0.0,0,0,0.0,0
14:55:30.920,54.685,FOCUSED,100.0,0.291,0.417,0.0,0,0,0.0,0
14:55:31.327,55.093,FOCUSED,100.0,0.298,0.407,0.0,0,0,0.0,0
14:55:32.249,56.015,FOCUSED,100.0,0.291,0.392,0.0,0,0,0.0,0
14:55:32.595,56.361,FOCUSED,100.0,0.287,0.399,0.0,0,0,0.0,0
14:55:32.850,56.616,FOCUSED,100.0,0.278,0.409,0.0,0,0,0.0,0
14:55:33.083,56.848,FOCUSED,100.0,0.28,0.407,0.0,0,0,0.0,0
14:55:33.374,57.14,FOCUSED,100.0,0.196,0.392,0.0,0,0,0.0,0
14:55:33.675,57.44,FOCUSED,100.0,0.26,0.365,0.0,0,0,0.0,0
14:55:33.939,57.705,FOCUSED,100.0,0.275,0.35,0.0,0,0,0.0,0
14:55:34.172,57.938,FOCUSED,100.0,0.267,0.348,0.0,0,0,0.0,0
14:55:34.406,58.172,FOCUSED,100.0,0.277,0.386,0.0,0,0,0.0,0
14:55:34.728,58.494,FOCUSED,100.0,0.274,0.392,0.0,0,0,0.0,0
14:55:35.047,58.812,FOCUSED,100.0,0.276,0.393,0.0,0,0,0.0,0
14:55:35.254,59.02,FOCUSED,100.0,0.268,0.393,0.0,0,0,0.0,0
14:55:35.461,59.226,FOCUSED,100.0,0.13,0.409,0.0,0,0,0.6,0
14:55:35.668,59.433,FOCUSED,100.0,0.093,0.381,0.0,0,0,0.6,0
14:55:35.884,59.649,FOCUSED,100.0,0.264,0.396,0.0,0,0,0.0,0
14:55:36.225,59.99,FOCUSED,100.0,0.276,0.389,0.0,0,0,0.0,0
14:55:36.473,60.239,FOCUSED,100.0,0.272,0.384,0.0,0,0,0.0,0
14:55:36.750,60.516,FOCUSED,100.0,0.276,0.393,0.0,0,0,0.0,0
14:55:37.001,60.767,FOCUSED,100.0,0.282,0.401,0.0,0,0,0.0,0
14:55:37.236,61.002,FOCUSED,100.0,0.281,0.397,0.0,0,0,0.0,0
14:55:37.541,61.306,FOCUSED,100.0,0.281,0.401,0.0,0,0,0.0,0
14:55:37.809,61.575,FOCUSED,100.0,0.271,0.401,0.0,0,0,0.0,0
14:55:38.056,61.822,FOCUSED,100.0,0.272,0.412,0.0,0,0,0.0,0
14:55:38.323,62.089,FOCUSED,100.0,0.269,0.414,0.0,0,0,0.0,0
14:55:38.546,62.313,FOCUSED,100.0,0.277,0.414,0.0,0,0,0.0,0
14:55:38.794,62.56,FOCUSED,100.0,0.277,0.411,0.0,0,0,0.0,0
14:55:39.097,62.862,FOCUSED,100.0,0.284,0.409,0.0,0,0,0.0,0
14:55:39.303,63.069,FOCUSED,100.0,0.284,0.41,0.0,0,0,0.0,0
14:55:39.527,63.293,FOCUSED,100.0,0.282,0.408,0.0,0,0,0.0,0
14:55:39.761,63.526,FOCUSED,100.0,0.266,0.393,0.0,0,0,0.0,0
14:55:40.004,63.77,FOCUSED,100.0,0.264,0.396,0.0,0,0,0.0,0
14:55:40.301,64.067,FOCUSED,100.0,0.264,0.393,0.0,0,0,0.0,0
14:55:40.548,64.314,FOCUSED,100.0,0.256,0.395,0.0,0,0,0.0,0
14:55:40.825,64.59,FOCUSED,100.0,0.077,0.407,0.0,0,0,0.6,0
14:55:41.072,64.837,FOCUSED,100.0,0.089,0.391,0.0,0,0,0.6,0
14:55:41.327,65.093,FOCUSED,100.0,0.246,0.4,0.0,0,0,0.0,0
14:55:41.642,65.408,FOCUSED,100.0,0.261,0.401,0.0,0,0,0.0,0
14:55:41.882,65.647,FOCUSED,100.0,0.263,0.395,0.0,0,0,0.0,0
14:55:42.118,65.884,FOCUSED,100.0,0.266,0.395,0.0,0,0,0.0,0
14:55:42.421,66.187,FOCUSED,100.0,0.272,0.392,0.0,0,0,0.0,0
14:55:42.671,66.436,FOCUSED,100.0,0.278,0.391,0.0,0,0,0.0,0
14:55:43.066,66.832,FOCUSED,100.0,0.272,0.398,0.0,0,0,0.0,0
14:55:43.406,67.172,FOCUSED,100.0,0.275,0.397,0.0,0,0,0.0,0
14:55:43.669,67.434,FOCUSED,100.0,0.268,0.379,0.0,0,0,0.0,0
14:55:43.924,67.69,FOCUSED,100.0,0.266,0.373,0.0,0,0,0.0,0
14:55:44.181,67.946,FOCUSED,100.0,0.266,0.396,0.0,0,0,0.0,0
14:55:44.431,68.197,FOCUSED,100.0,0.299,0.385,0.0,0,0,0.0,0
14:55:44.664,68.43,FOCUSED,100.0,0.289,0.392,0.0,0,0,0.0,0
14:55:44.888,68.653,FOCUSED,100.0,0.276,0.39,0.0,0,0,0.0,0
14:55:45.135,68.901,FOCUSED,100.0,0.285,0.389,0.0,0,0,0.0,0
14:55:45.357,69.122,FOCUSED,100.0,0.275,0.387,0.0,0,0,0.0,0
14:55:45.638,69.404,FOCUSED,100.0,0.259,0.381,0.0,0,0,0.0,0
14:55:45.951,69.717,FOCUSED,100.0,0.261,0.38,0.0,0,0,0.0,0
14:55:46.514,70.28,FOCUSED,100.0,0.265,0.382,0.0,0,0,0.0,0
14:55:47.323,71.088,FOCUSED,100.0,0.263,0.385,0.0,0,0,0.0,0
14:55:48.181,71.946,FOCUSED,100.0,0.264,0.387,0.0,0,0,0.0,0
14:55:49.400,73.165,FOCUSED,100.0,0.284,0.398,0.0,0,0,0.0,0
14:55:49.877,73.643,FOCUSED,100.0,0.288,0.394,0.0,0,0,0.0,0
14:55:50.250,74.016,FOCUSED,100.0,0.258,0.379,0.0,0,0,0.0,0
14:55:50.548,74.314,FOCUSED,100.0,0.261,0.386,0.0,0,0,0.0,0
14:55:50.783,74.549,FOCUSED,100.0,0.272,0.383,0.0,0,0,0.0,0
14:55:50.996,74.762,FOCUSED,100.0,0.267,0.382,0.0,0,0,0.0,0
14:55:51.310,75.075,FOCUSED,100.0,0.27,0.387,0.0,0,0,0.0,0
14:55:51.581,75.346,FOCUSED,100.0,0.274,0.388,0.0,0,0,0.0,0
14:55:51.841,75.607,FOCUSED,100.0,0.272,0.389,0.0,0,0,0.0,0
14:55:52.068,75.834,FOCUSED,100.0,0.276,0.39,0.0,0,0,0.0,0
14:55:52.306,76.071,FOCUSED,100.0,0.282,0.397,0.0,0,0,0.0,0
14:55:52.655,76.42,FOCUSED,100.0,0.298,0.435,0.0,0,0,0.0,0
14:55:52.977,76.743,FOCUSED,100.0,0.188,0.451,0.0,0,0,0.6,0
14:55:53.274,77.04,FOCUSED,100.0,0.294,0.482,0.0,0,0,0.0,0
14:55:53.560,77.326,FOCUSED,100.0,0.219,0.475,0.0,0,0,0.0,0
14:55:53.891,77.656,FOCUSED,100.0,0.189,0.47,0.0,0,0,0.6,0
14:55:54.269,78.035,FOCUSED,100.0,0.114,0.44,0.0,0,0,0.6,0
14:55:54.600,78.366,FOCUSED,100.0,0.102,0.391,0.0,0,0,0.6,0
14:55:55.056,78.822,FOCUSED,100.0,0.19,0.435,0.0,0,0,0.0,0
14:55:55.379,79.144,FOCUSED,100.0,0.079,0.4,0.0,0,0,0.6,0
14:55:55.707,79.473,FOCUSED,100.0,0.065,0.391,0.0,0,0,0.6,0
14:55:55.998,79.763,FOCUSED,100.0,0.07,0.353,0.0,0,0,0.6,0
14:55:56.251,80.017,FOCUSED,100.0,0.269,0.35,0.0,0,0,0.0,0
14:55:56.537,80.303,FOCUSED,100.0,0.263,0.349,0.0,0,0,0.0,0
14:55:56.861,80.626,FOCUSED,100.0,0.281,0.367,0.0,0,0,0.0,0
14:55:57.166,80.931,FOCUSED,100.0,0.271,0.359,0.0,0,0,0.0,0
14:55:57.476,81.242,FOCUSED,100.0,0.275,0.364,0.0,0,0,0.0,0
14:55:57.721,81.487,FOCUSED,100.0,0.255,0.352,0.0,0,0,0.0,0
14:55:57.979,81.745,FOCUSED,100.0,0.276,0.363,0.0,0,0,0.0,0
14:55:58.296,82.061,FOCUSED,100.0,0.277,0.364,0.0,0,0,0.0,0
14:55:58.578,82.344,FOCUSED,100.0,0.267,0.365,0.0,0,0,0.0,0
14:55:58.810,82.576,FOCUSED,100.0,0.272,0.365,0.0,0,0,0.0,0
14:55:59.056,82.821,FOCUSED,100.0,0.044,0.359,0.0,0,0,0.6,0
14:55:59.328,83.094,FOCUSED,100.0,0.265,0.37,0.0,0,0,0.0,0
14:55:59.686,83.452,FOCUSED,100.0,0.284,0.368,0.0,0,0,0.0,0
14:55:59.958,83.723,FOCUSED,100.0,0.286,0.37,0.0,0,0,0.0,0
14:56:00.197,83.963,FOCUSED,100.0,0.269,0.369,0.0,0,0,0.0,0
14:56:00.437,84.202,FOCUSED,100.0,0.287,0.37,0.0,0,0,0.0,0
14:56:00.691,84.458,FOCUSED,100.0,0.287,0.362,0.0,0,0,0.0,0
14:56:00.949,84.715,FOCUSED,100.0,0.287,0.363,0.0,0,0,0.0,0
14:56:01.522,85.288,FOCUSED,100.0,0.288,0.371,0.0,0,0,0.0,0
14:56:01.754,85.52,FOCUSED,100.0,0.27,0.358,0.0,0,0,0.0,0
14:56:01.954,85.72,FOCUSED,100.0,0.277,0.359,0.0,0,0,0.0,0
14:56:02.173,85.938,FOCUSED,100.0,0.279,0.363,0.0,0,0,0.0,0
14:56:02.370,86.136,FOCUSED,100.0,0.272,0.36,0.0,0,0,0.0,0
14:56:02.847,86.612,FOCUSED,100.0,0.27,0.368,0.0,0,0,0.0,0
14:56:03.074,86.84,FOCUSED,100.0,0.286,0.37,0.0,0,0,0.0,0
14:56:03.310,87.075,FOCUSED,100.0,0.289,0.373,0.0,0,0,0.0,0
14:56:03.576,87.341,FOCUSED,100.0,0.282,0.373,0.0,0,0,0.0,0
14:56:03.789,87.554,FOCUSED,100.0,0.288,0.373,0.0,0,0,0.0,0
14:56:04.283,88.048,FOCUSED,100.0,0.294,0.365,0.0,0,0,0.0,0
14:56:04.507,88.273,FOCUSED,100.0,0.286,0.365,0.0,0,0,0.0,0
14:56:04.747,88.513,FOCUSED,100.0,0.266,0.363,0.0,0,0,0.0,0
14:56:04.962,88.728,FOCUSED,100.0,0.268,0.366,0.0,0,0,0.0,0
14:56:05.484,89.249,FOCUSED,100.0,0.265,0.366,0.0,0,0,0.0,0
14:56:05.839,89.606,FOCUSED,100.0,0.264,0.365,0.0,0,0,0.0,0
14:56:06.049,89.815,FOCUSED,100.0,0.26,0.365,0.0,0,0,0.0,0
14:56:06.303,90.068,FOCUSED,100.0,0.253,0.366,0.0,0,0,0.0,0
14:56:06.554,90.32,FOCUSED,100.0,0.264,0.37,0.0,0,0,0.0,0
14:56:07.002,90.768,FOCUSED,100.0,0.253,0.365,0.0,0,0,0.0,0
14:56:07.276,91.041,FOCUSED,100.0,0.26,0.366,0.0,0,0,0.0,0
14:56:07.492,91.258,FOCUSED,100.0,0.264,0.366,0.0,0,0,0.0,0
14:56:07.743,91.51,FOCUSED,100.0,0.259,0.364,0.0,0,0,0.0,0
14:56:08.056,91.821,FOCUSED,100.0,0.266,0.364,0.0,0,0,0.0,0
14:56:08.568,92.333,FOCUSED,100.0,0.263,0.364,0.0,0,0,0.0,0
14:56:08.811,92.577,FOCUSED,100.0,0.263,0.369,0.0,0,0,0.0,0
14:56:09.069,92.835,FOCUSED,100.0,0.258,0.366,0.0,0,0,0.0,0
14:56:09.341,93.107,FOCUSED,100.0,0.267,0.371,0.0,0,0,0.0,0
14:56:09.635,93.401,FOCUSED,100.0,0.049,0.363,0.0,0,0,0.6,0
14:56:09.991,93.758,FOCUSED,100.0,0.26,0.372,0.0,0,0,0.0,0
14:56:10.293,94.059,FOCUSED,100.0,0.269,0.365,0.0,0,0,0.0,0
14:56:10.526,94.292,FOCUSED,100.0,0.256,0.361,0.0,0,0,0.0,0
14:56:10.743,94.509,FOCUSED,100.0,0.254,0.361,0.0,0,0,0.0,0
14:56:11.140,94.906,FOCUSED,100.0,0.251,0.359,0.0,0,0,0.0,0
14:56:11.457,95.223,FOCUSED,100.0,0.264,0.363,0.0,0,0,0.0,0
14:56:11.688,95.455,FOCUSED,100.0,0.278,0.366,0.0,0,0,0.0,0
14:56:11.955,95.72,FOCUSED,100.0,0.266,0.369,0.0,0,0,0.0,0
14:56:12.204,95.97,FOCUSED,100.0,0.263,0.365,0.0,0,0,0.0,0
14:56:12.736,96.502,FOCUSED,100.0,0.253,0.364,0.0,0,0,0.0,0
14:56:12.977,96.743,FOCUSED,100.0,0.25,0.359,0.0,0,0,0.0,0
14:56:13.219,96.984,FOCUSED,100.0,0.26,0.365,0.0,0,0,0.0,0
14:56:13.447,97.212,FOCUSED,100.0,0.259,0.361,0.0,0,0,0.0,0
14:56:13.685,97.45,FOCUSED,100.0,0.26,0.367,0.0,0,0,0.0,0
14:56:14.183,97.948,FOCUSED,100.0,0.251,0.36,0.0,0,0,0.0,0
14:56:14.421,98.187,FOCUSED,100.0,0.261,0.363,0.0,0,0,0.0,0
14:56:14.670,98.436,FOCUSED,100.0,0.267,0.365,0.0,0,0,0.0,0
14:56:14.905,98.67,FOCUSED,100.0,0.257,0.364,0.0,0,0,0.0,0
14:56:15.366,99.132,FOCUSED,100.0,0.259,0.365,0.0,0,0,0.0,0
14:56:15.655,99.42,FOCUSED,100.0,0.261,0.365,0.0,0,0,0.0,0
14:56:15.886,99.652,FOCUSED,100.0,0.277,0.367,0.0,0,0,0.0,0
14:56:16.097,99.863,FOCUSED,100.0,0.255,0.358,0.0,0,0,0.0,0
14:56:16.346,100.112,FOCUSED,100.0,0.257,0.361,0.0,0,0,0.0,0
14:56:16.848,100.613,FOCUSED,100.0,0.265,0.362,0.0,0,0,0.0,0
14:56:17.067,100.833,FOCUSED,100.0,0.261,0.366,0.0,0,0,0.0,0
14:56:17.346,101.112,FOCUSED,100.0,0.266,0.363,0.0,0,0,0.0,0
14:56:17.626,101.391,FOCUSED,100.0,0.266,0.367,0.0,0,0,0.0,0
14:56:17.905,101.671,FOCUSED,100.0,0.263,0.364,0.0,0,0,0.0,0
14:56:18.362,102.129,FOCUSED,100.0,0.272,0.365,0.0,0,0,0.0,0
14:56:18.605,102.37,FOCUSED,100.0,0.276,0.365,0.0,0,0,0.0,0
14:56:18.832,102.598,FOCUSED,100.0,0.284,0.369,0.0,0,0,0.0,0
14:56:19.111,102.876,FOCUSED,100.0,0.28,0.37,0.0,0,0,0.0,0
14:56:19.495,103.26,FOCUSED,100.0,0.275,0.369,0.0,0,0,0.0,0
14:56:19.829,103.595,FOCUSED,100.0,0.274,0.37,0.0,0,0,0.0,0
14:56:20.065,103.83,FOCUSED,100.0,0.281,0.373,0.0,0,0,0.0,0
14:56:20.413,104.179,FOCUSED,100.0,0.247,0.368,0.0,0,0,0.0,0
14:56:20.666,104.432,FOCUSED,100.0,0.263,0.369,0.0,0,0,0.0,0
14:56:21.137,104.903,FOCUSED,100.0,0.273,0.367,0.0,0,0,0.0,0
14:56:21.389,105.155,FOCUSED,100.0,0.276,0.366,0.0,0,0,0.0,0
14:56:21.606,105.373,FOCUSED,100.0,0.285,0.37,0.0,0,0,0.0,0
14:56:21.828,105.594,FOCUSED,100.0,0.286,0.37,0.0,0,0,0.0,0
14:56:22.043,105.808,FOCUSED,100.0,0.274,0.371,0.0,0,0,0.0,0
14:56:22.536,106.302,FOCUSED,100.0,0.282,0.37,0.0,0,0,0.0,0
14:56:22.776,106.542,FOCUSED,100.0,0.276,0.369,0.0,0,0,0.0,0
14:56:23.009,106.775,FOCUSED,100.0,0.279,0.368,0.0,0,0,0.0,0
14:56:23.233,106.999,FOCUSED,100.0,0.284,0.368,0.0,0,0,0.0,0
14:56:23.789,107.555,FOCUSED,100.0,0.274,0.367,0.0,0,0,0.0,0
14:56:24.061,107.827,FOCUSED,100.0,0.273,0.365,0.0,0,0,0.0,0
14:56:24.302,108.068,FOCUSED,100.0,0.27,0.361,0.0,0,0,0.0,0
14:56:24.510,108.276,FOCUSED,100.0,0.271,0.365,0.0,0,0,0.0,0
14:56:24.736,108.502,FOCUSED,100.0,0.266,0.362,0.0,0,0,0.0,0
14:56:25.144,108.91,FOCUSED,100.0,0.259,0.362,0.0,0,0,0.0,0
14:56:25.440,109.206,FOCUSED,100.0,0.258,0.364,0.0,0,0,0.0,0
14:56:25.787,109.554,FOCUSED,100.0,0.259,0.363,0.0,0,0,0.0,0
14:56:26.031,109.797,FOCUSED,100.0,0.246,0.362,0.0,0,0,0.0,0
14:56:26.270,110.036,FOCUSED,100.0,0.284,0.372,0.0,0,0,0.0,0
14:56:26.779,110.544,FOCUSED,100.0,0.283,0.363,0.0,0,0,0.0,0
14:56:27.000,110.766,FOCUSED,100.0,0.278,0.365,0.0,0,0,0.0,0
14:56:27.240,111.006,FOCUSED,100.0,0.275,0.358,0.0,0,0,0.0,0
14:56:27.467,111.233,FOCUSED,100.0,0.287,0.363,0.0,0,0,0.0,0
14:56:27.711,111.477,FOCUSED,100.0,0.292,0.363,0.0,0,0,0.0,0
14:56:28.291,112.056,FOCUSED,100.0,0.292,0.364,0.0,0,0,0.0,0
14:56:28.555,112.321,FOCUSED,100.0,0.297,0.364,0.0,0,0,0.0,0
14:56:28.837,112.602,FOCUSED,100.0,0.264,0.365,0.0,0,0,0.0,0
14:56:29.055,112.821,FOCUSED,100.0,0.25,0.365,0.0,0,0,0.0,0
14:56:29.508,113.274,FOCUSED,100.0,0.257,0.362,0.0,0,0,0.0,0
14:56:29.796,113.561,FOCUSED,100.0,0.255,0.36,0.0,0,0,0.0,0
14:56:30.093,113.858,FOCUSED,100.0,0.264,0.359,0.0,0,0,0.0,0
14:56:30.438,114.204,FOCUSED,100.0,0.264,0.357,0.0,0,0,0.0,0
14:56:30.859,114.625,FOCUSED,100.0,0.267,0.36,0.0,0,0,0.0,0
14:56:31.092,114.858,FOCUSED,100.0,0.271,0.359,0.0,0,0,0.0,0
14:56:31.338,115.103,FOCUSED,100.0,0.276,0.363,0.0,0,0,0.0,0
14:56:31.591,115.357,FOCUSED,100.0,0.279,0.361,0.0,0,0,0.0,0
14:56:31.809,115.574,FOCUSED,100.0,0.281,0.364,0.0,0,0,0.0,0
14:56:32.149,115.915,FOCUSED,100.0,0.27,0.367,0.0,0,0,0.0,0
14:56:32.445,116.211,FOCUSED,100.0,0.285,0.368,0.0,0,0,0.0,0
14:56:32.689,116.455,FOCUSED,100.0,0.289,0.369,0.0,0,0,0.0,0
14:56:32.928,116.694,FOCUSED,100.0,0.28,0.369,0.0,0,0,0.0,0
14:56:33.148,116.914,FOCUSED,100.0,0.283,0.374,0.0,0,0,0.0,0
14:56:33.532,117.298,FOCUSED,100.0,0.281,0.368,0.0,0,0,0.0,0
14:56:33.812,117.578,FOCUSED,100.0,0.284,0.373,0.0,0,0,0.0,0
14:56:34.063,117.829,FOCUSED,100.0,0.293,0.372,0.0,0,0,0.0,0
14:56:34.284,118.049,FOCUSED,100.0,0.294,0.373,0.0,0,0,0.0,0
14:56:34.504,118.27,FOCUSED,100.0,0.292,0.374,0.0,0,0,0.0,0
14:56:34.903,118.669,FOCUSED,100.0,0.286,0.371,0.0,0,0,0.0,0
14:56:35.174,118.94,FOCUSED,100.0,0.29,0.375,0.0,0,0,0.0,0
14:56:35.483,119.249,FOCUSED,100.0,0.289,0.374,0.0,0,0,0.0,0
14:56:35.699,119.464,FOCUSED,100.0,0.29,0.369,0.0,0,0,0.0,0
14:56:35.981,119.747,FOCUSED,100.0,0.292,0.343,0.0,0,0,0.0,0
14:56:36.357,120.123,FOCUSED,100.0,0.295,0.353,0.0,0,0,0.0,0
14:56:36.626,120.391,FOCUSED,100.0,0.29,0.354,0.0,0,0,0.0,0
14:56:36.949,120.715,FOCUSED,100.0,0.278,0.35,0.0,0,0,0.0,0
14:56:37.243,121.009,FOCUSED,100.0,0.285,0.355,0.0,0,0,0.0,0
14:56:37.650,121.415,FOCUSED,100.0,0.294,0.368,0.0,0,0,0.0,0
14:56:37.973,121.739,FOCUSED,100.0,0.299,0.368,0.0,0,0,0.0,0
14:56:38.240,122.006,FOCUSED,100.0,0.3,0.364,0.0,0,0,0.0,0
14:56:38.483,122.249,FOCUSED,100.0,0.294,0.369,0.0,0,0,0.0,0
14:56:38.748,122.514,FOCUSED,100.0,0.295,0.375,0.0,0,0,0.0,0
14:56:39.247,123.012,FOCUSED,100.0,0.3,0.368,0.0,0,0,0.0,0
14:56:39.503,123.269,FOCUSED,100.0,0.297,0.365,0.0,0,0,0.0,0
14:56:39.725,123.491,FOCUSED,100.0,0.291,0.37,0.0,0,0,0.0,0
14:56:39.976,123.741,FOCUSED,100.0,0.304,0.37,0.0,0,0,0.0,0
14:56:40.327,124.093,FOCUSED,100.0,0.291,0.37,0.0,0,0,0.0,0
14:56:40.690,124.456,FOCUSED,100.0,0.291,0.371,0.0,0,0,0.0,0
14:56:40.914,124.68,FOCUSED,100.0,0.291,0.372,0.0,0,0,0.0,0
14:56:41.114,124.88,FOCUSED,100.0,0.286,0.372,0.0,0,0,0.0,0
14:56:41.360,125.125,FOCUSED,100.0,0.137,0.365,0.0,0,0,0.6,0
14:56:41.694,125.459,FOCUSED,100.0,0.296,0.372,0.0,0,0,0.0,0
14:56:42.043,125.809,FOCUSED,100.0,0.292,0.374,0.0,0,0,0.0,0
14:56:42.228,125.994,FOCUSED,100.0,0.296,0.377,0.0,0,0,0.0,0
14:56:42.443,126.209,FOCUSED,100.0,0.295,0.374,0.0,0,0,0.0,0
14:56:42.646,126.412,FOCUSED,100.0,0.306,0.369,0.0,0,0,0.0,0
14:56:42.897,126.662,FOCUSED,100.0,0.309,0.371,0.0,0,0,0.0,0
14:56:43.168,126.934,FOCUSED,100.0,0.307,0.375,0.0,0,0,0.0,0
14:56:43.467,127.233,FOCUSED,100.0,0.312,0.373,0.0,0,0,0.0,0
14:56:43.732,127.498,FOCUSED,100.0,0.316,0.377,0.0,0,0,0.0,0
14:56:43.981,127.747,FOCUSED,100.0,0.305,0.376,0.0,0,0,0.0,0
14:56:44.282,128.048,FOCUSED,100.0,0.307,0.372,0.0,0,0,0.0,0
14:56:44.555,128.321,FOCUSED,100.0,0.302,0.375,0.0,0,0,0.0,0
14:56:44.789,128.556,FOCUSED,100.0,0.296,0.377,0.0,0,0,0.0,0
14:56:44.991,128.756,FOCUSED,100.0,0.302,0.377,0.0,0,0,0.0,0
14:56:45.198,128.964,FOCUSED,100.0,0.296,0.38,0.0,0,0,0.0,0
14:56:45.416,129.182,FOCUSED,100.0,0.295,0.377,0.0,0,0,0.0,0
14:56:45.697,129.463,FOCUSED,100.0,0.295,0.374,0.0,0,0,0.0,0
14:56:46.038,129.804,FOCUSED,100.0,0.299,0.377,0.0,0,0,0.0,0
14:56:46.296,130.062,FOCUSED,100.0,0.3,0.379,0.0,0,0,0.0,0
14:56:46.523,130.289,FOCUSED,100.0,0.308,0.379,0.0,0,0,0.0,0
14:56:46.755,130.521,FOCUSED,100.0,0.303,0.378,0.0,0,0,0.0,0
14:56:47.071,130.836,FOCUSED,100.0,0.305,0.378,0.0,0,0,0.0,0
14:56:47.353,131.119,FOCUSED,100.0,0.3,0.379,0.0,0,0,0.0,0
14:56:47.603,131.369,FOCUSED,100.0,0.298,0.379,0.0,0,0,0.0,0
14:56:47.838,131.604,FOCUSED,100.0,0.299,0.379,0.0,0,0,0.0,0
14:56:48.064,131.83,FOCUSED,100.0,0.3,0.377,0.0,0,0,0.0,0
14:56:48.325,132.09,FOCUSED,100.0,0.275,0.375,0.0,0,0,0.0,0
14:56:48.565,132.331,FOCUSED,100.0,0.281,0.37,0.0,0,0,0.0,0
14:56:48.811,132.576,FOCUSED,100.0,0.281,0.37,0.0,0,0,0.0,0
14:56:49.037,132.802,FOCUSED,100.0,0.285,0.374,0.0,0,0,0.0,0
14:56:49.264,133.029,FOCUSED,100.0,0.286,0.375,0.0,0,0,0.0,0
14:56:49.532,133.298,FOCUSED,100.0,0.286,0.374,0.0,0,0,0.0,0
14:56:49.833,133.599,FOCUSED,100.0,0.286,0.374,0.0,0,0,0.0,0
14:56:50.335,134.1,FOCUSED,100.0,0.284,0.374,0.0,0,0,0.0,0
14:56:50.614,134.38,FOCUSED,100.0,0.283,0.373,0.0,0,0,0.0,0
14:56:50.858,134.624,FOCUSED,100.0,0.284,0.37,0.0,0,0,0.0,0
14:56:51.189,134.955,FOCUSED,100.0,0.072,0.361,0.0,0,0,0.6,0
14:56:51.542,135.307,FOCUSED,100.0,0.257,0.365,0.0,0,0,0.0,0
14:56:51.835,135.601,FOCUSED,100.0,0.261,0.369,0.0,0,0,0.0,0
14:56:52.147,135.912,FOCUSED,100.0,0.258,0.361,0.0,0,0,0.0,0
14:56:52.533,136.299,FOCUSED,100.0,0.258,0.362,0.0,0,0,0.0,0
14:56:52.855,136.621,FOCUSED,100.0,0.16,0.381,0.0,0,0,0.6,0
14:56:53.168,136.934,UNKNOWN,99.84,,,0.0,0,0,0.0,0
14:56:53.501,137.266,FOCUSED,99.84,0.246,0.371,0.0,0,0,0.0,0
14:56:53.849,137.616,FOCUSED,99.84,0.249,0.346,0.0,0,0,0.0,0
14:56:54.198,137.964,FOCUSED,99.84,0.253,0.343,0.0,0,0,0.0,0
14:56:54.490,138.257,FOCUSED,99.84,0.265,0.335,0.0,0,0,0.0,0
14:56:54.875,138.64,FOCUSED,99.84,0.265,0.338,0.0,0,0,0.0,0
14:56:55.145,138.911,FOCUSED,99.84,0.277,0.315,0.0,0,0,0.0,0
14:56:55.410,139.176,FOCUSED,99.84,0.273,0.344,0.0,0,0,0.0,0
14:56:55.707,139.472,FOCUSED,99.84,0.274,0.355,0.0,0,0,0.0,0
14:56:55.940,139.705,FOCUSED,99.84,0.288,0.345,0.0,0,0,0.0,0
14:56:56.210,139.975,FOCUSED,99.84,0.282,0.346,0.0,0,0,0.0,0
14:56:56.553,140.319,FOCUSED,99.84,0.28,0.349,0.0,0,0,0.0,0
14:56:56.848,140.614,FOCUSED,99.84,0.284,0.359,0.0,0,0,0.0,0
14:56:57.162,140.928,FOCUSED,99.84,0.278,0.36,0.0,0,0,0.0,0
14:56:57.394,141.159,FOCUSED,99.84,0.282,0.361,0.0,0,0,0.0,0
14:56:57.647,141.413,FOCUSED,99.84,0.286,0.363,0.0,0,0,0.0,0
14:56:57.973,141.739,FOCUSED,99.84,0.282,0.361,0.0,0,0,0.0,0
14:56:58.271,142.037,FOCUSED,99.84,0.273,0.363,0.0,0,0,0.0,0
14:56:58.546,142.312,FOCUSED,99.84,0.269,0.36,0.0,0,0,0.0,0
14:56:58.754,142.52,FOCUSED,99.84,0.276,0.36,0.0,0,0,0.0,0
14:56:58.984,142.75,FOCUSED,99.84,0.288,0.361,0.0,0,0,0.0,0
14:56:59.386,143.152,FOCUSED,99.84,0.281,0.363,0.0,0,0,0.0,0
14:56:59.657,143.423,FOCUSED,99.84,0.274,0.363,0.0,0,0,0.0,0
14:56:59.994,143.76,FOCUSED,99.84,0.272,0.362,0.0,0,0,0.0,0
14:57:00.507,144.273,FOCUSED,99.84,0.267,0.357,0.0,0,0,0.0,0
14:57:00.833,144.598,FOCUSED,99.84,0.272,0.363,0.0,0,0,0.0,0
14:57:01.150,144.916,FOCUSED,99.84,0.272,0.362,0.0,0,0,0.0,0
14:57:01.472,145.238,FOCUSED,99.84,0.276,0.364,0.0,0,0,0.0,0
14:57:01.728,145.494,FOCUSED,99.84,0.279,0.371,0.0,0,0,0.0,0
14:57:02.008,145.774,FOCUSED,99.84,0.286,0.375,0.0,0,0,0.0,0
14:57:02.258,146.023,FOCUSED,99.84,0.276,0.368,0.0,0,0,0.0,0
14:57:02.621,146.387,FOCUSED,99.84,0.281,0.367,0.0,0,0,0.0,0
14:57:02.919,146.685,FOCUSED,99.84,0.286,0.367,0.0,0,0,0.0,0
14:57:03.154,146.919,FOCUSED,99.84,0.29,0.364,0.0,0,0,0.0,0
14:57:03.414,147.179,FOCUSED,99.84,0.284,0.367,0.0,0,0,0.0,0
14:57:03.784,147.549,FOCUSED,99.84,0.272,0.368,0.0,0,0,0.0,0
14:57:04.125,147.891,FOCUSED,99.84,0.275,0.369,0.0,0,0,0.0,0
14:57:04.366,148.132,FOCUSED,99.84,0.282,0.371,0.0,0,0,0.0,0
14:57:04.637,148.403,FOCUSED,99.84,0.276,0.37,0.0,0,0,0.0,0
14:57:04.936,148.702,FOCUSED,99.84,0.273,0.369,0.0,0,0,0.0,0
14:57:05.373,149.139,FOCUSED,99.84,0.283,0.372,0.0,0,0,0.0,0
14:57:05.648,149.414,FOCUSED,99.84,0.274,0.372,0.0,0,0,0.0,0
14:57:05.916,149.682,FOCUSED,99.84,0.273,0.369,0.0,0,0,0.0,0
14:57:06.293,150.059,FOCUSED,99.84,0.267,0.371,0.0,0,0,0.0,0
14:57:06.551,150.317,FOCUSED,99.84,0.275,0.364,0.0,0,0,0.0,0
14:57:06.830,150.596,FOCUSED,99.84,0.261,0.364,0.0,0,0,0.0,0
14:57:07.087,150.853,FOCUSED,99.84,0.259,0.362,0.0,0,0,0.0,0
14:57:07.645,151.411,FOCUSED,99.84,0.26,0.36,0.0,0,0,0.0,0
14:57:08.470,152.236,FOCUSED,99.84,0.257,0.361,0.0,0,0,0.0,0
14:57:08.937,152.703,FOCUSED,99.84,0.246,0.362,0.0,0,0,0.0,0
14:57:09.572,153.337,FOCUSED,99.84,0.282,0.375,0.0,0,0,0.0,0
14:57:09.916,153.682,FOCUSED,99.84,0.282,0.371,0.0,0,0,0.0,0
14:57:10.600,154.366,FOCUSED,99.84,0.283,0.373,0.0,0,0,0.0,0
14:57:12.069,155.834,FOCUSED,99.84,0.288,0.371,0.0,0,0,0.0,0
14:57:13.720,157.486,FOCUSED,99.84,0.282,0.371,0.0,0,0,0.0,0
14:57:14.076,157.841,FOCUSED,99.84,0.259,0.358,0.0,0,0,0.0,0
14:57:14.219,157.985,FOCUSED,99.84,0.256,0.367,0.0,0,0,0.0,0
14:57:14.392,158.158,FOCUSED,99.84,0.258,0.371,0.0,0,0,0.0,0
14:57:14.525,158.291,FOCUSED,99.84,0.259,0.371,0.0,0,0,0.0,0
14:57:14.811,158.577,FOCUSED,99.84,0.256,0.371,0.0,0,0,0.0,0
14:57:15.057,158.823,FOCUSED,99.84,0.257,0.371,0.0,0,0,0.0,0
14:57:15.381,159.146,FOCUSED,99.84,0.255,0.372,0.0,0,0,0.0,0
14:57:15.644,159.41,FOCUSED,99.84,0.261,0.369,0.0,0,0,0.0,0
14:57:16.035,159.801,FOCUSED,99.84,0.259,0.369,0.0,0,0,0.0,0
14:57:16.266,160.031,FOCUSED,99.84,0.254,0.371,0.0,0,0,0.0,0
14:57:16.527,160.293,FOCUSED,99.84,0.253,0.367,0.0,0,0,0.0,0
14:57:16.823,160.588,FOCUSED,99.84,0.247,0.367,0.0,0,0,0.0,0
14:57:17.079,160.844,FOCUSED,99.84,0.251,0.369,0.0,0,0,0.0,0
14:57:17.533,161.298,FOCUSED,99.84,0.249,0.366,0.0,0,0,0.0,0
14:57:19.290,163.055,FOCUSED,99.84,0.251,0.367,0.0,0,0,0.0,0
14:57:19.708,163.473,FOCUSED,99.84,0.272,0.375,0.0,0,0,0.0,0
14:57:20.880,164.646,FOCUSED,99.84,0.276,0.375,0.0,0,0,0.0,0
14:57:22.556,166.321,FOCUSED,99.84,0.28,0.37,0.0,0,0,0.0,0
14:57:24.868,168.637,FOCUSED,99.84,0.285,0.379,0.0,0,0,0.0,0
14:57:25.862,169.627,FOCUSED,99.84,0.281,0.366,0.0,0,0,0.0,0
14:57:27.354,171.12,FOCUSED,99.84,0.299,0.376,0.0,0,0,0.0,0
14:57:27.894,171.659,FOCUSED,99.84,0.299,0.373,0.0,0,0,0.0,0
14:57:27.988,171.753,FOCUSED,99.84,0.257,0.363,0.0,0,0,0.0,0
14:57:28.071,171.836,FOCUSED,99.84,0.258,0.372,0.0,0,0,0.0,0
14:57:28.155,171.921,FOCUSED,99.84,0.269,0.374,0.0,0,0,0.0,0
14:57:28.249,172.015,FOCUSED,99.84,0.262,0.373,0.0,0,0,0.0,0
14:57:28.316,172.081,FOCUSED,99.84,0.269,0.373,0.0,0,0,0.0,0
14:57:28.381,172.146,FOCUSED,99.84,0.268,0.372,0.0,0,0,0.0,0
14:57:28.441,172.207,FOCUSED,99.84,0.267,0.373,0.0,0,0,0.0,0
14:57:28.507,172.273,FOCUSED,99.84,0.269,0.376,0.0,0,0,0.0,0
14:57:28.569,172.335,FOCUSED,99.84,0.244,0.375,0.0,0,0,0.0,0
14:57:28.628,172.393,FOCUSED,99.84,0.202,0.378,0.0,0,0,0.0,0
14:57:28.687,172.452,FOCUSED,99.84,0.254,0.395,0.0,0,0,0.0,0
14:57:28.755,172.521,FOCUSED,99.84,0.302,0.405,0.0,0,0,0.0,0
14:57:28.818,172.584,FOCUSED,99.84,0.312,0.407,0.0,0,0,0.0,0
14:57:28.884,172.649,FOCUSED,99.84,0.311,0.407,0.0,0,0,0.0,0
14:57:28.993,172.758,FOCUSED,99.84,0.311,0.408,0.0,0,0,0.0,0
14:57:29.077,172.842,FOCUSED,99.84,0.311,0.407,0.0,0,0,0.0,0
14:57:29.184,172.95,FOCUSED,99.84,0.312,0.406,0.0,0,0,0.0,0
14:57:29.276,173.041,FOCUSED,99.84,0.314,0.407,0.0,0,0,0.0,0
14:57:29.373,173.139,FOCUSED,99.84,0.309,0.404,0.0,0,0,0.0,0
14:57:29.506,173.272,FOCUSED,99.84,0.302,0.405,0.0,0,0,0.0,0
14:57:29.589,173.355,FOCUSED,99.84,0.304,0.405,0.0,0,0,0.0,0
14:57:29.664,173.43,FOCUSED,99.84,0.305,0.404,0.0,0,0,0.0,0
14:57:29.743,173.509,FOCUSED,99.84,0.304,0.406,0.0,0,0,0.0,0
14:57:29.815,173.581,FOCUSED,99.84,0.334,0.407,0.0,0,0,0.0,0
14:57:29.887,173.653,FOCUSED,99.84,0.331,0.405,0.0,0,0,0.0,0
14:57:29.961,173.726,FOCUSED,99.84,0.326,0.406,0.0,0,0,0.0,0
14:57:30.031,173.797,FOCUSED,99.84,0.324,0.405,0.0,0,0,0.0,0
14:57:30.108,173.873,FOCUSED,99.84,0.315,0.402,0.0,0,0,0.0,0
14:57:30.177,173.943,FOCUSED,99.84,0.311,0.402,0.0,0,0,0.0,0
14:57:30.261,174.027,FOCUSED,99.84,0.311,0.402,0.0,0,0,0.0,0
14:57:30.328,174.094,FOCUSED,99.84,0.304,0.401,0.0,0,0,0.0,0
14:57:30.400,174.165,FOCUSED,99.84,0.311,0.401,0.0,0,0,0.0,0
14:57:30.475,174.241,FOCUSED,99.84,0.306,0.403,0.0,0,0,0.0,0
14:57:31.216,174.982,FOCUSED,99.84,0.305,0.407,0.0,0,0,0.0,0
14:57:33.376,177.142,FOCUSED,99.84,0.306,0.413,0.0,0,0,0.0,0
14:57:34.753,178.518,FOCUSED,99.84,0.321,0.404,0.0,0,0,0.0,0
14:57:35.821,179.587,FOCUSED,99.84,0.321,0.403,0.0,0,0,0.0,0
14:57:37.689,181.454,FOCUSED,99.84,0.322,0.406,0.0,0,0,0.0,0
14:57:39.466,183.231,FOCUSED,99.84,0.318,0.405,0.0,0,0,0.0,0
14:57:40.115,183.88,FOCUSED,99.84,0.32,0.402,0.0,0,0,0.0,0
14:57:41.122,184.888,FOCUSED,99.84,0.294,0.406,0.0,0,0,0.0,0
14:57:43.841,187.606,FOCUSED,99.84,0.322,0.405,0.0,0,0,0.0,0
14:57:44.813,188.58,FOCUSED,99.84,0.323,0.404,0.0,0,0,0.0,0
14:57:45.123,188.889,FOCUSED,99.84,0.276,0.405,0.0,0,0,0.0,0
14:57:45.495,189.26,FOCUSED,99.84,0.218,0.36,0.0,0,0,0.0,0
14:57:45.758,189.524,FOCUSED,99.84,0.267,0.383,0.0,0,0,0.0,0
14:57:46.223,189.989,FOCUSED,99.84,0.264,0.388,0.0,0,0,0.0,0
14:57:46.482,190.248,FOCUSED,99.84,0.267,0.383,0.0,0,0,0.0,0
14:57:46.793,190.559,FOCUSED,99.84,0.269,0.38,0.0,0,0,0.0,0
14:57:47.059,190.825,FOCUSED,99.84,0.268,0.385,0.0,0,0,0.0,0
14:57:47.627,191.393,FOCUSED,99.84,0.265,0.382,0.0,0,0,0.0,0
14:57:47.881,191.647,FOCUSED,99.84,0.273,0.39,0.0,0,0,0.0,0
14:57:48.150,191.915,FOCUSED,99.84,0.27,0.386,0.0,0,0,0.0,0
14:57:48.522,192.287,FOCUSED,99.84,0.27,0.39,0.0,0,0,0.0,0
14:57:49.122,192.888,FOCUSED,99.84,0.265,0.393,0.0,0,0,0.0,0
14:57:49.367,193.133,FOCUSED,99.84,0.269,0.39,0.0,0,0,0.0,0
14:57:49.603,193.369,FOCUSED,99.84,0.276,0.387,0.0,0,0,0.0,0
14:57:49.827,193.594,FOCUSED,99.84,0.276,0.391,0.0,0,0,0.0,0
14:57:50.189,193.954,FOCUSED,99.84,0.278,0.39,0.0,0,0,0.0,0
14:57:50.575,194.341,FOCUSED,99.84,0.05,0.379,0.0,0,0,0.6,0
14:57:50.861,194.627,FOCUSED,99.84,0.26,0.389,0.0,0,0,0.0,0
14:57:51.104,194.87,FOCUSED,99.84,0.272,0.389,0.0,0,0,0.0,0
14:57:51.376,195.141,FOCUSED,99.84,0.276,0.389,0.0,0,0,0.0,0
14:57:51.853,195.619,FOCUSED,99.84,0.275,0.386,0.0,0,0,0.0,0
14:57:52.076,195.841,FOCUSED,99.84,0.275,0.392,0.0,0,0,0.0,0
14:57:52.301,196.067,FOCUSED,99.84,0.271,0.388,0.0,0,0,0.0,0
14:57:52.522,196.289,FOCUSED,99.84,0.269,0.378,0.0,0,0,0.0,0
14:57:52.728,196.493,FOCUSED,99.84,0.272,0.367,0.0,0,0,0.0,0
14:57:53.018,196.784,FOCUSED,99.84,0.275,0.343,0.0,0,0,0.0,0
14:57:53.281,197.047,FOCUSED,99.84,0.262,0.319,0.0,0,0,0.0,0
14:57:53.606,197.371,FOCUSED,99.84,0.231,0.298,0.0,0,0,0.0,0
14:57:53.859,197.625,FOCUSED,99.84,0.255,0.298,0.0,0,0,0.0,0
14:57:54.091,197.858,FOCUSED,99.84,0.254,0.317,0.0,0,0,0.0,0
14:57:54.430,198.195,FOCUSED,99.84,0.286,0.39,0.0,0,0,0.0,0
14:57:54.660,198.426,FOCUSED,99.84,0.27,0.408,0.0,0,0,0.0,0
14:57:54.894,198.659,FOCUSED,99.84,0.275,0.422,0.0,0,0,0.0,0
14:57:55.108,198.874,FOCUSED,99.84,0.222,0.414,0.0,0,0,0.0,0
14:57:55.330,199.096,FOCUSED,99.84,0.277,0.393,0.0,0,0,0.0,0
14:57:55.665,199.431,FOCUSED,99.84,0.291,0.404,0.0,0,0,0.0,0
14:57:56.009,199.775,FOCUSED,99.84,0.295,0.396,0.0,0,0,0.0,0
14:57:56.209,199.974,FOCUSED,99.84,0.301,0.357,0.0,0,0,0.0,0
14:57:56.498,200.264,FOCUSED,99.84,0.281,0.343,0.0,0,0,0.0,0
14:57:56.761,200.527,FOCUSED,99.84,0.3,0.339,0.0,0,0,0.0,0
14:57:57.102,200.867,FOCUSED,99.84,0.282,0.344,0.0,0,0,0.0,0
14:57:57.394,201.16,FOCUSED,99.84,0.259,0.36,0.0,0,0,0.0,0
14:57:58.079,201.844,FOCUSED,99.84,0.309,0.346,0.0,0,0,0.0,0
14:57:58.428,202.193,FOCUSED,99.84,0.264,0.331,0.0,0,0,0.0,0
14:57:59.115,202.88,UNKNOWN,99.5,,,0.0,0,0,0.0,0
14:57:59.588,203.354,FOCUSED,99.5,0.261,0.331,0.0,0,0,0.0,0
14:57:59.972,203.737,FOCUSED,99.5,0.27,0.424,0.0,0,0,0.0,0
14:58:00.317,204.083,FOCUSED,99.5,0.275,0.448,0.0,0,0,0.0,0
14:58:00.508,204.274,FOCUSED,99.5,0.238,0.378,0.0,0,0,0.0,0
14:58:00.827,204.593,FOCUSED,99.5,0.443,0.36,0.0,0,0,0.0,0
14:58:01.084,204.85,FOCUSED,99.5,0.284,0.393,0.0,0,0,0.0,0
14:58:01.326,205.092,FOCUSED,99.5,0.303,0.444,0.0,0,0,0.0,0
14:58:01.594,205.359,FOCUSED,99.5,0.281,0.382,0.0,0,0,0.0,0
14:58:01.808,205.574,FOCUSED,99.5,0.287,0.325,0.0,0,0,0.0,0
14:58:02.037,205.802,FOCUSED,99.5,0.274,0.355,0.0,0,0,0.0,0
14:58:02.313,206.079,FOCUSED,99.5,0.272,0.334,0.0,0,0,0.0,0
14:58:02.735,206.501,FOCUSED,99.5,0.229,0.34,0.657,1,0,0.0,0
14:58:03.039,206.805,FOCUSED,99.5,0.061,0.373,0.0,0,0,0.6,0
14:58:03.260,207.027,FOCUSED,99.5,0.201,0.524,0.0,0,0,0.6,0
14:58:03.578,207.343,FOCUSED,99.5,0.241,0.479,0.0,0,0,0.0,0
14:58:03.876,207.642,FOCUSED,99.5,0.211,0.32,0.392,1,0,0.0,0
14:58:04.161,207.927,FOCUSED,99.5,0.156,0.274,0.0,0,0,0.6,0
14:58:04.442,208.208,FOCUSED,99.5,0.131,0.293,0.0,0,0,0.6,0
14:58:04.763,208.528,FOCUSED,99.5,0.071,0.322,0.0,0,0,0.6,0
14:58:05.087,208.852,FOCUSED,99.5,0.06,0.353,0.0,0,0,0.6,0
14:58:05.396,209.162,FOCUSED,99.5,0.076,0.363,0.0,0,0,0.6,0
14:58:05.702,209.467,FOCUSED,99.5,0.034,0.341,0.0,0,0,0.6,0
14:58:05.956,209.722,FOCUSED,99.5,0.261,0.345,0.0,0,0,0.0,0
14:58:06.217,209.983,FOCUSED,99.5,0.256,0.333,0.0,0,0,0.0,0
14:58:06.494,210.26,FOCUSED,99.5,0.259,0.327,0.0,0,0,0.0,0
14:58:06.776,210.542,FOCUSED,99.5,0.263,0.343,0.0,0,0,0.0,0
14:58:07.082,210.847,FOCUSED,99.5,0.256,0.339,0.0,0,0,0.0,0
14:58:07.359,211.124,FOCUSED,99.5,0.263,0.368,0.0,0,0,0.0,0
14:58:07.703,211.469,FOCUSED,99.5,0.258,0.384,0.0,0,0,0.0,0
14:58:07.990,211.756,FOCUSED,99.5,0.262,0.371,0.0,0,0,0.0,0
14:58:08.303,212.069,FOCUSED,99.5,0.264,0.382,0.0,0,0,0.0,0
14:58:08.578,212.343,FOCUSED,99.5,0.259,0.386,0.0,0,0,0.0,0
14:58:08.870,212.636,FOCUSED,99.5,0.263,0.379,0.0,0,0,0.0,0
14:58:09.335,213.101,FOCUSED,99.5,0.23,0.367,0.0,0,0,0.0,0
14:58:09.654,213.419,FOCUSED,99.5,0.285,0.363,0.0,0,0,0.0,0
14:58:09.918,213.683,FOCUSED,99.5,0.271,0.383,0.0,0,0,0.0,0
14:58:10.163,213.928,FOCUSED,99.5,0.285,0.388,0.0,0,0,0.0,0
14:58:10.408,214.174,FOCUSED,99.5,0.281,0.366,0.0,0,0,0.0,0
14:58:10.635,214.4,FOCUSED,99.5,0.285,0.364,0.0,0,0,0.0,0
14:58:10.950,214.716,FOCUSED,99.5,0.305,0.363,0.0,0,0,0.0,0
14:58:11.228,214.994,FOCUSED,99.5,0.258,0.37,0.0,0,0,0.0,0
14:58:11.514,215.28,FOCUSED,99.5,0.253,0.394,0.0,0,0,0.0,0
14:58:11.769,215.535,FOCUSED,99.5,0.261,0.367,0.0,0,0,0.0,0
14:58:11.989,215.755,FOCUSED,99.5,0.249,0.341,0.0,0,0,0.0,0
14:58:12.221,215.988,FOCUSED,99.5,0.268,0.335,0.0,0,0,0.0,0
14:58:12.474,216.24,FOCUSED,99.5,0.262,0.348,0.0,0,0,0.0,0
14:58:12.689,216.454,FOCUSED,99.5,0.263,0.342,0.0,0,0,0.0,0
14:58:12.922,216.688,FOCUSED,99.5,0.256,0.322,0.0,0,0,0.0,0
14:58:13.173,216.939,FOCUSED,99.5,0.269,0.361,0.0,0,0,0.0,0
14:58:13.519,217.284,FOCUSED,99.5,0.242,0.355,0.0,0,0,0.0,0
14:58:14.548,218.313,FOCUSED,99.5,0.246,0.344,0.0,0,0,0.0,0
14:58:14.815,218.58,FOCUSED,99.5,0.256,0.345,0.0,0,0,0.0,0
14:58:15.123,218.889,FOCUSED,99.5,0.264,0.348,0.0,0,0,0.0,0
14:58:15.492,219.258,FOCUSED,99.5,0.269,0.351,0.0,0,0,0.0,0
14:58:15.884,219.65,FOCUSED,99.5,0.257,0.354,0.0,0,0,0.0,0
14:58:16.135,219.9,FOCUSED,99.5,0.262,0.349,0.0,0,0,0.0,0
14:58:16.381,220.147,FOCUSED,99.5,0.269,0.347,0.0,0,0,0.0,0
14:58:16.599,220.364,FOCUSED,99.5,0.257,0.345,0.0,0,0,0.0,0
14:58:16.871,220.637,FOCUSED,99.5,0.258,0.348,0.0,0,0,0.0,0
14:58:17.124,220.889,FOCUSED,99.5,0.26,0.348,0.0,0,0,0.0,0
14:58:17.365,221.131,FOCUSED,99.5,0.26,0.351,0.0,0,0,0.0,0
14:58:17.581,221.347,FOCUSED,99.5,0.248,0.358,0.0,0,0,0.0,0
14:58:17.795,221.561,FOCUSED,99.5,0.258,0.36,0.0,0,0,0.0,0
14:58:18.080,221.845,FOCUSED,99.5,0.246,0.358,0.0,0,0,0.0,0
14:58:18.315,222.08,FOCUSED,99.5,0.25,0.36,0.0,0,0,0.0,0
14:58:18.543,222.309,FOCUSED,99.5,0.245,0.363,0.0,0,0,0.0,0
14:58:18.767,222.533,FOCUSED,99.5,0.253,0.363,0.0,0,0,0.0,0
14:58:18.998,222.764,FOCUSED,99.5,0.249,0.359,0.0,0,0,0.0,0
14:58:19.119,222.885,FOCUSED,99.5,0.248,0.359,0.0,0,0,0.0,0
14:58:19.247,223.013,FOCUSED,99.5,0.252,0.361,0.0,0,0,0.0,0
14:58:19.368,223.133,FOCUSED,99.5,0.248,0.36,0.0,0,0,0.0,0
14:58:19.513,223.279,FOCUSED,99.5,0.251,0.361,0.0,0,0,0.0,0
14:58:19.810,223.576,FOCUSED,99.5,0.259,0.363,0.0,0,0,0.0,0
14:58:20.043,223.808,FOCUSED,99.5,0.259,0.361,0.0,0,0,0.0,0
14:58:20.309,224.075,FOCUSED,99.5,0.258,0.359,0.0,0,0,0.0,0
14:58:20.614,224.38,FOCUSED,99.5,0.266,0.359,0.0,0,0,0.0,0
14:58:20.913,224.68,FOCUSED,99.5,0.273,0.362,0.0,0,0,0.0,0
14:58:21.181,224.946,FOCUSED,99.5,0.267,0.361,0.0,0,0,0.0,0
14:58:21.473,225.239,FOCUSED,99.5,0.272,0.358,0.0,0,0,0.0,0
14:58:21.760,225.527,FOCUSED,99.5,0.274,0.358,0.0,0,0,0.0,0
14:58:22.082,225.848,FOCUSED,99.5,0.033,0.348,0.0,0,0,0.6,0
14:58:22.452,226.217,FOCUSED,99.5,0.263,0.356,0.0,0,0,0.0,0
14:58:22.781,226.547,FOCUSED,99.5,0.282,0.36,0.0,0,0,0.0,0
14:58:23.086,226.852,FOCUSED,99.5,0.272,0.36,0.0,0,0,0.0,0
14:58:23.463,227.229,FOCUSED,99.5,0.278,0.364,0.0,0,0,0.0,0
14:58:23.855,227.621,FOCUSED,99.5,0.275,0.362,0.0,0,0,0.0,0
14:58:24.160,227.926,FOCUSED,99.5,0.275,0.37,0.0,0,0,0.0,0
14:58:24.414,228.179,FOCUSED,99.5,0.276,0.365,0.0,0,0,0.0,0
14:58:24.715,228.481,FOCUSED,99.5,0.266,0.371,0.0,0,0,0.0,0
14:58:25.033,228.798,FOCUSED,99.5,0.274,0.365,0.0,0,0,0.0,0
14:58:25.301,229.067,FOCUSED,99.5,0.275,0.365,0.0,0,0,0.0,0
14:58:25.543,229.308,FOCUSED,99.5,0.265,0.363,0.0,0,0,0.0,0
14:58:25.772,229.538,FOCUSED,99.5,0.272,0.367,0.0,0,0,0.0,0
14:58:25.984,229.75,FOCUSED,99.5,0.274,0.365,0.0,0,0,0.0,0
14:58:26.230,229.996,FOCUSED,99.5,0.271,0.361,0.0,0,0,0.0,0
14:58:26.484,230.25,FOCUSED,99.5,0.268,0.366,0.0,0,0,0.0,0
14:58:26.721,230.487,FOCUSED,99.5,0.268,0.364,0.0,0,0,0.0,0
14:58:27.035,230.801,FOCUSED,99.5,0.266,0.366,0.0,0,0,0.0,0
14:58:27.251,231.017,FOCUSED,99.5,0.27,0.365,0.0,0,0,0.0,0
14:58:27.510,231.276,FOCUSED,99.5,0.26,0.363,0.0,0,0,0.0,0
14:58:27.849,231.615,FOCUSED,99.5,0.258,0.364,0.0,0,0,0.0,0
14:58:28.082,231.847,FOCUSED,99.5,0.259,0.366,0.0,0,0,0.0,0
14:58:28.339,232.105,FOCUSED,99.5,0.261,0.368,0.0,0,0,0.0,0
14:58:28.599,232.365,FOCUSED,99.5,0.256,0.367,0.0,0,0,0.0,0
14:58:29.575,233.341,FOCUSED,99.5,0.252,0.364,0.0,0,0,0.0,0
14:58:30.190,233.956,FOCUSED,99.5,0.25,0.366,0.0,0,0,0.0,0
14:58:31.292,235.058,FOCUSED,99.5,0.246,0.374,0.0,0,0,0.0,0
14:58:33.209,236.975,FOCUSED,99.5,0.298,0.381,0.0,0,0,0.0,0
14:58:34.508,238.274,FOCUSED,99.5,0.297,0.378,0.0,0,0,0.0,0
14:58:35.814,239.58,FOCUSED,99.5,0.3,0.376,0.0,0,0,0.0,0
14:58:37.864,241.63,FOCUSED,99.5,0.282,0.371,0.0,0,0,0.0,0
14:58:39.224,242.99,FOCUSED,99.5,0.308,0.372,0.0,0,0,0.0,0
14:58:40.325,244.091,FOCUSED,99.5,0.292,0.371,0.0,0,0,0.0,0
14:58:41.173,244.939,FOCUSED,99.5,0.287,0.375,0.0,0,0,0.0,0
14:58:42.485,246.25,FOCUSED,99.5,0.285,0.38,0.0,0,0,0.0,0
14:58:44.010,247.776,FOCUSED,99.5,0.286,0.377,0.0,0,0,0.0,0
14:58:44.887,248.654,FOCUSED,99.5,0.286,0.381,0.0,0,0,0.0,0
14:58:45.875,249.64,FOCUSED,99.5,0.312,0.381,0.0,0,0,0.0,0
14:58:47.712,251.478,FOCUSED,99.5,0.289,0.378,0.0,0,0,0.0,0
14:58:49.617,253.383,FOCUSED,99.5,0.299,0.382,0.0,0,0,0.0,0
14:58:51.563,255.329,FOCUSED,99.5,0.272,0.374,0.0,0,0,0.0,0
14:58:54.358,258.124,FOCUSED,99.5,0.27,0.378,0.0,0,0,0.0,0
14:58:56.455,260.221,FOCUSED,99.5,0.058,0.364,0.0,0,0,0.6,0
14:58:59.129,262.895,FOCUSED,99.5,0.274,0.384,0.0,0,0,0.0,0
14:59:01.564,265.33,FOCUSED,99.5,0.277,0.383,0.0,0,0,0.0,0
14:59:04.644,268.41,FOCUSED,99.5,0.292,0.384,0.0,0,0,0.0,0
14:59:07.269,271.034,FOCUSED,99.5,0.294,0.388,0.0,0,0,0.0,0
14:59:09.769,273.534,FOCUSED,99.5,0.268,0.387,0.0,0,0,0.0,0
14:59:11.452,275.218,FOCUSED,99.5,0.276,0.376,0.0,0,0,0.0,0
14:59:13.942,277.707,FOCUSED,99.5,0.252,0.392,0.0,0,0,0.0,0
14:59:14.434,278.2,FOCUSED,99.5,0.249,0.395,0.0,0,0,0.0,0
14:59:14.735,278.5,FOCUSED,99.5,0.256,0.373,0.0,0,0,0.0,0
14:59:15.405,279.171,FOCUSED,99.5,0.239,0.375,0.0,0,0,0.0,0
14:59:15.708,279.474,FOCUSED,99.5,0.031,0.338,0.0,0,0,0.6,0
14:59:16.033,279.798,FOCUSED,99.5,0.232,0.343,0.0,0,0,0.0,0
14:59:16.325,280.091,FOCUSED,99.5,0.251,0.357,0.0,0,0,0.0,0
14:59:16.875,280.64,FOCUSED,99.5,0.251,0.359,0.0,0,0,0.0,0
14:59:17.199,280.964,FOCUSED,99.5,0.253,0.364,0.0,0,0,0.0,0
14:59:17.906,281.672,FOCUSED,99.5,0.252,0.36,0.0,0,0,0.0,0
14:59:18.635,282.401,FOCUSED,99.5,0.256,0.372,0.0,0,0,0.0,0
14:59:19.175,282.941,FOCUSED,99.5,0.253,0.376,0.0,0,0,0.0,0
14:59:19.642,283.407,FOCUSED,99.5,0.25,0.375,0.0,0,0,0.0,0
14:59:19.944,283.71,FOCUSED,99.5,0.269,0.373,0.0,0,0,0.0,0
14:59:20.302,284.068,FOCUSED,99.5,0.271,0.373,0.0,0,0,0.0,0
14:59:20.903,284.668,FOCUSED,99.5,0.263,0.368,0.0,0,0,0.0,0
14:59:21.164,284.93,FOCUSED,99.5,0.243,0.366,0.0,0,0,0.0,0
14:59:21.527,285.293,FOCUSED,99.5,0.255,0.356,0.0,0,0,0.0,0
14:59:21.896,285.662,FOCUSED,99.5,0.248,0.32,0.0,0,0,0.0,0
14:59:22.582,286.348,FOCUSED,99.5,0.241,0.374,0.0,0,0,0.0,0
14:59:22.941,286.707,FOCUSED,99.5,0.262,0.331,0.0,0,0,0.0,0
14:59:23.334,287.1,FOCUSED,99.5,0.202,0.327,0.0,0,0,0.0,0
14:59:23.973,287.738,FOCUSED,99.5,0.179,0.324,0.0,0,0,0.6,0
14:59:24.371,288.137,FOCUSED,99.5,0.25,0.336,0.0,0,0,0.0,0
14:59:24.689,288.454,FOCUSED,99.5,0.267,0.354,0.0,0,0,0.0,0
14:59:25.329,289.095,FOCUSED,99.5,0.175,0.343,0.0,0,0,0.6,0
14:59:25.568,289.334,FOCUSED,99.5,0.173,0.339,0.0,0,0,0.6,0
14:59:25.848,289.614,FOCUSED,99.5,0.242,0.361,0.0,0,0,0.0,0
14:59:26.913,290.679,FOCUSED,99.5,0.238,0.368,0.0,0,0,0.0,0
14:59:27.223,290.989,FOCUSED,99.5,0.188,0.314,0.0,0,0,0.0,0
14:59:27.554,291.32,FOCUSED,99.5,0.222,0.272,0.0,0,0,0.0,0
14:59:28.011,291.777,FOCUSED,99.5,0.227,0.278,0.0,0,0,0.0,0
14:59:28.443,292.209,FOCUSED,99.5,0.231,0.302,0.0,0,0,0.0,0
14:59:28.730,292.496,FOCUSED,99.5,0.241,0.342,0.0,0,0,0.0,0
14:59:29.041,292.807,FOCUSED,99.5,0.235,0.321,0.0,0,0,0.0,0
14:59:29.573,293.339,FOCUSED,99.5,0.247,0.335,0.0,0,0,0.0,0
14:59:30.018,293.784,FOCUSED,99.5,0.24,0.348,0.0,0,0,0.0,0
14:59:31.059,294.825,FOCUSED,99.5,0.244,0.341,0.0,0,0,0.0,0
14:59:31.438,295.203,FOCUSED,99.5,0.25,0.338,0.0,0,0,0.0,0
14:59:31.701,295.467,FOCUSED,99.5,0.264,0.339,0.0,0,0,0.0,0
14:59:32.121,295.887,FOCUSED,99.5,0.26,0.336,0.0,0,0,0.0,0
14:59:32.923,296.689,FOCUSED,99.5,0.261,0.344,0.0,0,0,0.0,0
14:59:33.160,296.926,FOCUSED,99.5,0.264,0.34,0.0,0,0,0.0,0
14:59:33.425,297.191,FOCUSED,99.5,0.248,0.345,0.0,0,0,0.0,0
14:59:33.742,297.507,FOCUSED,99.5,0.258,0.338,0.0,0,0,0.0,0
14:59:34.387,298.153,FOCUSED,99.5,0.261,0.339,0.0,0,0,0.0,0
14:59:34.640,298.406,FOCUSED,99.5,0.257,0.338,0.0,0,0,0.0,0
14:59:34.890,298.655,FOCUSED,99.5,0.258,0.336,0.0,0,0,0.0,0
14:59:35.118,298.883,FOCUSED,99.5,0.258,0.335,0.0,0,0,0.0,0
14:59:35.608,299.373,FOCUSED,99.5,0.252,0.335,0.0,0,0,0.0,0
14:59:35.912,299.677,FOCUSED,99.5,0.26,0.334,0.0,0,0,0.0,0
14:59:36.165,299.93,FOCUSED,99.5,0.254,0.338,0.0,0,0,0.0,0
14:59:36.401,300.167,FOCUSED,99.5,0.24,0.337,0.0,0,0,0.0,0
14:59:36.704,300.47,FOCUSED,99.5,0.245,0.336,0.0,0,0,0.0,0
14:59:37.453,301.218,FOCUSED,99.5,0.251,0.333,0.0,0,0,0.0,0
14:59:37.875,301.64,FOCUSED,99.5,0.248,0.334,0.0,0,0,0.0,0
14:59:38.246,302.012,FOCUSED,99.5,0.241,0.332,0.0,0,0,0.0,0
14:59:38.611,302.377,FOCUSED,99.5,0.227,0.336,0.0,0,0,0.0,0
14:59:38.843,302.608,FOCUSED,99.5,0.234,0.345,0.0,0,0,0.0,0
14:59:39.058,302.823,FOCUSED,99.5,0.228,0.344,0.0,0,0,0.0,0
14:59:39.301,303.067,FOCUSED,99.5,0.115,0.338,0.0,0,0,0.6,0
14:59:39.812,303.578,FOCUSED,99.5,0.226,0.345,0.0,0,0,0.0,0
14:59:40.071,303.836,FOCUSED,99.5,0.235,0.347,0.0,0,0,0.0,0
14:59:40.344,304.11,FOCUSED,99.5,0.271,0.349,0.0,0,0,0.0,0
14:59:40.569,304.334,FOCUSED,99.5,0.256,0.351,0.0,0,0,0.0,0
14:59:40.833,304.599,FOCUSED,99.5,0.252,0.353,0.0,0,0,0.0,0
14:59:41.266,305.032,FOCUSED,99.5,0.265,0.349,0.0,0,0,0.0,0
14:59:41.664,305.429,FOCUSED,99.5,0.279,0.358,0.0,0,0,0.0,0
14:59:41.958,305.724,FOCUSED,99.5,0.258,0.351,0.0,0,0,0.0,0
14:59:42.417,306.183,FOCUSED,99.5,0.251,0.354,0.0,0,0,0.0,0
14:59:42.790,306.556,FOCUSED,99.5,0.247,0.351,0.0,0,0,0.0,0
14:59:43.898,307.663,FOCUSED,99.5,0.243,0.348,0.0,0,0,0.0,0
14:59:44.362,308.128,FOCUSED,99.5,0.246,0.348,0.0,0,0,0.0,0
14:59:45.543,309.309,FOCUSED,99.5,0.266,0.34,0.0,0,0,0.0,0
14:59:45.961,309.727,FOCUSED,99.5,0.27,0.365,0.0,0,0,0.0,0
14:59:46.303,310.07,FOCUSED,99.5,0.294,0.351,0.0,0,0,0.0,0
14:59:46.813,310.579,FOCUSED,99.5,0.251,0.336,0.0,0,0,0.0,0
14:59:47.168,310.934,FOCUSED,99.5,0.254,0.35,0.0,0,0,0.0,0
14:59:47.443,311.208,FOCUSED,99.5,0.258,0.342,0.0,0,0,0.0,0
14:59:47.716,311.481,FOCUSED,99.5,0.259,0.353,0.0,0,0,0.0,0
14:59:48.121,311.887,FOCUSED,99.5,0.263,0.349,0.0,0,0,0.0,0
14:59:48.475,312.24,FOCUSED,99.5,0.262,0.349,0.0,0,0,0.0,0
14:59:48.721,312.486,FOCUSED,99.5,0.257,0.356,0.0,0,0,0.0,0
14:59:49.780,313.545,FOCUSED,99.5,0.26,0.353,0.0,0,0,0.0,0
14:59:50.304,314.07,FOCUSED,99.5,0.267,0.356,0.0,0,0,0.0,0
14:59:50.563,314.328,FOCUSED,99.5,0.252,0.362,0.0,0,0,0.0,0
14:59:50.792,314.558,FOCUSED,99.5,0.249,0.353,0.0,0,0,0.0,0
14:59:51.109,314.875,FOCUSED,99.5,0.262,0.356,0.0,0,0,0.0,0
14:59:51.463,315.229,FOCUSED,99.5,0.256,0.36,0.0,0,0,0.0,0
14:59:51.712,315.478,FOCUSED,99.5,0.25,0.36,0.0,0,0,0.0,0
14:59:51.948,315.714,FOCUSED,99.5,0.258,0.359,0.0,0,0,0.0,0
14:59:52.117,315.883,FOCUSED,99.5,0.043,0.354,0.0,0,0,0.6,0
14:59:52.273,316.039,FOCUSED,99.5,0.251,0.364,0.0,0,0,0.0,0
14:59:52.437,316.203,FOCUSED,99.5,0.265,0.362,0.0,0,0,0.0,0
14:59:52.689,316.455,FOCUSED,99.5,0.255,0.361,0.0,0,0,0.0,0
14:59:52.937,316.703,FOCUSED,99.5,0.255,0.36,0.0,0,0,0.0,0
14:59:53.164,316.93,FOCUSED,99.5,0.259,0.362,0.0,0,0,0.0,0
14:59:53.400,317.166,FOCUSED,99.5,0.248,0.359,0.0,0,0,0.0,0
14:59:53.684,317.45,FOCUSED,99.5,0.25,0.353,0.0,0,0,0.0,0
14:59:54.166,317.932,FOCUSED,99.5,0.252,0.351,0.0,0,0,0.0,0
14:59:54.467,318.233,FOCUSED,99.5,0.25,0.352,0.0,0,0,0.0,0
14:59:54.772,318.538,FOCUSED,99.5,0.254,0.354,0.0,0,0,0.0,0
14:59:55.033,318.798,FOCUSED,99.5,0.252,0.352,0.0,0,0,0.0,0
14:59:55.449,319.215,FOCUSED,99.5,0.248,0.35,0.0,0,0,0.0,0
14:59:55.757,319.523,FOCUSED,99.5,0.25,0.35,0.0,0,0,0.0,0
14:59:57.718,321.484,FOCUSED,99.5,0.261,0.354,0.0,0,0,0.0,0
14:59:58.791,322.556,FOCUSED,99.5,0.279,0.355,0.0,0,0,0.0,0
14:59:59.330,323.097,FOCUSED,99.5,0.298,0.359,0.0,0,0,0.0,0
15:00:00.247,324.012,FOCUSED,99.5,0.292,0.351,0.0,0,0,0.0,0
15:00:01.631,325.396,FOCUSED,99.5,0.283,0.357,0.0,0,0,0.0,0
15:00:04.207,327.972,FOCUSED,99.5,0.296,0.356,0.0,0,0,0.0,0
15:00:06.223,329.989,FOCUSED,99.5,0.281,0.355,0.0,0,0,0.0,0
15:00:08.942,332.708,FOCUSED,99.5,0.083,0.359,0.0,0,0,0.6,0
15:00:10.429,334.195,FOCUSED,99.5,0.281,0.35,0.0,0,0,0.0,0
15:00:12.464,336.23,FOCUSED,99.5,0.285,0.321,0.0,0,0,0.0,0
15:00:15.502,339.268,FOCUSED,99.5,0.293,0.293,0.0,0,0,0.0,0
15:00:18.251,342.017,FOCUSED,99.5,0.243,0.3,0.0,0,0,0.0,0
15:00:20.551,344.317,FOCUSED,99.5,0.286,0.303,0.0,0,0,0.0,0
15:00:22.858,346.623,FOCUSED,99.5,0.267,0.306,0.0,0,0,0.0,0
15:00:25.660,349.426,FOCUSED,99.5,0.284,0.308,0.0,0,0,0.0,0
15:00:27.831,351.597,FOCUSED,99.5,0.292,0.309,0.0,0,0,0.0,0
15:00:29.966,353.732,FOCUSED,99.5,0.291,0.318,0.0,0,0,0.0,0
15:00:32.873,356.638,FOCUSED,99.5,0.263,0.32,0.0,0,0,0.0,0
15:00:35.342,359.108,FOCUSED,99.5,0.254,0.307,0.0,0,0,0.0,0
15:00:37.926,361.692,FOCUSED,99.5,0.298,0.319,0.0,0,0,0.0,0
15:00:40.042,363.808,UNKNOWN,99.45,,,0.0,0,0,0.0,0
15:00:42.657,366.422,FOCUSED,99.45,0.296,0.387,0.0,0,0,0.0,0
15:00:44.690,368.456,FOCUSED,99.45,0.311,0.366,0.0,0,0,0.0,0
15:00:46.376,370.142,FOCUSED,99.45,0.034,0.349,0.0,0,0,0.6,0
15:00:47.290,371.055,FOCUSED,99.45,0.24,0.346,0.0,0,0,0.0,0
15:00:48.476,372.242,FOCUSED,99.45,0.284,0.346,0.0,0,0,0.0,0
15:00:49.028,372.794,FOCUSED,99.45,0.286,0.357,0.0,0,0,0.0,0
15:00:51.206,374.972,FOCUSED,99.45,0.226,0.308,0.0,0,0,0.0,0
15:00:53.299,377.065,FOCUSED,99.45,0.251,0.354,0.0,0,0,0.0,0
15:00:55.320,379.085,UNKNOWN,99.4,,,0.0,0,0,0.0,0
15:00:57.021,380.786,FOCUSED,99.4,0.282,0.318,0.0,0,0,0.0,0
15:00:57.127,380.893,FOCUSED,99.4,0.277,0.363,0.0,0,0,0.0,0
15:00:57.205,380.97,FOCUSED,99.4,0.264,0.376,0.0,0,0,0.0,0
15:00:57.285,381.051,FOCUSED,99.4,0.281,0.393,0.0,0,0,0.0,0
15:00:57.367,381.134,FOCUSED,99.4,0.278,0.393,0.0,0,0,0.0,0
15:00:57.450,381.216,FOCUSED,99.4,0.273,0.401,0.0,0,0,0.0,0
15:00:57.517,381.283,FOCUSED,99.4,0.235,0.403,0.0,0,0,0.0,0
15:00:57.587,381.353,FOCUSED,99.4,0.147,0.405,0.0,0,0,0.6,0
15:00:57.651,381.416,FOCUSED,99.4,0.267,0.415,0.0,0,0,0.0,0
15:00:57.711,381.477,FOCUSED,99.4,0.292,0.419,0.0,0,0,0.0,0
15:00:57.774,381.54,FOCUSED,99.4,0.296,0.42,0.0,0,0,0.0,0
15:00:57.838,381.603,FOCUSED,99.4,0.295,0.42,0.0,0,0,0.0,0
15:00:57.895,381.661,FOCUSED,99.4,0.295,0.421,0.0,0,0,0.0,0
15:00:57.957,381.723,FOCUSED,99.4,0.294,0.42,0.0,0,0,0.0,0
15:00:58.018,381.784,FOCUSED,99.4,0.297,0.419,0.0,0,0,0.0,0
15:00:58.081,381.847,FOCUSED,99.4,0.297,0.416,0.0,0,0,0.0,0
15:00:58.145,381.91,FOCUSED,99.4,0.292,0.415,0.0,0,0,0.0,0
15:00:58.206,381.972,FOCUSED,99.4,0.296,0.414,0.0,0,0,0.0,0
15:00:58.275,382.041,FOCUSED,99.4,0.3,0.411,0.0,0,0,0.0,0
15:00:58.339,382.105,FOCUSED,99.4,0.299,0.41,0.0,0,0,0.0,0
15:00:58.413,382.179,FOCUSED,99.4,0.294,0.413,0.0,0,0,0.0,0
15:00:58.480,382.246,FOCUSED,99.4,0.282,0.412,0.0,0,0,0.0,0
15:00:58.555,382.321,FOCUSED,99.4,0.218,0.434,0.0,0,0,0.0,0
15:00:58.632,382.398,FOCUSED,99.4,0.34,0.465,0.0,0,0,0.0,0
15:00:58.707,382.473,FOCUSED,99.4,0.322,0.467,0.0,0,0,0.0,0
15:00:58.782,382.548,FOCUSED,99.4,0.149,0.442,0.0,0,0,0.6,0
15:00:58.862,382.628,FOCUSED,99.4,0.277,0.446,0.0,0,0,0.0,0
15:00:58.941,382.707,FOCUSED,99.4,0.314,0.444,0.0,0,0,0.0,0
15:00:59.018,382.784,FOCUSED,99.4,0.322,0.445,0.0,0,0,0.0,0
15:00:59.092,382.857,FOCUSED,99.4,0.271,0.477,0.0,0,0,0.0,0
15:00:59.165,382.931,FOCUSED,99.4,0.27,0.481,0.0,0,0,0.0,0
15:00:59.253,383.019,FOCUSED,99.4,0.303,0.481,0.0,0,0,0.0,0
15:00:59.317,383.082,FOCUSED,99.4,0.306,0.483,0.0,0,0,0.0,0
15:00:59.410,383.175,FOCUSED,99.4,0.316,0.494,0.0,0,0,0.0,0
15:00:59.474,383.24,FOCUSED,99.4,0.332,0.497,0.0,0,0,0.0,0
15:00:59.554,383.32,FOCUSED,99.4,0.325,0.506,0.0,0,0,0.0,0
15:00:59.655,383.42,FOCUSED,99.4,0.304,0.495,0.0,0,0,0.0,0
15:00:59.731,383.497,FOCUSED,99.4,0.288,0.49,0.0,0,0,0.0,0
15:00:59.821,383.586,FOCUSED,99.4,0.29,0.479,0.0,0,0,0.0,0
15:00:59.911,383.677,FOCUSED,99.4,0.286,0.468,0.0,0,0,0.0,0
15:00:59.996,383.763,FOCUSED,99.4,0.286,0.475,0.0,0,0,0.0,0
15:01:00.072,383.837,FOCUSED,99.4,0.284,0.485,0.0,0,0,0.0,0
15:01:00.164,383.929,FOCUSED,99.4,0.281,0.478,0.0,0,0,0.0,0
15:01:00.239,384.004,FOCUSED,99.4,0.263,0.463,0.0,0,0,0.0,0
15:01:00.327,384.093,FOCUSED,99.4,0.268,0.46,0.0,0,0,0.0,0
15:01:00.406,384.171,FOCUSED,99.4,0.273,0.448,0.0,0,0,0.0,0
15:01:00.504,384.269,FOCUSED,99.4,0.278,0.443,0.0,0,0,0.0,0
15:01:00.587,384.353,FOCUSED,99.4,0.283,0.441,0.0,0,0,0.0,0
15:01:00.709,384.474,FOCUSED,99.4,0.279,0.443,0.0,0,0,0.0,0
15:01:00.806,384.572,FOCUSED,99.4,0.252,0.441,0.0,0,0,0.0,0
15:01:00.896,384.662,FOCUSED,99.4,0.213,0.433,0.0,0,0,0.0,0
15:01:00.988,384.754,FOCUSED,99.4,0.205,0.432,0.0,0,0,0.0,0
15:01:01.056,384.821,FOCUSED,99.4,0.203,0.422,0.0,0,0,0.0,0
15:01:01.127,384.892,FOCUSED,99.4,0.195,0.423,0.0,0,0,0.0,0
15:01:01.217,384.983,FOCUSED,99.4,0.189,0.418,0.0,0,0,0.0,0
15:01:01.286,385.052,FOCUSED,99.4,0.079,0.424,0.0,0,0,0.6,0
15:01:01.358,385.123,FOCUSED,99.4,0.206,0.447,0.0,0,0,0.0,0
15:01:01.428,385.194,FOCUSED,99.4,0.212,0.446,0.0,0,0,0.0,0
15:01:01.490,385.256,FOCUSED,99.4,0.244,0.448,0.0,0,0,0.0,0
15:01:01.566,385.332,FOCUSED,99.4,0.245,0.452,0.0,0,0,0.0,0
15:01:01.665,385.431,FOCUSED,99.4,0.246,0.457,0.0,0,0,0.0,0
15:01:01.768,385.533,FOCUSED,99.4,0.247,0.471,0.0,0,0,0.0,0
15:01:01.843,385.609,FOCUSED,99.4,0.222,0.473,0.0,0,0,0.0,0
15:01:01.921,385.686,FOCUSED,99.4,0.244,0.467,0.0,0,0,0.0,0
15:01:02.000,385.766,FOCUSED,99.4,0.238,0.478,0.0,0,0,0.0,0
15:01:02.076,385.842,FOCUSED,99.4,0.193,0.473,0.0,0,0,0.6,0
15:01:02.156,385.921,FOCUSED,99.4,0.221,0.475,0.0,0,0,0.0,0
15:01:02.231,385.997,FOCUSED,99.4,0.207,0.473,0.0,0,0,0.6,0
15:01:02.320,386.086,FOCUSED,99.4,0.225,0.465,0.0,0,0,0.0,0
15:01:02.403,386.169,FOCUSED,99.4,0.222,0.462,0.0,0,0,0.0,0
15:01:02.471,386.237,FOCUSED,99.4,0.089,0.45,0.0,0,0,0.6,0
15:01:02.553,386.318,FOCUSED,99.4,0.089,0.477,0.0,0,0,0.6,0
15:01:02.624,386.39,FOCUSED,99.4,0.083,0.519,0.0,0,0,0.6,0
15:01:02.687,386.454,FOCUSED,99.4,0.069,0.504,0.0,0,0,0.6,0
15:01:02.763,386.528,FOCUSED,99.4,0.077,0.5,0.0,0,0,0.6,0
15:01:02.862,386.627,FOCUSED,99.4,0.086,0.504,0.0,0,0,0.6,0
15:01:02.948,386.714,FOCUSED,99.4,0.07,0.496,0.0,0,0,0.6,0
15:01:03.025,386.791,FOCUSED,99.4,0.073,0.486,0.0,0,0,0.6,0
15:01:03.093,386.859,DROWSY,99.2,0.085,0.51,0.0,0,0,1.0,0
15:01:03.175,386.941,DROWSY,98.95,0.088,0.525,0.0,0,0,1.0,0
15:01:03.249,387.014,DROWSY,98.73,0.098,0.524,0.0,0,0,1.0,0
15:01:03.322,387.088,DROWSY,98.51,0.106,0.518,0.0,0,0,1.0,0
15:01:03.393,387.159,DROWSY,98.3,0.104,0.504,0.0,0,0,1.0,0
15:01:03.474,387.239,DROWSY,98.06,0.1,0.487,0.0,0,0,1.0,0
15:01:03.553,387.319,DROWSY,97.82,0.158,0.468,0.0,0,0,1.0,0
15:01:03.637,387.402,DROWSY,97.57,0.186,0.451,0.0,0,0,1.0,0
15:01:03.715,387.481,DROWSY,97.33,0.111,0.429,0.0,0,0,1.0,0
15:01:03.787,387.552,DROWSY,97.12,0.101,0.432,0.0,0,0,1.0,0
15:01:03.853,387.619,DROWSY,96.92,0.091,0.431,0.0,0,0,1.0,0
15:01:03.926,387.692,DROWSY,96.7,0.087,0.415,0.0,0,0,1.0,0
15:01:03.997,387.763,DROWSY,96.48,0.094,0.43,0.0,0,0,1.0,0
15:01:04.093,387.859,DROWSY,96.2,0.092,0.434,0.0,0,0,1.0,0
15:01:04.200,387.966,DROWSY,95.87,0.061,0.409,0.0,0,0,1.0,0
15:01:04.282,388.048,DROWSY,95.63,0.201,0.454,0.0,0,0,1.0,0
15:01:04.363,388.129,DROWSY,95.39,0.288,0.462,0.0,0,0,1.0,0
15:01:04.440,388.206,DROWSY,95.16,0.283,0.461,0.0,0,0,1.0,0
15:01:04.521,388.287,DROWSY,94.91,0.293,0.466,0.0,0,0,1.0,0
15:01:04.607,388.373,DROWSY,94.65,0.304,0.464,0.0,0,0,1.0,0
15:01:04.677,388.443,FOCUSED,94.65,0.307,0.454,0.0,0,0,0.0,0
15:01:04.748,388.514,FOCUSED,94.65,0.307,0.451,0.0,0,0,0.0,0
15:01:04.817,388.582,FOCUSED,94.65,0.31,0.44,0.0,0,0,0.0,0
15:01:04.915,388.681,FOCUSED,94.65,0.303,0.437,0.0,0,0,0.0,0
15:01:05.020,388.785,FOCUSED,94.65,0.304,0.437,0.0,0,0,0.0,0
15:01:05.095,388.861,FOCUSED,94.65,0.31,0.44,0.0,0,0,0.0,0
15:01:05.159,388.925,FOCUSED,94.65,0.312,0.434,0.0,0,0,0.0,0
15:01:05.234,388.999,FOCUSED,94.65,0.308,0.437,0.0,0,0,0.0,0
15:01:05.334,389.099,FOCUSED,94.65,0.311,0.433,0.0,0,0,0.0,0
15:01:05.423,389.188,FOCUSED,94.65,0.304,0.431,0.0,0,0,0.0,0
15:01:05.517,389.283,FOCUSED,94.65,0.305,0.443,0.0,0,0,0.0,0
15:01:05.603,389.369,FOCUSED,94.65,0.306,0.438,0.0,0,0,0.0,0
15:01:05.694,389.46,FOCUSED,94.65,0.304,0.43,0.283,1,0,0.0,0
15:01:05.792,389.557,FOCUSED,94.65,0.075,0.407,0.0,0,0,0.6,0
15:01:05.860,389.626,FOCUSED,94.65,0.251,0.406,0.262,0,0,0.0,0
15:01:05.942,389.707,FOCUSED,94.65,0.31,0.394,0.407,1,0,0.0,0
15:01:06.036,389.802,FOCUSED,94.65,0.304,0.401,0.54,1,0,0.0,0
15:01:06.132,389.897,FOCUSED,94.65,0.298,0.398,0.688,1,0,0.0,0
15:01:06.214,389.979,FOCUSED,94.65,0.299,0.403,0.726,1,0,0.0,0
15:01:06.295,390.06,FOCUSED,94.65,0.3,0.397,0.777,1,0,0.0,0
15:01:06.393,390.159,FOCUSED,94.65,0.307,0.396,0.749,1,0,0.0,0
15:01:06.484,390.25,FOCUSED,94.65,0.309,0.396,0.756,1,0,0.0,0
15:01:06.579,390.345,FOCUSED,94.65,0.3,0.397,0.75,1,0,0.0,0
15:01:06.665,390.431,FOCUSED,94.65,0.308,0.398,0.665,1,0,0.0,0
15:01:06.747,390.513,FOCUSED,94.65,0.311,0.403,0.616,1,0,0.0,0
15:01:06.833,390.598,PHONE,94.48,0.319,0.405,0.631,1,0,0.0,1
15:01:06.949,390.714,PHONE,94.25,0.317,0.405,0.635,1,0,0.0,1
15:01:07.043,390.808,PHONE,94.06,0.315,0.404,0.625,1,0,0.0,1
15:01:07.134,390.9,PHONE,93.88,0.323,0.404,0.756,1,0,0.0,1
15:01:07.216,390.982,PHONE,93.72,0.319,0.408,0.738,1,0,0.0,1
15:01:07.304,391.069,PHONE,93.54,0.321,0.406,0.733,1,0,0.0,1
15:01:07.388,391.153,PHONE,93.37,0.308,0.406,0.703,1,0,0.0,1
15:01:07.473,391.239,PHONE,93.2,0.307,0.403,0.701,1,0,0.0,1
15:01:07.562,391.329,PHONE,93.02,0.307,0.405,0.75,1,0,0.0,1
15:01:07.646,391.412,PHONE,92.86,0.31,0.404,0.768,1,0,0.0,1
15:01:07.727,391.493,PHONE,92.7,0.314,0.404,0.776,1,0,0.0,1
15:01:07.815,391.581,PHONE,92.52,0.305,0.406,0.765,1,0,0.0,1
15:01:07.897,391.663,PHONE,92.35,0.31,0.407,0.675,1,0,0.0,1
15:01:07.984,391.75,PHONE,92.18,0.305,0.41,0.713,1,0,0.0,1
15:01:08.068,391.834,PHONE,92.01,0.3,0.409,0.707,1,0,0.0,1
15:01:08.153,391.919,PHONE,91.84,0.311,0.407,0.673,1,0,0.0,1
15:01:08.237,392.003,PHONE,91.67,0.311,0.412,0.653,1,0,0.0,1
15:01:08.323,392.089,PHONE,91.5,0.308,0.408,0.699,1,0,0.0,1
15:01:08.421,392.186,PHONE,91.31,0.302,0.409,0.707,1,0,0.0,1
15:01:08.501,392.267,PHONE,91.15,0.302,0.406,0.693,1,0,0.0,1
15:01:08.588,392.354,PHONE,90.97,0.312,0.406,0.706,1,0,0.0,1
15:01:08.674,392.439,PHONE,90.8,0.305,0.404,0.744,1,0,0.0,1
15:01:08.760,392.525,PHONE,90.63,0.307,0.406,0.753,1,0,0.0,1
15:01:08.847,392.612,PHONE,90.45,0.307,0.407,0.749,1,0,0.0,1
15:01:08.931,392.697,PHONE,90.29,0.304,0.409,0.781,1,0,0.0,1
15:01:09.013,392.778,PHONE,90.12,0.307,0.406,0.782,1,0,0.0,1
15:01:09.526,393.291,PHONE,89.1,0.303,0.408,0.8,1,0,0.0,1
15:01:10.604,394.37,PHONE,88.9,0.313,0.411,0.792,1,0,0.0,1
15:01:11.902,395.668,PHONE,88.7,0.312,0.403,0.0,0,0,0.0,1
15:01:12.158,395.924,PHONE,88.19,0.29,0.406,0.0,0,0,0.0,1
15:01:12.431,396.196,PHONE,87.64,0.295,0.428,0.0,0,0,0.0,1
15:01:12.829,396.595,PHONE,86.84,0.293,0.424,0.0,0,0,0.0,1
15:01:13.077,396.842,FOCUSED,86.84,0.298,0.416,0.0,0,0,0.0,0
15:01:13.358,397.124,FOCUSED,86.84,0.21,0.392,0.0,0,0,0.0,0
15:01:13.679,397.444,FOCUSED,86.84,0.282,0.397,0.0,0,0,0.0,0
15:01:14.069,397.835,FOCUSED,86.84,0.28,0.394,0.0,0,0,0.0,0
15:01:14.422,398.188,FOCUSED,86.84,0.285,0.403,0.0,0,0,0.0,0
15:01:14.633,398.398,FOCUSED,86.84,0.283,0.402,0.0,0,0,0.0,0
15:01:14.884,398.65,FOCUSED,86.84,0.29,0.41,0.0,0,0,0.0,0
15:01:15.133,398.899,FOCUSED,86.84,0.283,0.398,0.0,0,0,0.0,0
15:01:15.416,399.182,FOCUSED,86.84,0.282,0.405,0.0,0,0,0.0,0
15:01:15.761,399.526,FOCUSED,86.84,0.09,0.402,0.0,0,0,0.6,0
15:01:16.045,399.811,FOCUSED,86.84,0.272,0.407,0.0,0,0,0.0,0
15:01:16.298,400.063,FOCUSED,86.84,0.272,0.407,0.0,0,0,0.0,0
15:01:16.578,400.344,FOCUSED,86.84,0.276,0.414,0.0,0,0,0.0,0
15:01:17.510,401.276,FOCUSED,86.84,0.276,0.41,0.0,0,0,0.0,0
15:01:17.764,401.53,FOCUSED,86.84,0.296,0.412,0.0,0,0,0.0,0
15:01:18.074,401.84,FOCUSED,86.84,0.291,0.408,0.0,0,0,0.0,0
15:01:18.379,402.145,FOCUSED,86.84,0.299,0.406,0.0,0,0,0.0,0
15:01:18.706,402.472,FOCUSED,86.84,0.295,0.409,0.0,0,0,0.0,0
15:01:18.976,402.742,FOCUSED,86.84,0.29,0.406,0.0,0,0,0.0,0
15:01:19.233,402.998,FOCUSED,86.84,0.289,0.407,0.0,0,0,0.0,0
15:01:19.448,403.214,FOCUSED,86.84,0.295,0.41,0.0,0,0,0.0,0
15:01:19.676,403.442,FOCUSED,86.84,0.304,0.405,0.0,0,0,0.0,0
15:01:19.993,403.76,FOCUSED,86.84,0.281,0.403,0.0,0,0,0.0,0
15:01:20.303,404.068,FOCUSED,86.84,0.301,0.402,0.0,0,0,0.0,0
15:01:20.528,404.294,FOCUSED,86.84,0.281,0.408,0.0,0,0,0.0,0
15:01:20.752,404.517,FOCUSED,86.84,0.289,0.423,0.0,0,0,0.0,0
15:01:20.989,404.755,FOCUSED,86.84,0.287,0.412,0.0,0,0,0.0,0
15:01:21.284,405.049,FOCUSED,86.84,0.291,0.412,0.0,0,0,0.0,0
15:01:21.571,405.337,FOCUSED,86.84,0.286,0.408,0.0,0,0,0.0,0
15:01:21.812,405.578,FOCUSED,86.84,0.286,0.413,0.0,0,0,0.0,0
15:01:22.028,405.794,FOCUSED,86.84,0.279,0.412,0.0,0,0,0.0,0
15:01:22.299,406.065,FOCUSED,86.84,0.251,0.414,0.0,0,0,0.0,0
15:01:22.580,406.346,FOCUSED,86.84,0.28,0.413,0.0,0,0,0.0,0
15:01:22.968,406.733,FOCUSED,86.84,0.272,0.405,0.0,0,0,0.0,0
15:01:23.195,406.961,FOCUSED,86.84,0.282,0.41,0.0,0,0,0.0,0
15:01:23.415,407.18,FOCUSED,86.84,0.277,0.421,0.0,0,0,0.0,0
15:01:23.658,407.424,FOCUSED,86.84,0.276,0.422,0.0,0,0,0.0,0
15:01:23.906,407.672,FOCUSED,86.84,0.284,0.412,0.0,0,0,0.0,0
15:01:24.261,408.026,FOCUSED,86.84,0.284,0.418,0.0,0,0,0.0,0
15:01:24.490,408.256,FOCUSED,86.84,0.291,0.414,0.0,0,0,0.0,0
15:01:24.733,408.498,FOCUSED,86.84,0.29,0.41,0.0,0,0,0.0,0
15:01:24.953,408.719,FOCUSED,86.84,0.295,0.401,0.0,0,0,0.0,0
15:01:25.216,408.981,FOCUSED,86.84,0.295,0.395,0.0,0,0,0.0,0
15:01:25.463,409.229,FOCUSED,86.84,0.3,0.372,0.0,0,0,0.0,0
15:01:25.725,409.491,FOCUSED,86.84,0.335,0.331,0.0,0,0,0.0,0
15:01:26.010,409.776,FOCUSED,86.84,0.355,0.276,0.0,0,0,0.0,0
15:01:26.298,410.064,FOCUSED,86.84,0.358,0.299,0.0,0,0,0.0,0
15:01:26.540,410.305,FOCUSED,86.84,0.326,0.307,0.0,0,0,0.0,0
15:01:27.007,410.773,FOCUSED,86.84,0.328,0.329,0.0,0,0,0.0,0
15:01:27.311,411.076,FOCUSED,86.84,0.306,0.342,0.0,0,0,0.0,0
15:01:27.710,411.475,FOCUSED,86.84,0.311,0.331,0.0,0,0,0.0,0
15:01:27.968,411.734,FOCUSED,86.84,0.306,0.362,0.0,0,0,0.0,0
15:01:28.347,412.114,FOCUSED,86.84,0.315,0.379,0.0,0,0,0.0,0
15:01:28.633,412.398,FOCUSED,86.84,0.313,0.384,0.0,0,0,0.0,0
15:01:28.890,412.656,FOCUSED,86.84,0.31,0.39,0.0,0,0,0.0,0
15:01:29.172,412.938,FOCUSED,86.84,0.293,0.382,0.0,0,0,0.0,0
15:01:29.466,413.231,FOCUSED,86.84,0.308,0.376,0.0,0,0,0.0,0
15:01:29.787,413.552,FOCUSED,86.84,0.303,0.349,0.0,0,0,0.0,0
15:01:30.078,413.844,FOCUSED,86.84,0.313,0.381,0.0,0,0,0.0,0
15:01:30.354,414.119,FOCUSED,86.84,0.316,0.367,0.0,0,0,0.0,0
15:01:30.636,414.402,FOCUSED,86.84,0.321,0.361,0.0,0,0,0.0,0
15:01:31.032,414.798,FOCUSED,86.84,0.307,0.362,0.0,0,0,0.0,0
15:01:31.360,415.126,FOCUSED,86.84,0.308,0.358,0.0,0,0,0.0,0
15:01:31.671,415.437,FOCUSED,86.84,0.33,0.359,0.0,0,0,0.0,0
15:01:32.665,416.432,FOCUSED,86.84,0.317,0.352,0.0,0,0,0.0,0
15:01:33.041,416.806,FOCUSED,86.84,0.309,0.37,0.0,0,0,0.0,0
15:01:33.379,417.144,FOCUSED,86.84,0.327,0.357,0.0,0,0,0.0,0
15:01:34.028,417.793,FOCUSED,86.84,0.307,0.367,0.0,0,0,0.0,0
15:01:34.414,418.18,FOCUSED,86.84,0.34,0.371,0.0,0,0,0.0,0
15:01:34.726,418.491,FOCUSED,86.84,0.349,0.367,0.0,0,0,0.0,0
15:01:35.336,419.102,FOCUSED,86.84,0.352,0.38,0.0,0,0,0.0,0
15:01:35.733,419.499,FOCUSED,86.84,0.357,0.383,0.0,0,0,0.0,0
15:01:36.081,419.847,FOCUSED,86.84,0.041,0.341,0.0,0,0,0.6,0
15:01:36.366,420.132,FOCUSED,86.84,0.311,0.379,0.0,0,0,0.0,0
15:01:36.778,420.544,FOCUSED,86.84,0.33,0.371,0.0,0,0,0.0,0
15:01:37.039,420.805,FOCUSED,86.84,0.322,0.373,0.0,0,0,0.0,0
15:01:37.318,421.083,FOCUSED,86.84,0.325,0.368,0.0,0,0,0.0,0
15:01:37.625,421.39,FOCUSED,86.84,0.325,0.368,0.0,0,0,0.0,0
15:01:38.122,421.887,FOCUSED,86.84,0.323,0.364,0.0,0,0,0.0,0
15:01:38.397,422.163,FOCUSED,86.84,0.318,0.359,0.0,0,0,0.0,0
15:01:38.776,422.542,FOCUSED,86.84,0.336,0.364,0.0,0,0,0.0,0
15:01:39.091,422.857,FOCUSED,86.84,0.272,0.36,0.0,0,0,0.0,0
15:01:39.466,423.231,FOCUSED,86.84,0.307,0.359,0.0,0,0,0.0,0
15:01:39.735,423.501,FOCUSED,86.84,0.297,0.355,0.0,0,0,0.0,0
15:01:40.002,423.768,FOCUSED,86.84,0.291,0.352,0.0,0,0,0.0,0
15:01:40.320,424.085,FOCUSED,86.84,0.291,0.366,0.0,0,0,0.0,0
15:01:40.731,424.496,FOCUSED,86.84,0.289,0.359,0.0,0,0,0.0,0
15:01:41.045,424.811,FOCUSED,86.84,0.284,0.361,0.0,0,0,0.0,0
15:01:41.366,425.132,FOCUSED,86.84,0.288,0.352,0.0,0,0,0.0,0
15:01:41.717,425.482,FOCUSED,86.84,0.285,0.38,0.0,0,0,0.0,0
15:01:42.145,425.911,FOCUSED,86.84,0.278,0.377,0.0,0,0,0.0,0
15:01:42.456,426.221,FOCUSED,86.84,0.27,0.376,0.0,0,0,0.0,0
15:01:42.692,426.457,FOCUSED,86.84,0.267,0.363,0.0,0,0,0.0,0
15:01:42.970,426.735,FOCUSED,86.84,0.271,0.37,0.0,0,0,0.0,0
15:01:43.378,427.144,FOCUSED,86.84,0.296,0.379,0.0,0,0,0.0,0
15:01:43.873,427.64,FOCUSED,86.84,0.279,0.378,0.0,0,0,0.0,0
15:01:44.207,427.973,FOCUSED,86.84,0.296,0.379,0.0,0,0,0.0,0
15:01:44.927,428.692,FOCUSED,86.84,0.316,0.379,0.0,0,0,0.0,0
15:01:45.452,429.217,FOCUSED,86.84,0.315,0.397,0.0,0,0,0.0,0
15:01:46.733,430.498,FOCUSED,86.84,0.341,0.389,0.0,0,0,0.0,0
15:01:49.296,433.062,FOCUSED,86.84,0.365,0.398,0.0,0,0,0.0,0
15:01:49.918,433.684,FOCUSED,86.84,0.281,0.381,0.0,0,0,0.0,0
15:01:51.052,434.818,FOCUSED,86.84,0.305,0.405,0.297,1,0,0.0,0
15:01:54.445,438.21,FOCUSED,86.84,0.29,0.354,0.0,0,0,0.0,0
15:01:55.710,439.475,FOCUSED,86.84,0.281,0.366,0.0,0,0,0.0,0
15:01:57.223,440.989,FOCUSED,86.84,0.293,0.369,0.0,0,0,0.0,0
15:01:59.068,442.833,FOCUSED,86.84,0.3,0.371,0.0,0,0,0.0,0
15:02:00.849,444.615,FOCUSED,86.84,0.288,0.38,0.0,0,0,0.0,0
15:02:02.500,446.266,FOCUSED,86.84,0.289,0.363,0.0,0,0,0.0,0
15:02:02.814,446.579,FOCUSED,86.84,0.292,0.37,0.0,0,0,0.0,0
15:02:03.194,446.96,FOCUSED,86.84,0.283,0.375,0.0,0,0,0.0,0
15:02:03.484,447.25,FOCUSED,86.84,0.301,0.376,0.0,0,0,0.0,0
15:02:03.965,447.731,FOCUSED,86.84,0.305,0.366,0.0,0,0,0.0,0
15:02:04.300,448.065,FOCUSED,86.84,0.299,0.363,0.0,0,0,0.0,0
15:02:04.534,448.299,FOCUSED,86.84,0.299,0.356,0.0,0,0,0.0,0
15:02:04.790,448.556,FOCUSED,86.84,0.316,0.355,0.0,0,0,0.0,0
15:02:05.067,448.834,FOCUSED,86.84,0.304,0.367,0.0,0,0,0.0,0
15:02:05.532,449.298,FOCUSED,86.84,0.294,0.366,0.0,0,0,0.0,0
15:02:05.783,449.548,FOCUSED,86.84,0.292,0.366,0.0,0,0,0.0,0
15:02:06.054,449.82,FOCUSED,86.84,0.293,0.371,0.0,0,0,0.0,0
15:02:06.289,450.055,FOCUSED,86.84,0.298,0.367,0.0,0,0,0.0,0
15:02:06.506,450.272,FOCUSED,86.84,0.301,0.371,0.0,0,0,0.0,0
15:02:06.760,450.527,FOCUSED,86.84,0.296,0.37,0.0,0,0,0.0,0
15:02:07.032,450.798,FOCUSED,86.84,0.299,0.374,0.0,0,0,0.0,0
15:02:07.259,451.024,FOCUSED,86.84,0.295,0.375,0.0,0,0,0.0,0
15:02:07.493,451.259,FOCUSED,86.84,0.29,0.375,0.0,0,0,0.0,0
15:02:07.718,451.483,FOCUSED,86.84,0.228,0.371,0.0,0,0,0.0,0
15:02:07.986,451.752,FOCUSED,86.84,0.289,0.368,0.0,0,0,0.0,0
15:02:08.267,452.033,FOCUSED,86.84,0.288,0.37,0.0,0,0,0.0,0
15:02:08.526,452.291,FOCUSED,86.84,0.284,0.372,0.0,0,0,0.0,0
15:02:08.782,452.548,FOCUSED,86.84,0.281,0.374,0.0,0,0,0.0,0
15:02:09.032,452.797,FOCUSED,86.84,0.285,0.374,0.0,0,0,0.0,0
15:02:09.491,453.256,FOCUSED,86.84,0.284,0.374,0.0,0,0,0.0,0
15:02:09.728,453.494,FOCUSED,86.84,0.295,0.381,0.0,0,0,0.0,0
15:02:09.963,453.728,FOCUSED,86.84,0.3,0.387,0.0,0,0,0.0,0
15:02:10.194,453.96,FOCUSED,86.84,0.303,0.383,0.0,0,0,0.0,0
15:02:10.409,454.175,FOCUSED,86.84,0.311,0.384,0.0,0,0,0.0,0
15:02:10.779,454.545,FOCUSED,86.84,0.311,0.383,0.0,0,0,0.0,0
15:02:11.042,454.808,FOCUSED,86.84,0.316,0.384,0.0,0,0,0.0,0
15:02:11.273,455.039,FOCUSED,86.84,0.311,0.387,0.0,0,0,0.0,0
15:02:11.554,455.32,FOCUSED,86.84,0.31,0.386,0.0,0,0,0.0,0
15:02:11.773,455.539,FOCUSED,86.84,0.314,0.384,0.0,0,0,0.0,0
15:02:12.046,455.812,FOCUSED,86.84,0.318,0.381,0.0,0,0,0.0,0
15:02:12.308,456.074,FOCUSED,86.84,0.322,0.385,0.0,0,0,0.0,0
15:02:12.532,456.298,FOCUSED,86.84,0.314,0.382,0.0,0,0,0.0,0
15:02:12.757,456.523,FOCUSED,86.84,0.128,0.376,0.0,0,0,0.6,0
15:02:13.049,456.815,FOCUSED,86.84,0.296,0.378,0.0,0,0,0.0,0
15:02:13.288,457.054,FOCUSED,86.84,0.328,0.388,0.0,0,0,0.0,0
15:02:13.582,457.348,FOCUSED,86.84,0.327,0.382,0.0,0,0,0.0,0
15:02:13.850,457.616,FOCUSED,86.84,0.332,0.382,0.0,0,0,0.0,0
15:02:14.079,457.844,FOCUSED,86.84,0.337,0.384,0.0,0,0,0.0,0
15:02:14.722,458.487,FOCUSED,86.84,0.3,0.376,0.0,0,0,0.0,0
15:02:15.444,459.21,FOCUSED,86.84,0.306,0.376,0.0,0,0,0.0,0
15:02:15.713,459.478,FOCUSED,86.84,0.298,0.38,0.0,0,0,0.0,0
15:02:16.150,459.915,FOCUSED,86.84,0.295,0.382,0.0,0,0,0.0,0
15:02:16.379,460.144,FOCUSED,86.84,0.295,0.383,0.0,0,0,0.0,0
15:02:16.647,460.413,FOCUSED,86.84,0.3,0.386,0.0,0,0,0.0,0
15:02:16.886,460.651,FOCUSED,86.84,0.266,0.375,0.0,0,0,0.0,0
15:02:17.077,460.842,FOCUSED,86.84,0.246,0.373,0.0,0,0,0.0,0
15:02:17.201,460.966,FOCUSED,86.84,0.225,0.376,0.0,0,0,0.0,0
15:02:17.364,461.129,FOCUSED,86.84,0.204,0.373,0.0,0,0,0.0,0
15:02:17.527,461.293,FOCUSED,86.84,0.233,0.367,0.0,0,0,0.0,0
15:02:17.792,461.558,FOCUSED,86.84,0.224,0.347,0.0,0,0,0.0,0
15:02:18.063,461.829,FOCUSED,86.84,0.232,0.342,0.0,0,0,0.0,0
15:02:18.296,462.062,FOCUSED,86.84,0.178,0.344,0.0,0,0,0.6,0
15:02:18.525,462.29,FOCUSED,86.84,0.18,0.37,0.0,0,0,0.0,0
15:02:18.849,462.614,FOCUSED,86.84,0.182,0.37,0.0,0,0,0.0,0
15:02:19.114,462.88,FOCUSED,86.84,0.245,0.391,0.0,0,0,0.0,0
15:02:19.391,463.157,FOCUSED,86.84,0.278,0.409,0.0,0,0,0.0,0
15:02:19.626,463.392,FOCUSED,86.84,0.28,0.423,0.0,0,0,0.0,0
15:02:19.838,463.604,FOCUSED,86.84,0.299,0.438,0.0,0,0,0.0,0
15:02:20.094,463.86,FOCUSED,86.84,0.318,0.46,0.0,0,0,0.0,0
15:02:20.422,464.188,FOCUSED,86.84,0.252,0.475,0.0,0,0,0.0,0
15:02:20.706,464.473,FOCUSED,86.84,0.395,0.432,0.0,0,0,0.0,0
15:02:20.945,464.71,UNKNOWN,86.72,,,0.0,0,0,0.0,0
15:02:21.173,464.939,FOCUSED,86.72,0.406,0.603,0.0,0,0,0.0,0
15:02:21.453,465.219,FOCUSED,86.72,0.394,0.549,0.0,0,0,0.0,0
15:02:21.764,465.53,FOCUSED,86.72,0.406,0.539,0.0,0,0,0.0,0
15:02:22.062,465.828,FOCUSED,86.72,0.371,0.449,0.0,0,0,0.0,0
15:02:22.320,466.086,FOCUSED,86.72,0.21,0.294,0.0,0,0,0.0,0
15:02:22.472,466.238,UNKNOWN,86.65,,,0.0,0,0,0.0,0
15:02:22.616,466.381,FOCUSED,86.65,0.245,0.337,0.0,0,0,0.0,0
15:02:22.719,466.485,FOCUSED,86.65,0.263,0.312,0.0,0,0,0.0,0
15:02:22.872,466.638,FOCUSED,86.65,0.29,0.332,0.0,0,0,0.0,0
15:02:23.054,466.819,FOCUSED,86.65,0.269,0.325,0.0,0,0,0.0,0
15:02:23.174,466.939,FOCUSED,86.65,0.271,0.335,0.0,0,0,0.0,0
15:02:23.279,467.045,FOCUSED,86.65,0.276,0.346,0.0,0,0,0.0,0
15:02:23.393,467.159,FOCUSED,86.65,0.269,0.353,0.0,0,0,0.0,0
15:02:23.491,467.257,FOCUSED,86.65,0.283,0.349,0.0,0,0,0.0,0
15:02:23.591,467.357,FOCUSED,86.65,0.283,0.361,0.0,0,0,0.0,0
15:02:23.749,467.515,FOCUSED,86.65,0.268,0.36,0.0,0,0,0.0,0
15:02:23.873,467.639,FOCUSED,86.65,0.274,0.367,0.0,0,0,0.0,0
15:02:23.981,467.747,FOCUSED,86.65,0.281,0.374,0.0,0,0,0.0,0
15:02:24.075,467.84,FOCUSED,86.65,0.279,0.365,0.0,0,0,0.0,0
15:02:24.160,467.926,FOCUSED,86.65,0.281,0.364,0.0,0,0,0.0,0
15:02:24.297,468.062,FOCUSED,86.65,0.285,0.365,0.0,0,0,0.0,0
15:02:24.403,468.169,FOCUSED,86.65,0.283,0.367,0.0,0,0,0.0,0
15:02:24.520,468.285,FOCUSED,86.65,0.286,0.365,0.0,0,0,0.0,0
15:02:24.626,468.391,FOCUSED,86.65,0.282,0.367,0.0,0,0,0.0,0
15:02:24.731,468.497,FOCUSED,86.65,0.282,0.367,0.0,0,0,0.0,0
15:02:24.868,468.634,FOCUSED,86.65,0.281,0.367,0.0,0,0,0.0,0
15:02:24.978,468.744,FOCUSED,86.65,0.277,0.368,0.0,0,0,0.0,0
15:02:25.086,468.852,FOCUSED,86.65,0.277,0.37,0.0,0,0,0.0,0
15:02:25.202,468.968,FOCUSED,86.65,0.279,0.374,0.0,0,0,0.0,0
15:02:25.328,469.093,FOCUSED,86.65,0.274,0.37,0.0,0,0,0.0,0
15:02:25.690,469.456,FOCUSED,86.65,0.272,0.371,0.0,0,0,0.0,0
15:02:25.798,469.564,FOCUSED,86.65,0.271,0.374,0.0,0,0,0.0,0
15:02:25.941,469.707,FOCUSED,86.65,0.276,0.379,0.0,0,0,0.0,0
15:02:26.089,469.855,FOCUSED,86.65,0.063,0.37,0.0,0,0,0.6,0
15:02:26.186,469.952,FOCUSED,86.65,0.264,0.374,0.0,0,0,0.0,0
15:02:26.288,470.054,FOCUSED,86.65,0.272,0.373,0.0,0,0,0.0,0
15:02:26.388,470.154,FOCUSED,86.65,0.272,0.374,0.0,0,0,0.0,0
15:02:26.493,470.258,FOCUSED,86.65,0.274,0.376,0.0,0,0,0.0,0
15:02:26.585,470.351,FOCUSED,86.65,0.275,0.378,0.0,0,0,0.0,0
15:02:26.689,470.454,FOCUSED,86.65,0.271,0.38,0.0,0,0,0.0,0
15:02:26.812,470.577,FOCUSED,86.65,0.281,0.382,0.0,0,0,0.0,0
15:02:26.922,470.687,FOCUSED,86.65,0.281,0.379,0.0,0,0,0.0,0
15:02:27.018,470.784,FOCUSED,86.65,0.279,0.38,0.0,0,0,0.0,0
15:02:27.118,470.884,FOCUSED,86.65,0.277,0.38,0.0,0,0,0.0,0
15:02:27.215,470.98,FOCUSED,86.65,0.279,0.377,0.0,0,0,0.0,0
15:02:27.310,471.076,FOCUSED,86.65,0.28,0.376,0.0,0,0,0.0,0
15:02:27.396,471.161,FOCUSED,86.65,0.279,0.38,0.0,0,0,0.0,0
15:02:27.487,471.253,FOCUSED,86.65,0.287,0.381,0.0,0,0,0.0,0
15:02:27.578,471.344,FOCUSED,86.65,0.283,0.38,0.0,0,0,0.0,0
15:02:27.676,471.442,FOCUSED,86.65,0.285,0.382,0.0,0,0,0.0,0
15:02:27.766,471.532,FOCUSED,86.65,0.285,0.383,0.0,0,0,0.0,0
15:02:27.859,471.625,FOCUSED,86.65,0.283,0.382,0.0,0,0,0.0,0
15:02:27.950,471.715,FOCUSED,86.65,0.285,0.381,0.0,0,0,0.0,0
15:02:28.035,471.801,FOCUSED,86.65,0.286,0.382,0.0,0,0,0.0,0
15:02:28.130,471.896,FOCUSED,86.65,0.281,0.383,0.0,0,0,0.0,0
15:02:28.229,471.995,FOCUSED,86.65,0.277,0.381,0.0,0,0,0.0,0
15:02:28.318,472.084,FOCUSED,86.65,0.275,0.38,0.0,0,0,0.0,0
15:02:28.419,472.185,FOCUSED,86.65,0.272,0.378,0.0,0,0,0.0,0
15:02:28.508,472.273,FOCUSED,86.65,0.281,0.377,0.0,0,0,0.0,0
15:02:28.594,472.359,FOCUSED,86.65,0.28,0.378,0.0,0,0,0.0,0
15:02:28.686,472.452,FOCUSED,86.65,0.281,0.378,0.0,0,0,0.0,0
15:02:28.782,472.547,FOCUSED,86.65,0.278,0.378,0.0,0,0,0.0,0
15:02:28.875,472.64,FOCUSED,86.65,0.282,0.38,0.0,0,0,0.0,0
15:02:28.973,472.739,FOCUSED,86.65,0.28,0.379,0.0,0,0,0.0,0
15:02:29.047,472.812,FOCUSED,86.65,0.274,0.379,0.0,0,0,0.0,0
15:02:29.150,472.915,FOCUSED,86.65,0.275,0.381,0.0,0,0,0.0,0
15:02:29.253,473.019,FOCUSED,86.65,0.282,0.38,0.0,0,0,0.0,0
15:02:29.351,473.116,FOCUSED,86.65,0.285,0.38,0.0,0,0,0.0,0
15:02:29.454,473.219,FOCUSED,86.65,0.283,0.379,0.0,0,0,0.0,0
15:02:29.552,473.318,FOCUSED,86.65,0.281,0.379,0.0,0,0,0.0,0
15:02:29.656,473.422,FOCUSED,86.65,0.282,0.382,0.0,0,0,0.0,0
15:02:29.763,473.529,FOCUSED,86.65,0.281,0.382,0.0,0,0,0.0,0
15:02:29.857,473.622,FOCUSED,86.65,0.285,0.381,0.0,0,0,0.0,0
15:02:29.964,473.729,FOCUSED,86.65,0.284,0.384,0.0,0,0,0.0,0
15:02:30.081,473.847,FOCUSED,86.65,0.289,0.383,0.0,0,0,0.0,0
15:02:30.194,473.96,FOCUSED,86.65,0.288,0.382,0.0,0,0,0.0,0
15:02:30.305,474.071,FOCUSED,86.65,0.289,0.383,0.0,0,0,0.0,0
15:02:30.405,474.171,FOCUSED,86.65,0.281,0.379,0.0,0,0,0.0,0
15:02:30.517,474.283,FOCUSED,86.65,0.289,0.376,0.0,0,0,0.0,0
15:02:30.630,474.396,FOCUSED,86.65,0.291,0.377,0.0,0,0,0.0,0
15:02:30.728,474.494,FOCUSED,86.65,0.284,0.377,0.0,0,0,0.0,0
15:02:30.839,474.604,FOCUSED,86.65,0.28,0.378,0.0,0,0,0.0,0
15:02:30.940,474.706,FOCUSED,86.65,0.282,0.379,0.0,0,0,0.0,0
15:02:31.047,474.813,FOCUSED,86.65,0.084,0.374,0.0,0,0,0.6,0
15:02:31.148,474.914,FOCUSED,86.65,0.23,0.377,0.0,0,0,0.0,0
15:02:31.243,475.009,FOCUSED,86.65,0.28,0.381,0.0,0,0,0.0,0
15:02:31.323,475.089,FOCUSED,86.65,0.291,0.385,0.0,0,0,0.0,0
15:02:31.487,475.253,FOCUSED,86.65,0.294,0.384,0.0,0,0,0.0,0
15:02:31.602,475.368,FOCUSED,86.65,0.292,0.384,0.0,0,0,0.0,0
15:02:31.700,475.466,FOCUSED,86.65,0.285,0.383,0.0,0,0,0.0,0
15:02:31.805,475.571,FOCUSED,86.65,0.281,0.38,0.0,0,0,0.0,0
15:02:31.906,475.671,FOCUSED,86.65,0.279,0.379,0.0,0,0,0.0,0
15:02:32.007,475.773,FOCUSED,86.65,0.285,0.375,0.0,0,0,0.0,0
15:02:32.118,475.884,FOCUSED,86.65,0.293,0.372,0.0,0,0,0.0,0
15:02:32.214,475.98,FOCUSED,86.65,0.289,0.369,0.0,0,0,0.0,0
15:02:32.309,476.075,FOCUSED,86.65,0.291,0.379,0.0,0,0,0.0,0
15:02:32.405,476.17,FOCUSED,86.65,0.286,0.38,0.0,0,0,0.0,0
15:02:32.492,476.258,FOCUSED,86.65,0.302,0.379,0.0,0,0,0.0,0
15:02:32.588,476.354,FOCUSED,86.65,0.289,0.378,0.0,0,0,0.0,0
15:02:32.675,476.441,FOCUSED,86.65,0.293,0.382,0.0,0,0,0.0,0
15:02:32.765,476.531,FOCUSED,86.65,0.285,0.377,0.0,0,0,0.0,0
15:02:32.867,476.633,FOCUSED,86.65,0.299,0.38,0.0,0,0,0.0,0
15:02:32.964,476.73,FOCUSED,86.65,0.302,0.375,0.0,0,0,0.0,0
15:02:33.062,476.828,FOCUSED,86.65,0.299,0.375,0.0,0,0,0.0,0
15:02:33.168,476.934,FOCUSED,86.65,0.302,0.379,0.0,0,0,0.0,0
15:02:33.268,477.034,FOCUSED,86.65,0.301,0.379,0.0,0,0,0.0,0
15:02:33.353,477.119,FOCUSED,86.65,0.301,0.381,0.0,0,0,0.0,0
15:02:33.468,477.234,FOCUSED,86.65,0.305,0.382,0.0,0,0,0.0,0
15:02:33.566,477.331,FOCUSED,86.65,0.309,0.382,0.0,0,0,0.0,0
15:02:33.653,477.419,FOCUSED,86.65,0.298,0.381,0.0,0,0,0.0,0
15:02:33.751,477.517,FOCUSED,86.65,0.306,0.38,0.0,0,0,0.0,0
15:02:33.841,477.606,FOCUSED,86.65,0.307,0.38,0.0,0,0,0.0,0
15:02:33.952,477.717,FOCUSED,86.65,0.302,0.383,0.0,0,0,0.0,0
15:02:34.057,477.823,FOCUSED,86.65,0.3,0.384,0.0,0,0,0.0,0
15:02:34.144,477.909,FOCUSED,86.65,0.296,0.382,0.0,0,0,0.0,0
15:02:34.244,478.009,FOCUSED,86.65,0.301,0.382,0.0,0,0,0.0,0
15:02:34.335,478.101,FOCUSED,86.65,0.314,0.384,0.0,0,0,0.0,0
15:02:34.426,478.191,FOCUSED,86.65,0.312,0.379,0.0,0,0,0.0,0
15:02:34.520,478.286,FOCUSED,86.65,0.305,0.379,0.0,0,0,0.0,0
15:02:34.622,478.387,FOCUSED,86.65,0.301,0.377,0.0,0,0,0.0,0
15:02:34.722,478.488,FOCUSED,86.65,0.309,0.376,0.0,0,0,0.0,0
15:02:34.839,478.605,FOCUSED,86.65,0.309,0.377,0.0,0,0,0.0,0
15:02:34.949,478.714,FOCUSED,86.65,0.308,0.374,0.0,0,0,0.0,0
15:02:35.062,478.827,FOCUSED,86.65,0.308,0.376,0.0,0,0,0.0,0
15:02:35.163,478.929,FOCUSED,86.65,0.303,0.374,0.0,0,0,0.0,0
15:02:35.273,479.04,FOCUSED,86.65,0.306,0.372,0.0,0,0,0.0,0
15:02:35.385,479.15,FOCUSED,86.65,0.309,0.373,0.0,0,0,0.0,0
15:02:35.489,479.254,FOCUSED,86.65,0.313,0.372,0.0,0,0,0.0,0
15:02:35.592,479.358,FOCUSED,86.65,0.313,0.37,0.0,0,0,0.0,0
15:02:35.706,479.471,FOCUSED,86.65,0.302,0.367,0.0,0,0,0.0,0
15:02:35.813,479.579,FOCUSED,86.65,0.306,0.368,0.0,0,0,0.0,0
15:02:35.913,479.679,FOCUSED,86.65,0.307,0.369,0.0,0,0,0.0,0
15:02:36.021,479.786,FOCUSED,86.65,0.306,0.373,0.0,0,0,0.0,0
15:02:36.124,479.89,FOCUSED,86.65,0.307,0.369,0.0,0,0,0.0,0
15:02:36.217,479.983,FOCUSED,86.65,0.309,0.37,0.0,0,0,0.0,0
15:02:36.308,480.074,FOCUSED,86.65,0.31,0.367,0.0,0,0,0.0,0
15:02:36.389,480.154,FOCUSED,86.65,0.309,0.369,0.0,0,0,0.0,0
15:02:36.490,480.255,FOCUSED,86.65,0.308,0.372,0.0,0,0,0.0,0
15:02:36.583,480.348,FOCUSED,86.65,0.31,0.369,0.0,0,0,0.0,0
15:02:36.664,480.429,FOCUSED,86.65,0.311,0.368,0.0,0,0,0.0,0
15:02:36.749,480.515,FOCUSED,86.65,0.304,0.367,0.0,0,0,0.0,0
15:02:36.867,480.632,FOCUSED,86.65,0.302,0.366,0.0,0,0,0.0,0
15:02:36.966,480.731,FOCUSED,86.65,0.305,0.366,0.0,0,0,0.0,0
15:02:37.084,480.85,FOCUSED,86.65,0.307,0.369,0.0,0,0,0.0,0
15:02:37.177,480.943,FOCUSED,86.65,0.305,0.367,0.0,0,0,0.0,0
15:02:37.274,481.04,FOCUSED,86.65,0.307,0.369,0.0,0,0,0.0,0
15:02:37.367,481.132,FOCUSED,86.65,0.304,0.372,0.0,0,0,0.0,0
15:02:37.488,481.254,FOCUSED,86.65,0.31,0.373,0.0,0,0,0.0,0
15:02:37.585,481.351,FOCUSED,86.65,0.308,0.372,0.0,0,0,0.0,0
15:02:37.688,481.454,FOCUSED,86.65,0.074,0.359,0.0,0,0,0.6,0
15:02:37.771,481.536,FOCUSED,86.65,0.28,0.369,0.0,0,0,0.0,0
15:02:37.860,481.626,FOCUSED,86.65,0.312,0.371,0.0,0,0,0.0,0
15:02:37.946,481.711,FOCUSED,86.65,0.309,0.368,0.0,0,0,0.0,0
15:02:38.041,481.807,FOCUSED,86.65,0.308,0.368,0.0,0,0,0.0,0
15:02:38.152,481.918,FOCUSED,86.65,0.307,0.368,0.0,0,0,0.0,0
15:02:38.246,482.011,FOCUSED,86.65,0.306,0.368,0.0,0,0,0.0,0
15:02:38.350,482.116,FOCUSED,86.65,0.302,0.366,0.0,0,0,0.0,0
15:02:38.464,482.23,FOCUSED,86.65,0.299,0.369,0.0,0,0,0.0,0
15:02:38.564,482.33,FOCUSED,86.65,0.295,0.368,0.0,0,0,0.0,0
15:02:38.678,482.443,FOCUSED,86.65,0.29,0.363,0.0,0,0,0.0,0
15:02:38.788,482.553,FOCUSED,86.65,0.293,0.365,0.0,0,0,0.0,0
15:02:38.895,482.661,FOCUSED,86.65,0.289,0.365,0.0,0,0,0.0,0
15:02:39.003,482.769,FOCUSED,86.65,0.288,0.368,0.0,0,0,0.0,0
15:02:39.115,482.881,FOCUSED,86.65,0.306,0.377,0.0,0,0,0.0,0
15:02:39.238,483.004,FOCUSED,86.65,0.303,0.376,0.0,0,0,0.0,0
15:02:39.339,483.104,FOCUSED,86.65,0.289,0.372,0.0,0,0,0.0,0
15:02:39.456,483.221,FOCUSED,86.65,0.284,0.373,0.0,0,0,0.0,0
15:02:39.587,483.352,FOCUSED,86.65,0.28,0.371,0.0,0,0,0.0,0
15:02:39.694,483.46,FOCUSED,86.65,0.283,0.37,0.0,0,0,0.0,0
15:02:39.811,483.577,FOCUSED,86.65,0.286,0.376,0.0,0,0,0.0,0
15:02:39.923,483.689,FOCUSED,86.65,0.286,0.373,0.0,0,0,0.0,0
15:02:40.064,483.829,FOCUSED,86.65,0.285,0.376,0.0,0,0,0.0,0
15:02:40.182,483.948,FOCUSED,86.65,0.289,0.381,0.0,0,0,0.0,0
15:02:40.288,484.054,FOCUSED,86.65,0.288,0.375,0.0,0,0,0.0,0
15:02:40.411,484.176,FOCUSED,86.65,0.287,0.378,0.0,0,0,0.0,0
15:02:40.518,484.284,FOCUSED,86.65,0.29,0.377,0.0,0,0,0.0,0
15:02:40.659,484.425,FOCUSED,86.65,0.292,0.372,0.0,0,0,0.0,0
15:02:40.784,484.55,FOCUSED,86.65,0.287,0.368,0.0,0,0,0.0,0
15:02:40.908,484.675,FOCUSED,86.65,0.287,0.368,0.0,0,0,0.0,0
15:02:41.017,484.783,FOCUSED,86.65,0.29,0.367,0.0,0,0,0.0,0
15:02:41.130,484.896,FOCUSED,86.65,0.29,0.369,0.0,0,0,0.0,0
15:02:41.249,485.015,FOCUSED,86.65,0.295,0.371,0.0,0,0,0.0,0
15:02:41.357,485.122,FOCUSED,86.65,0.29,0.37,0.0,0,0,0.0,0
15:02:41.461,485.226,FOCUSED,86.65,0.29,0.368,0.0,0,0,0.0,0
15:02:41.571,485.337,FOCUSED,86.65,0.291,0.373,0.0,0,0,0.0,0
15:02:41.687,485.452,FOCUSED,86.65,0.291,0.373,0.0,0,0,0.0,0
15:02:41.935,485.701,FOCUSED,86.65,0.07,0.364,0.0,0,0,0.6,0
15:02:42.069,485.835,FOCUSED,86.65,0.272,0.369,0.0,0,0,0.0,0
15:02:42.228,485.994,FOCUSED,86.65,0.283,0.372,0.0,0,0,0.0,0
15:02:42.359,486.125,FOCUSED,86.65,0.274,0.376,0.0,0,0,0.0,0
15:02:42.481,486.247,FOCUSED,86.65,0.281,0.373,0.0,0,0,0.0,0
15:02:42.597,486.362,FOCUSED,86.65,0.283,0.373,0.0,0,0,0.0,0
15:02:42.725,486.491,FOCUSED,86.65,0.277,0.375,0.0,0,0,0.0,0
15:02:42.845,486.611,FOCUSED,86.65,0.29,0.378,0.0,0,0,0.0,0
15:02:42.950,486.716,FOCUSED,86.65,0.292,0.379,0.0,0,0,0.0,0
15:02:43.060,486.826,FOCUSED,86.65,0.288,0.375,0.0,0,0,0.0,0
15:02:43.172,486.937,FOCUSED,86.65,0.293,0.378,0.0,0,0,0.0,0
15:02:43.285,487.051,FOCUSED,86.65,0.294,0.378,0.0,0,0,0.0,0
15:02:43.413,487.179,FOCUSED,86.65,0.297,0.374,0.0,0,0,0.0,0
15:02:43.529,487.295,FOCUSED,86.65,0.294,0.371,0.0,0,0,0.0,0
15:02:43.639,487.405,FOCUSED,86.65,0.295,0.372,0.0,0,0,0.0,0
15:02:43.741,487.507,FOCUSED,86.65,0.297,0.375,0.0,0,0,0.0,0
15:02:43.905,487.671,FOCUSED,86.65,0.296,0.375,0.0,0,0,0.0,0
15:02:44.028,487.794,FOCUSED,86.65,0.296,0.369,0.0,0,0,0.0,0
15:02:44.155,487.92,FOCUSED,86.65,0.299,0.375,0.0,0,0,0.0,0
15:02:44.263,488.028,FOCUSED,86.65,0.3,0.362,0.0,0,0,0.0,0
15:02:44.371,488.137,FOCUSED,86.65,0.306,0.366,0.0,0,0,0.0,0
15:02:44.477,488.243,FOCUSED,86.65,0.303,0.362,0.0,0,0,0.0,0
15:02:44.577,488.343,FOCUSED,86.65,0.301,0.357,0.0,0,0,0.0,0
15:02:44.700,488.465,FOCUSED,86.65,0.304,0.362,0.0,0,0,0.0,0
15:02:44.804,488.569,FOCUSED,86.65,0.305,0.36,0.0,0,0,0.0,0
15:02:44.916,488.681,FOCUSED,86.65,0.302,0.362,0.0,0,0,0.0,0
15:02:45.043,488.809,FOCUSED,86.65,0.307,0.362,0.0,0,0,0.0,0
15:02:45.162,488.928,FOCUSED,86.65,0.293,0.359,0.0,0,0,0.0,0
15:02:45.282,489.047,FOCUSED,86.65,0.292,0.359,0.0,0,0,0.0,0
15:02:45.431,489.196,FOCUSED,86.65,0.29,0.355,0.0,0,0,0.0,0
15:02:45.544,489.309,FOCUSED,86.65,0.287,0.356,0.0,0,0,0.0,0
15:02:45.668,489.434,FOCUSED,86.65,0.285,0.36,0.0,0,0,0.0,0
15:02:45.805,489.57,FOCUSED,86.65,0.283,0.358,0.0,0,0,0.0,0
15:02:45.957,489.723,FOCUSED,86.65,0.287,0.367,0.0,0,0,0.0,0
15:02:46.062,489.828,FOCUSED,86.65,0.283,0.367,0.0,0,0,0.0,0
15:02:46.197,489.963,FOCUSED,86.65,0.273,0.368,0.0,0,0,0.0,0
15:02:46.305,490.07,FOCUSED,86.65,0.076,0.364,0.0,0,0,0.6,0
15:02:46.439,490.204,FOCUSED,86.65,0.269,0.369,0.0,0,0,0.0,0
15:02:46.555,490.32,FOCUSED,86.65,0.275,0.37,0.0,0,0,0.0,0
15:02:46.674,490.439,FOCUSED,86.65,0.271,0.372,0.0,0,0,0.0,0
15:02:46.780,490.545,FOCUSED,86.65,0.274,0.371,0.0,0,0,0.0,0
15:02:46.905,490.67,FOCUSED,86.65,0.283,0.371,0.0,0,0,0.0,0
15:02:47.012,490.778,FOCUSED,86.65,0.276,0.369,0.0,0,0,0.0,0
15:02:47.142,490.907,FOCUSED,86.65,0.278,0.369,0.0,0,0,0.0,0
15:02:47.250,491.016,FOCUSED,86.65,0.278,0.369,0.0,0,0,0.0,0
15:02:47.385,491.151,FOCUSED,86.65,0.28,0.37,0.0,0,0,0.0,0
15:02:47.502,491.267,FOCUSED,86.65,0.28,0.367,0.0,0,0,0.0,0
15:02:47.605,491.371,FOCUSED,86.65,0.275,0.366,0.0,0,0,0.0,0
15:02:47.724,491.49,FOCUSED,86.65,0.271,0.371,0.0,0,0,0.0,0
15:02:47.834,491.6,FOCUSED,86.65,0.222,0.368,0.0,0,0,0.0,0
15:02:47.974,491.74,FOCUSED,86.65,0.218,0.368,0.0,0,0,0.0,0
15:02:48.115,491.881,FOCUSED,86.65,0.263,0.375,0.0,0,0,0.0,0
15:02:48.228,491.994,FOCUSED,86.65,0.261,0.376,0.0,0,0,0.0,0
15:02:48.347,492.113,FOCUSED,86.65,0.268,0.374,0.0,0,0,0.0,0
15:02:48.449,492.215,FOCUSED,86.65,0.267,0.375,0.0,0,0,0.0,0
15:02:48.559,492.324,FOCUSED,86.65,0.27,0.379,0.0,0,0,0.0,0
15:02:48.688,492.453,FOCUSED,86.65,0.269,0.38,0.0,0,0,0.0,0
15:02:48.808,492.574,FOCUSED,86.65,0.27,0.378,0.0,0,0,0.0,0
15:02:48.955,492.72,FOCUSED,86.65,0.272,0.377,0.0,0,0,0.0,0
15:02:49.099,492.865,FOCUSED,86.65,0.274,0.377,0.0,0,0,0.0,0
15:02:49.204,492.969,FOCUSED,86.65,0.276,0.378,0.0,0,0,0.0,0
15:02:49.316,493.081,FOCUSED,86.65,0.264,0.379,0.0,0,0,0.0,0
15:02:49.428,493.194,FOCUSED,86.65,0.273,0.378,0.0,0,0,0.0,0
15:02:49.546,493.312,FOCUSED,86.65,0.271,0.378,0.0,0,0,0.0,0
15:02:49.671,493.437,FOCUSED,86.65,0.266,0.37,0.0,0,0,0.0,0
15:02:49.780,493.545,FOCUSED,86.65,0.266,0.38,0.0,0,0,0.0,0
15:02:49.894,493.66,FOCUSED,86.65,0.076,0.371,0.0,0,0,0.6,0
15:02:50.006,493.771,FOCUSED,86.65,0.26,0.382,0.0,0,0,0.0,0
15:02:50.109,493.875,FOCUSED,86.65,0.266,0.382,0.0,0,0,0.0,0
15:02:50.241,494.006,FOCUSED,86.65,0.268,0.385,0.0,0,0,0.0,0
15:02:50.352,494.117,FOCUSED,86.65,0.27,0.385,0.0,0,0,0.0,0
15:02:50.498,494.264,FOCUSED,86.65,0.273,0.382,0.0,0,0,0.0,0
15:02:50.643,494.409,FOCUSED,86.65,0.261,0.382,0.0,0,0,0.0,0
15:02:50.763,494.528,FOCUSED,86.65,0.268,0.381,0.0,0,0,0.0,0
15:02:50.872,494.638,FOCUSED,86.65,0.266,0.381,0.0,0,0,0.0,0
15:02:50.981,494.747,FOCUSED,86.65,0.269,0.382,0.0,0,0,0.0,0
15:02:51.085,494.851,FOCUSED,86.65,0.27,0.384,0.0,0,0,0.0,0
15:02:51.226,494.991,FOCUSED,86.65,0.265,0.381,0.0,0,0,0.0,0
15:02:51.338,495.103,FOCUSED,86.65,0.265,0.381,0.0,0,0,0.0,0
15:02:51.455,495.22,FOCUSED,86.65,0.269,0.381,0.0,0,0,0.0,0
15:02:51.564,495.33,FOCUSED,86.65,0.26,0.386,0.0,0,0,0.0,0
15:02:51.680,495.446,FOCUSED,86.65,0.267,0.383,0.0,0,0,0.0,0
15:02:51.787,495.553,FOCUSED,86.65,0.267,0.382,0.0,0,0,0.0,0
15:02:51.900,495.666,FOCUSED,86.65,0.269,0.382,0.0,0,0,0.0,0
15:02:52.005,495.77,FOCUSED,86.65,0.275,0.382,0.0,0,0,0.0,0
15:02:52.140,495.905,FOCUSED,86.65,0.273,0.382,0.0,0,0,0.0,0
15:02:52.256,496.021,FOCUSED,86.65,0.273,0.381,0.0,0,0,0.0,0
15:02:52.360,496.126,FOCUSED,86.65,0.274,0.389,0.0,0,0,0.0,0
15:02:52.486,496.252,FOCUSED,86.65,0.265,0.397,0.0,0,0,0.0,0
15:02:52.605,496.37,FOCUSED,86.65,0.272,0.392,0.0,0,0,0.0,0
15:02:52.713,496.479,FOCUSED,86.65,0.268,0.388,0.0,0,0,0.0,0
15:02:52.833,496.599,FOCUSED,86.65,0.277,0.386,0.0,0,0,0.0,0
15:02:52.939,496.704,FOCUSED,86.65,0.269,0.38,0.0,0,0,0.0,0
15:02:53.090,496.856,FOCUSED,86.65,0.275,0.374,0.0,0,0,0.0,0
15:02:53.194,496.96,FOCUSED,86.65,0.273,0.356,0.0,0,0,0.0,0
15:02:53.296,497.062,FOCUSED,86.65,0.273,0.361,0.0,0,0,0.0,0
15:02:53.431,497.197,FOCUSED,86.65,0.274,0.356,0.0,0,0,0.0,0
15:02:53.538,497.303,FOCUSED,86.65,0.274,0.352,0.0,0,0,0.0,0
15:02:53.646,497.411,FOCUSED,86.65,0.296,0.357,0.0,0,0,0.0,0
15:02:53.761,497.527,FOCUSED,86.65,0.287,0.356,0.0,0,0,0.0,0
15:02:53.854,497.62,FOCUSED,86.65,0.303,0.353,0.0,0,0,0.0,0
15:02:53.990,497.755,FOCUSED,86.65,0.293,0.356,0.0,0,0,0.0,0
15:02:54.089,497.854,FOCUSED,86.65,0.279,0.358,0.0,0,0,0.0,0
15:02:54.214,497.98,FOCUSED,86.65,0.282,0.355,0.0,0,0,0.0,0
15:02:54.325,498.091,FOCUSED,86.65,0.309,0.352,0.0,0,0,0.0,0
15:02:54.434,498.2,FOCUSED,86.65,0.221,0.346,0.0,0,0,0.0,0
15:02:54.558,498.324,FOCUSED,86.65,0.208,0.344,0.0,0,0,0.0,0
15:02:54.688,498.454,FOCUSED,86.65,0.278,0.355,0.0,0,0,0.0,0
15:02:54.787,498.553,FOCUSED,86.65,0.282,0.356,0.0,0,0,0.0,0
15:02:54.905,498.671,FOCUSED,86.65,0.29,0.363,0.0,0,0,0.0,0
15:02:55.013,498.779,FOCUSED,86.65,0.289,0.362,0.0,0,0,0.0,0
15:02:55.140,498.906,FOCUSED,86.65,0.295,0.36,0.0,0,0,0.0,0
15:02:55.254,499.02,FOCUSED,86.65,0.3,0.361,0.0,0,0,0.0,0
15:02:55.395,499.161,FOCUSED,86.65,0.306,0.366,0.0,0,0,0.0,0
15:02:55.498,499.263,FOCUSED,86.65,0.316,0.367,0.0,0,0,0.0,0
15:02:55.619,499.384,FOCUSED,86.65,0.317,0.369,0.0,0,0,0.0,0
15:02:55.728,499.494,FOCUSED,86.65,0.311,0.368,0.0,0,0,0.0,0
15:02:55.847,499.613,FOCUSED,86.65,0.309,0.368,0.0,0,0,0.0,0
15:02:55.963,499.729,FOCUSED,86.65,0.308,0.369,0.0,0,0,0.0,0
15:02:56.084,499.85,FOCUSED,86.65,0.313,0.369,0.0,0,0,0.0,0
15:02:56.186,499.952,FOCUSED,86.65,0.313,0.366,0.0,0,0,0.0,0
15:02:56.310,500.076,FOCUSED,86.65,0.309,0.365,0.0,0,0,0.0,0
15:02:56.411,500.177,FOCUSED,86.65,0.312,0.367,0.0,0,0,0.0,0
15:02:56.515,500.281,FOCUSED,86.65,0.31,0.368,0.0,0,0,0.0,0
15:02:56.612,500.378,FOCUSED,86.65,0.318,0.371,0.0,0,0,0.0,0
15:02:56.727,500.493,FOCUSED,86.65,0.313,0.369,0.0,0,0,0.0,0
15:02:57.076,500.842,FOCUSED,86.65,0.31,0.366,0.0,0,0,0.0,0
15:02:57.231,500.997,FOCUSED,86.65,0.317,0.367,0.0,0,0,0.0,0
15:02:57.355,501.12,FOCUSED,86.65,0.32,0.371,0.0,0,0,0.0,0
15:02:57.475,501.24,FOCUSED,86.65,0.303,0.37,0.0,0,0,0.0,0
15:02:57.586,501.352,FOCUSED,86.65,0.304,0.373,0.0,0,0,0.0,0
15:02:57.703,501.469,FOCUSED,86.65,0.306,0.375,0.0,0,0,0.0,0
15:02:57.808,501.574,FOCUSED,86.65,0.31,0.375,0.0,0,0,0.0,0
15:02:57.925,501.691,FOCUSED,86.65,0.311,0.376,0.0,0,0,0.0,0
15:02:58.038,501.804,FOCUSED,86.65,0.313,0.371,0.0,0,0,0.0,0
15:02:58.139,501.904,FOCUSED,86.65,0.311,0.371,0.0,0,0,0.0,0
15:02:58.268,502.034,FOCUSED,86.65,0.307,0.371,0.0,0,0,0.0,0
15:02:58.379,502.145,FOCUSED,86.65,0.309,0.37,0.0,0,0,0.0,0
15:02:58.485,502.252,FOCUSED,86.65,0.307,0.373,0.0,0,0,0.0,0
15:02:58.597,502.363,FOCUSED,86.65,0.309,0.373,0.0,0,0,0.0,0
15:02:58.701,502.466,FOCUSED,86.65,0.308,0.373,0.0,0,0,0.0,0
15:02:58.836,502.601,FOCUSED,86.65,0.31,0.373,0.0,0,0,0.0,0
15:02:58.948,502.714,FOCUSED,86.65,0.311,0.373,0.0,0,0,0.0,0
15:02:59.069,502.834,FOCUSED,86.65,0.307,0.371,0.0,0,0,0.0,0
15:02:59.175,502.94,FOCUSED,86.65,0.312,0.371,0.0,0,0,0.0,0
15:02:59.284,503.05,FOCUSED,86.65,0.311,0.371,0.0,0,0,0.0,0
15:02:59.399,503.165,FOCUSED,86.65,0.315,0.369,0.0,0,0,0.0,0
15:02:59.503,503.269,FOCUSED,86.65,0.307,0.37,0.0,0,0,0.0,0
15:02:59.620,503.386,FOCUSED,86.65,0.303,0.365,0.0,0,0,0.0,0
15:02:59.725,503.491,FOCUSED,86.65,0.304,0.365,0.0,0,0,0.0,0
15:02:59.828,503.593,FOCUSED,86.65,0.301,0.369,0.0,0,0,0.0,0
15:02:59.949,503.715,FOCUSED,86.65,0.303,0.369,0.0,0,0,0.0,0
15:03:00.067,503.833,FOCUSED,86.65,0.298,0.37,0.0,0,0,0.0,0
15:03:00.192,503.957,FOCUSED,86.65,0.298,0.371,0.0,0,0,0.0,0
15:03:00.300,504.066,FOCUSED,86.65,0.291,0.371,0.0,0,0,0.0,0
15:03:00.453,504.218,FOCUSED,86.65,0.289,0.37,0.0,0,0,0.0,0
15:03:00.566,504.331,FOCUSED,86.65,0.289,0.372,0.0,0,0,0.0,0
15:03:00.665,504.43,FOCUSED,86.65,0.29,0.377,0.0,0,0,0.0,0
15:03:00.774,504.539,FOCUSED,86.65,0.288,0.376,0.0,0,0,0.0,0
15:03:00.890,504.656,FOCUSED,86.65,0.288,0.374,0.0,0,0,0.0,0
15:03:00.994,504.76,FOCUSED,86.65,0.288,0.377,0.0,0,0,0.0,0
15:03:01.103,504.868,FOCUSED,86.65,0.301,0.377,0.0,0,0,0.0,0
15:03:01.213,504.978,FOCUSED,86.65,0.299,0.377,0.0,0,0,0.0,0
15:03:01.315,505.081,FOCUSED,86.65,0.302,0.378,0.0,0,0,0.0,0
15:03:01.428,505.194,FOCUSED,86.65,0.304,0.38,0.0,0,0,0.0,0
15:03:01.541,505.306,FOCUSED,86.65,0.308,0.382,0.0,0,0,0.0,0
15:03:01.644,505.409,FOCUSED,86.65,0.302,0.384,0.0,0,0,0.0,0
15:03:01.750,505.516,FOCUSED,86.65,0.301,0.383,0.0,0,0,0.0,0
15:03:01.850,505.615,FOCUSED,86.65,0.298,0.382,0.0,0,0,0.0,0
15:03:01.950,505.716,FOCUSED,86.65,0.306,0.381,0.0,0,0,0.0,0
15:03:02.054,505.819,FOCUSED,86.65,0.303,0.38,0.0,0,0,0.0,0
15:03:02.159,505.926,FOCUSED,86.65,0.304,0.379,0.0,0,0,0.0,0
15:03:02.260,506.026,FOCUSED,86.65,0.305,0.374,0.0,0,0,0.0,0
15:03:02.378,506.144,FOCUSED,86.65,0.304,0.378,0.0,0,0,0.0,0
15:03:02.485,506.25,FOCUSED,86.65,0.307,0.378,0.0,0,0,0.0,0
15:03:02.593,506.359,FOCUSED,86.65,0.299,0.38,0.0,0,0,0.0,0
15:03:02.696,506.461,FOCUSED,86.65,0.297,0.377,0.0,0,0,0.0,0
15:03:02.814,506.58,FOCUSED,86.65,0.298,0.38,0.0,0,0,0.0,0
15:03:02.900,506.666,FOCUSED,86.65,0.305,0.379,0.0,0,0,0.0,0
15:03:03.029,506.795,FOCUSED,86.65,0.307,0.381,0.0,0,0,0.0,0
15:03:03.131,506.897,FOCUSED,86.65,0.302,0.382,0.0,0,0,0.0,0
15:03:03.239,507.005,FOCUSED,86.65,0.302,0.382,0.0,0,0,0.0,0
15:03:03.350,507.115,FOCUSED,86.65,0.308,0.384,0.0,0,0,0.0,0
15:03:03.448,507.214,FOCUSED,86.65,0.308,0.381,0.0,0,0,0.0,0
15:03:03.546,507.312,FOCUSED,86.65,0.295,0.376,0.0,0,0,0.0,0
15:03:03.647,507.413,FOCUSED,86.65,0.3,0.377,0.0,0,0,0.0,0
15:03:03.760,507.526,FOCUSED,86.65,0.291,0.376,0.0,0,0,0.0,0
15:03:03.909,507.674,FOCUSED,86.65,0.301,0.384,0.0,0,0,0.0,0
15:03:04.010,507.776,FOCUSED,86.65,0.298,0.383,0.0,0,0,0.0,0
15:03:04.114,507.88,FOCUSED,86.65,0.298,0.383,0.0,0,0,0.0,0
15:03:04.236,508.001,FOCUSED,86.65,0.295,0.382,0.0,0,0,0.0,0
15:03:04.370,508.136,FOCUSED,86.65,0.268,0.371,0.0,0,0,0.0,0
15:03:04.477,508.243,FOCUSED,86.65,0.275,0.374,0.0,0,0,0.0,0
15:03:04.582,508.347,FOCUSED,86.65,0.28,0.374,0.0,0,0,0.0,0
15:03:04.693,508.458,FOCUSED,86.65,0.282,0.376,0.0,0,0,0.0,0
15:03:04.804,508.57,FOCUSED,86.65,0.287,0.375,0.0,0,0,0.0,0
15:03:04.915,508.68,FOCUSED,86.65,0.27,0.373,0.0,0,0,0.0,0
15:03:05.014,508.78,FOCUSED,86.65,0.26,0.368,0.0,0,0,0.0,0
15:03:05.153,508.918,FOCUSED,86.65,0.075,0.364,0.0,0,0,0.6,0
15:03:05.313,509.079,FOCUSED,86.65,0.228,0.353,0.0,0,0,0.0,0
15:03:05.417,509.182,FOCUSED,86.65,0.261,0.339,0.0,0,0,0.0,0
15:03:05.565,509.331,FOCUSED,86.65,0.283,0.323,0.0,0,0,0.0,0
15:03:05.720,509.485,FOCUSED,86.65,0.301,0.325,0.0,0,0,0.0,0
15:03:05.853,509.619,FOCUSED,86.65,0.307,0.323,0.0,0,0,0.0,0
15:03:05.991,509.756,FOCUSED,86.65,0.303,0.323,0.0,0,0,0.0,0
15:03:06.125,509.89,FOCUSED,86.65,0.292,0.318,0.0,0,0,0.0,0
15:03:06.266,510.031,FOCUSED,86.65,0.297,0.303,0.0,0,0,0.0,0
15:03:06.395,510.161,FOCUSED,86.65,0.304,0.294,0.0,0,0,0.0,0
15:03:06.516,510.281,FOCUSED,86.65,0.299,0.298,0.0,0,0,0.0,0
15:03:06.650,510.415,FOCUSED,86.65,0.303,0.31,0.0,0,0,0.0,0
15:03:06.782,510.547,FOCUSED,86.65,0.31,0.308,0.0,0,0,0.0,0
15:03:06.920,510.686,FOCUSED,86.65,0.296,0.317,0.0,0,0,0.0,0
15:03:07.054,510.819,FOCUSED,86.65,0.297,0.328,0.0,0,0,0.0,0
15:03:07.182,510.948,FOCUSED,86.65,0.289,0.314,0.0,0,0,0.0,0
15:03:07.320,511.087,FOCUSED,86.65,0.286,0.303,0.0,0,0,0.0,0
15:03:07.472,511.238,FOCUSED,86.65,0.278,0.305,0.0,0,0,0.0,0
15:03:07.617,511.383,FOCUSED,86.65,0.285,0.315,0.0,0,0,0.0,0
15:03:07.736,511.501,FOCUSED,86.65,0.277,0.318,0.0,0,0,0.0,0
15:03:07.854,511.62,FOCUSED,86.65,0.285,0.32,0.0,0,0,0.0,0
15:03:07.963,511.729,FOCUSED,86.65,0.275,0.327,0.0,0,0,0.0,0
15:03:08.070,511.836,FOCUSED,86.65,0.276,0.325,0.0,0,0,0.0,0
15:03:08.177,511.943,FOCUSED,86.65,0.281,0.328,0.0,0,0,0.0,0
15:03:08.286,512.051,FOCUSED,86.65,0.276,0.333,0.0,0,0,0.0,0
15:03:08.407,512.173,FOCUSED,86.65,0.272,0.336,0.0,0,0,0.0,0
15:03:08.525,512.29,FOCUSED,86.65,0.27,0.33,0.0,0,0,0.0,0
15:03:08.628,512.394,FOCUSED,86.65,0.275,0.332,0.0,0,0,0.0,0
15:03:08.747,512.513,FOCUSED,86.65,0.277,0.336,0.0,0,0,0.0,0
15:03:08.864,512.63,FOCUSED,86.65,0.282,0.34,0.0,0,0,0.0,0
15:03:08.968,512.734,FOCUSED,86.65,0.286,0.34,0.0,0,0,0.0,0
15:03:09.078,512.843,FOCUSED,86.65,0.275,0.341,0.0,0,0,0.0,0
15:03:09.181,512.947,FOCUSED,86.65,0.286,0.343,0.0,0,0,0.0,0
15:03:09.294,513.06,FOCUSED,86.65,0.289,0.343,0.0,0,0,0.0,0
15:03:09.395,513.161,FOCUSED,86.65,0.281,0.344,0.0,0,0,0.0,0
15:03:09.518,513.284,FOCUSED,86.65,0.272,0.342,0.0,0,0,0.0,0
15:03:09.642,513.408,FOCUSED,86.65,0.272,0.346,0.0,0,0,0.0,0
15:03:09.754,513.52,FOCUSED,86.65,0.291,0.347,0.0,0,0,0.0,0
15:03:09.872,513.638,FOCUSED,86.65,0.076,0.344,0.0,0,0,0.6,0
15:03:09.986,513.752,FOCUSED,86.65,0.254,0.355,0.0,0,0,0.0,0
15:03:10.101,513.867,FOCUSED,86.65,0.275,0.361,0.0,0,0,0.0,0
15:03:10.213,513.979,FOCUSED,86.65,0.28,0.358,0.0,0,0,0.0,0
15:03:10.322,514.088,FOCUSED,86.65,0.292,0.358,0.0,0,0,0.0,0
15:03:10.427,514.192,FOCUSED,86.65,0.297,0.357,0.0,0,0,0.0,0
15:03:10.523,514.288,FOCUSED,86.65,0.292,0.357,0.0,0,0,0.0,0
15:03:10.638,514.404,FOCUSED,86.65,0.296,0.357,0.0,0,0,0.0,0
15:03:10.763,514.529,FOCUSED,86.65,0.299,0.358,0.0,0,0,0.0,0
15:03:10.866,514.632,FOCUSED,86.65,0.296,0.36,0.0,0,0,0.0,0
15:03:10.981,514.747,FOCUSED,86.65,0.302,0.36,0.0,0,0,0.0,0
15:03:11.105,514.87,FOCUSED,86.65,0.304,0.36,0.0,0,0,0.0,0
15:03:11.222,514.987,FOCUSED,86.65,0.304,0.36,0.0,0,0,0.0,0
15:03:11.349,515.114,FOCUSED,86.65,0.296,0.359,0.0,0,0,0.0,0
15:03:11.469,515.235,FOCUSED,86.65,0.296,0.357,0.0,0,0,0.0,0
15:03:11.578,515.344,FOCUSED,86.65,0.297,0.36,0.0,0,0,0.0,0
15:03:11.678,515.444,FOCUSED,86.65,0.298,0.357,0.0,0,0,0.0,0
15:03:11.901,515.667,FOCUSED,86.65,0.298,0.355,0.0,0,0,0.0,0
15:03:12.018,515.784,FOCUSED,86.65,0.303,0.351,0.0,0,0,0.0,0
15:03:12.137,515.903,FOCUSED,86.65,0.299,0.352,0.0,0,0,0.0,0
15:03:12.249,516.015,FOCUSED,86.65,0.299,0.352,0.0,0,0,0.0,0
15:03:12.370,516.136,FOCUSED,86.65,0.297,0.353,0.0,0,0,0.0,0
15:03:12.486,516.252,FOCUSED,86.65,0.299,0.351,0.0,0,0,0.0,0
15:03:12.631,516.397,FOCUSED,86.65,0.293,0.352,0.0,0,0,0.0,0
15:03:12.741,516.507,FOCUSED,86.65,0.296,0.354,0.0,0,0,0.0,0
15:03:12.850,516.616,FOCUSED,86.65,0.298,0.351,0.0,0,0,0.0,0
15:03:12.952,516.718,FOCUSED,86.65,0.294,0.35,0.0,0,0,0.0,0
15:03:13.064,516.83,FOCUSED,86.65,0.297,0.354,0.0,0,0,0.0,0
15:03:13.171,516.936,FOCUSED,86.65,0.299,0.35,0.0,0,0,0.0,0
15:03:13.272,517.039,FOCUSED,86.65,0.296,0.35,0.0,0,0,0.0,0
15:03:13.384,517.149,FOCUSED,86.65,0.294,0.346,0.0,0,0,0.0,0
15:03:13.496,517.262,FOCUSED,86.65,0.286,0.347,0.0,0,0,0.0,0
15:03:13.614,517.379,FOCUSED,86.65,0.291,0.35,0.0,0,0,0.0,0
15:03:13.719,517.486,FOCUSED,86.65,0.291,0.347,0.0,0,0,0.0,0
15:03:13.833,517.599,FOCUSED,86.65,0.296,0.35,0.0,0,0,0.0,0
15:03:13.932,517.697,FOCUSED,86.65,0.296,0.355,0.0,0,0,0.0,0
15:03:14.052,517.817,FOCUSED,86.65,0.298,0.361,0.0,0,0,0.0,0
15:03:14.166,517.931,FOCUSED,86.65,0.297,0.357,0.0,0,0,0.0,0
15:03:14.271,518.037,FOCUSED,86.65,0.292,0.36,0.0,0,0,0.0,0
15:03:14.362,518.127,FOCUSED,86.65,0.29,0.356,0.0,0,0,0.0,0
15:03:14.468,518.233,FOCUSED,86.65,0.289,0.355,0.0,0,0,0.0,0
15:03:14.587,518.353,FOCUSED,86.65,0.287,0.343,0.0,0,0,0.0,0
15:03:14.702,518.467,FOCUSED,86.65,0.283,0.343,0.0,0,0,0.0,0
15:03:14.813,518.578,FOCUSED,86.65,0.28,0.347,0.0,0,0,0.0,0
15:03:14.936,518.701,FOCUSED,86.65,0.281,0.35,0.0,0,0,0.0,0
15:03:15.060,518.826,FOCUSED,86.65,0.282,0.349,0.0,0,0,0.0,0
15:03:15.186,518.951,FOCUSED,86.65,0.279,0.352,0.0,0,0,0.0,0
15:03:15.299,519.065,FOCUSED,86.65,0.282,0.359,0.0,0,0,0.0,0
15:03:15.414,519.18,FOCUSED,86.65,0.287,0.362,0.0,0,0,0.0,0
15:03:15.525,519.291,FOCUSED,86.65,0.289,0.366,0.0,0,0,0.0,0
15:03:15.634,519.4,FOCUSED,86.65,0.064,0.354,0.0,0,0,0.6,0
15:03:15.753,519.518,FOCUSED,86.65,0.243,0.36,0.0,0,0,0.0,0
15:03:15.868,519.634,FOCUSED,86.65,0.278,0.358,0.0,0,0,0.0,0
15:03:15.988,519.754,FOCUSED,86.65,0.288,0.358,0.0,0,0,0.0,0
15:03:16.107,519.873,FOCUSED,86.65,0.292,0.358,0.0,0,0,0.0,0
15:03:16.225,519.99,FOCUSED,86.65,0.298,0.36,0.0,0,0,0.0,0
15:03:16.355,520.121,FOCUSED,86.65,0.304,0.357,0.0,0,0,0.0,0
15:03:16.474,520.239,FOCUSED,86.65,0.308,0.359,0.0,0,0,0.0,0
15:03:16.578,520.343,FOCUSED,86.65,0.303,0.36,0.0,0,0,0.0,0
15:03:16.683,520.448,FOCUSED,86.65,0.306,0.362,0.0,0,0,0.0,0
15:03:16.793,520.559,FOCUSED,86.65,0.306,0.362,0.0,0,0,0.0,0
15:03:16.900,520.666,FOCUSED,86.65,0.311,0.364,0.0,0,0,0.0,0
15:03:17.012,520.777,FOCUSED,86.65,0.317,0.365,0.0,0,0,0.0,0
15:03:17.130,520.895,FOCUSED,86.65,0.319,0.364,0.0,0,0,0.0,0
15:03:17.239,521.005,FOCUSED,86.65,0.315,0.363,0.0,0,0,0.0,0
15:03:17.353,521.118,FOCUSED,86.65,0.312,0.357,0.0,0,0,0.0,0
15:03:17.479,521.244,FOCUSED,86.65,0.31,0.359,0.0,0,0,0.0,0
15:03:17.591,521.356,FOCUSED,86.65,0.309,0.36,0.0,0,0,0.0,0
15:03:17.710,521.476,FOCUSED,86.65,0.311,0.354,0.0,0,0,0.0,0
15:03:17.815,521.581,FOCUSED,86.65,0.311,0.35,0.0,0,0,0.0,0
15:03:17.929,521.695,FOCUSED,86.65,0.311,0.345,0.0,0,0,0.0,0
15:03:18.030,521.795,FOCUSED,86.65,0.302,0.352,0.0,0,0,0.0,0
15:03:18.148,521.913,FOCUSED,86.65,0.301,0.349,0.0,0,0,0.0,0
15:03:18.261,522.027,FOCUSED,86.65,0.292,0.356,0.0,0,0,0.0,0
15:03:18.394,522.159,FOCUSED,86.65,0.293,0.355,0.0,0,0,0.0,0
15:03:18.503,522.269,FOCUSED,86.65,0.29,0.354,0.0,0,0,0.0,0
15:03:18.623,522.389,FOCUSED,86.65,0.289,0.355,0.0,0,0,0.0,0
15:03:18.741,522.507,FOCUSED,86.65,0.286,0.355,0.0,0,0,0.0,0
15:03:18.850,522.616,FOCUSED,86.65,0.29,0.353,0.0,0,0,0.0,0
15:03:18.961,522.727,FOCUSED,86.65,0.291,0.353,0.0,0,0,0.0,0
15:03:19.082,522.848,FOCUSED,86.65,0.292,0.353,0.0,0,0,0.0,0
15:03:19.212,522.978,FOCUSED,86.65,0.29,0.348,0.0,0,0,0.0,0
15:03:19.324,523.09,FOCUSED,86.65,0.288,0.35,0.0,0,0,0.0,0
15:03:19.436,523.201,FOCUSED,86.65,0.294,0.352,0.0,0,0,0.0,0
15:03:19.546,523.312,FOCUSED,86.65,0.293,0.353,0.0,0,0,0.0,0
15:03:19.651,523.417,FOCUSED,86.65,0.295,0.352,0.0,0,0,0.0,0
15:03:19.759,523.524,FOCUSED,86.65,0.293,0.35,0.0,0,0,0.0,0
15:03:19.869,523.634,FOCUSED,86.65,0.288,0.348,0.0,0,0,0.0,0
15:03:19.996,523.762,FOCUSED,86.65,0.287,0.351,0.0,0,0,0.0,0
15:03:20.140,523.906,FOCUSED,86.65,0.289,0.352,0.0,0,0,0.0,0
15:03:20.261,524.027,FOCUSED,86.65,0.287,0.35,0.0,0,0,0.0,0
15:03:20.385,524.15,FOCUSED,86.65,0.283,0.35,0.0,0,0,0.0,0
15:03:20.500,524.266,FOCUSED,86.65,0.285,0.354,0.0,0,0,0.0,0
15:03:20.619,524.385,FOCUSED,86.65,0.283,0.352,0.0,0,0,0.0,0
15:03:20.727,524.492,FOCUSED,86.65,0.282,0.352,0.0,0,0,0.0,0
15:03:20.834,524.6,FOCUSED,86.65,0.287,0.35,0.0,0,0,0.0,0
15:03:20.938,524.704,FOCUSED,86.65,0.288,0.349,0.0,0,0,0.0,0
15:03:21.061,524.827,FOCUSED,86.65,0.057,0.336,0.0,0,0,0.6,0
15:03:21.169,524.935,FOCUSED,86.65,0.253,0.344,0.0,0,0,0.0,0
15:03:21.282,525.048,FOCUSED,86.65,0.275,0.342,0.0,0,0,0.0,0
15:03:21.384,525.15,FOCUSED,86.65,0.28,0.348,0.0,0,0,0.0,0
15:03:21.501,525.267,FOCUSED,86.65,0.283,0.352,0.0,0,0,0.0,0
15:03:21.597,525.362,FOCUSED,86.65,0.284,0.35,0.0,0,0,0.0,0
15:03:21.709,525.474,FOCUSED,86.65,0.288,0.354,0.0,0,0,0.0,0
15:03:21.819,525.585,FOCUSED,86.65,0.286,0.355,0.0,0,0,0.0,0
15:03:21.918,525.684,FOCUSED,86.65,0.288,0.356,0.0,0,0,0.0,0
15:03:22.027,525.793,FOCUSED,86.65,0.285,0.355,0.0,0,0,0.0,0
15:03:22.135,525.901,FOCUSED,86.65,0.286,0.358,0.0,0,0,0.0,0
15:03:22.241,526.007,FOCUSED,86.65,0.289,0.356,0.0,0,0,0.0,0
15:03:22.355,526.121,FOCUSED,86.65,0.289,0.356,0.0,0,0,0.0,0
15:03:22.485,526.251,FOCUSED,86.65,0.292,0.356,0.0,0,0,0.0,0
15:03:22.596,526.362,FOCUSED,86.65,0.293,0.355,0.0,0,0,0.0,0
15:03:22.706,526.472,FOCUSED,86.65,0.294,0.355,0.0,0,0,0.0,0
15:03:22.814,526.58,FOCUSED,86.65,0.295,0.36,0.0,0,0,0.0,0
15:03:22.930,526.696,FOCUSED,86.65,0.291,0.357,0.0,0,0,0.0,0
15:03:23.042,526.807,FOCUSED,86.65,0.293,0.359,0.0,0,0,0.0,0
15:03:23.155,526.92,FOCUSED,86.65,0.299,0.357,0.0,0,0,0.0,0
15:03:23.263,527.029,FOCUSED,86.65,0.298,0.358,0.0,0,0,0.0,0
15:03:23.373,527.139,FOCUSED,86.65,0.3,0.356,0.0,0,0,0.0,0
15:03:23.468,527.233,FOCUSED,86.65,0.298,0.355,0.0,0,0,0.0,0
15:03:23.578,527.344,FOCUSED,86.65,0.305,0.357,0.0,0,0,0.0,0
15:03:23.693,527.459,FOCUSED,86.65,0.302,0.361,0.0,0,0,0.0,0
15:03:23.813,527.579,FOCUSED,86.65,0.301,0.361,0.0,0,0,0.0,0
15:03:23.917,527.682,FOCUSED,86.65,0.308,0.363,0.0,0,0,0.0,0
15:03:24.032,527.798,FOCUSED,86.65,0.33,0.376,0.0,0,0,0.0,0
15:03:24.154,527.92,FOCUSED,86.65,0.382,0.372,0.0,0,0,0.0,0
15:03:24.262,528.027,FOCUSED,86.65,0.414,0.359,0.0,0,0,0.0,0
15:03:24.369,528.134,FOCUSED,86.65,0.403,0.35,0.0,0,0,0.0,0
15:03:24.468,528.234,FOCUSED,86.65,0.402,0.349,0.0,0,0,0.0,0
15:03:24.594,528.36,FOCUSED,86.65,0.397,0.348,0.0,0,0,0.0,0
15:03:24.706,528.472,FOCUSED,86.65,0.058,0.337,0.0,0,0,0.6,0
15:03:24.819,528.584,FOCUSED,86.65,0.295,0.355,0.0,0,0,0.0,0
15:03:24.926,528.692,FOCUSED,86.65,0.306,0.356,0.0,0,0,0.0,0
15:03:25.037,528.803,FOCUSED,86.65,0.303,0.361,0.0,0,0,0.0,0
15:03:25.150,528.915,FOCUSED,86.65,0.307,0.357,0.0,0,0,0.0,0
15:03:25.255,529.02,FOCUSED,86.65,0.31,0.358,0.0,0,0,0.0,0
15:03:25.367,529.132,FOCUSED,86.65,0.305,0.363,0.0,0,0,0.0,0
15:03:25.485,529.251,FOCUSED,86.65,0.3,0.363,0.0,0,0,0.0,0
15:03:25.621,529.386,FOCUSED,86.65,0.295,0.362,0.0,0,0,0.0,0
15:03:25.729,529.495,FOCUSED,86.65,0.3,0.361,0.0,0,0,0.0,0
15:03:25.864,529.629,FOCUSED,86.65,0.296,0.359,0.0,0,0,0.0,0
15:03:25.984,529.749,FOCUSED,86.65,0.301,0.359,0.0,0,0,0.0,0
15:03:26.091,529.856,FOCUSED,86.65,0.293,0.367,0.0,0,0,0.0,0
15:03:26.227,529.993,FOCUSED,86.65,0.298,0.365,0.0,0,0,0.0,0
15:03:26.337,530.103,FOCUSED,86.65,0.298,0.364,0.0,0,0,0.0,0
15:03:26.445,530.211,FOCUSED,86.65,0.296,0.366,0.0,0,0,0.0,0
15:03:26.559,530.325,FOCUSED,86.65,0.302,0.367,0.0,0,0,0.0,0
15:03:26.677,530.443,FOCUSED,86.65,0.306,0.366,0.0,0,0,0.0,0
15:03:26.924,530.69,FOCUSED,86.65,0.306,0.365,0.0,0,0,0.0,0
15:03:27.053,530.819,FOCUSED,86.65,0.312,0.366,0.0,0,0,0.0,0
15:03:27.170,530.935,FOCUSED,86.65,0.316,0.365,0.0,0,0,0.0,0
15:03:27.294,531.059,FOCUSED,86.65,0.313,0.365,0.0,0,0,0.0,0
15:03:27.404,531.171,FOCUSED,86.65,0.307,0.365,0.0,0,0,0.0,0
15:03:27.526,531.291,FOCUSED,86.65,0.302,0.365,0.0,0,0,0.0,0
15:03:27.645,531.411,FOCUSED,86.65,0.312,0.366,0.0,0,0,0.0,0
15:03:27.760,531.527,FOCUSED,86.65,0.31,0.366,0.0,0,0,0.0,0
15:03:27.868,531.634,FOCUSED,86.65,0.31,0.368,0.0,0,0,0.0,0
15:03:27.997,531.763,FOCUSED,86.65,0.309,0.37,0.0,0,0,0.0,0
15:03:28.115,531.881,FOCUSED,86.65,0.301,0.372,0.0,0,0,0.0,0
15:03:28.244,532.009,FOCUSED,86.65,0.08,0.364,0.0,0,0,0.6,0
15:03:28.355,532.12,FOCUSED,86.65,0.303,0.376,0.0,0,0,0.0,0
15:03:28.467,532.233,FOCUSED,86.65,0.323,0.377,0.0,0,0,0.0,0
15:03:28.566,532.332,FOCUSED,86.65,0.325,0.373,0.0,0,0,0.0,0
15:03:28.686,532.451,FOCUSED,86.65,0.331,0.374,0.0,0,0,0.0,0
15:03:28.791,532.557,FOCUSED,86.65,0.322,0.375,0.0,0,0,0.0,0
15:03:28.912,532.678,FOCUSED,86.65,0.321,0.375,0.0,0,0,0.0,0
15:03:29.025,532.791,FOCUSED,86.65,0.324,0.373,0.0,0,0,0.0,0
15:03:29.134,532.9,FOCUSED,86.65,0.314,0.373,0.0,0,0,0.0,0
15:03:29.228,532.995,FOCUSED,86.65,0.318,0.374,0.0,0,0,0.0,0
15:03:29.329,533.095,FOCUSED,86.65,0.322,0.372,0.0,0,0,0.0,0
15:03:29.443,533.209,FOCUSED,86.65,0.32,0.375,0.0,0,0,0.0,0
15:03:29.547,533.312,FOCUSED,86.65,0.319,0.374,0.0,0,0,0.0,0
15:03:29.640,533.405,FOCUSED,86.65,0.319,0.372,0.0,0,0,0.0,0
15:03:29.747,533.513,FOCUSED,86.65,0.321,0.371,0.0,0,0,0.0,0
15:03:29.874,533.64,FOCUSED,86.65,0.321,0.372,0.0,0,0,0.0,0
15:03:29.987,533.752,FOCUSED,86.65,0.321,0.368,0.0,0,0,0.0,0
15:03:30.099,533.865,FOCUSED,86.65,0.315,0.369,0.0,0,0,0.0,0
15:03:30.220,533.986,FOCUSED,86.65,0.322,0.366,0.0,0,0,0.0,0
15:03:30.340,534.105,FOCUSED,86.65,0.315,0.368,0.0,0,0,0.0,0
15:03:30.448,534.214,FOCUSED,86.65,0.318,0.368,0.0,0,0,0.0,0
15:03:30.595,534.36,FOCUSED,86.65,0.316,0.368,0.0,0,0,0.0,0
15:03:30.713,534.479,FOCUSED,86.65,0.316,0.371,0.0,0,0,0.0,0
15:03:30.820,534.586,FOCUSED,86.65,0.311,0.371,0.0,0,0,0.0,0
15:03:30.919,534.685,FOCUSED,86.65,0.314,0.372,0.0,0,0,0.0,0
15:03:31.023,534.789,FOCUSED,86.65,0.318,0.373,0.0,0,0,0.0,0
15:03:31.142,534.907,FOCUSED,86.65,0.315,0.373,0.0,0,0,0.0,0
15:03:31.255,535.021,FOCUSED,86.65,0.303,0.374,0.0,0,0,0.0,0
15:03:31.366,535.132,FOCUSED,86.65,0.301,0.373,0.0,0,0,0.0,0
15:03:31.484,535.25,FOCUSED,86.65,0.302,0.373,0.0,0,0,0.0,0
15:03:31.591,535.357,FOCUSED,86.65,0.307,0.373,0.0,0,0,0.0,0
15:03:31.699,535.465,FOCUSED,86.65,0.314,0.373,0.0,0,0,0.0,0
15:03:31.809,535.575,FOCUSED,86.65,0.317,0.374,0.0,0,0,0.0,0
15:03:31.921,535.687,FOCUSED,86.65,0.316,0.374,0.0,0,0,0.0,0
15:03:32.038,535.804,FOCUSED,86.65,0.318,0.37,0.0,0,0,0.0,0
15:03:32.160,535.926,FOCUSED,86.65,0.319,0.371,0.0,0,0,0.0,0
15:03:32.258,536.024,FOCUSED,86.65,0.31,0.373,0.0,0,0,0.0,0
15:03:32.389,536.155,FOCUSED,86.65,0.306,0.373,0.0,0,0,0.0,0
15:03:32.524,536.29,FOCUSED,86.65,0.301,0.373,0.0,0,0,0.0,0
15:03:32.652,536.418,FOCUSED,86.65,0.308,0.374,0.0,0,0,0.0,0
15:03:32.749,536.515,FOCUSED,86.65,0.302,0.376,0.0,0,0,0.0,0
15:03:32.856,536.622,FOCUSED,86.65,0.31,0.375,0.0,0,0,0.0,0
15:03:32.966,536.732,FOCUSED,86.65,0.304,0.375,0.0,0,0,0.0,0
15:03:33.086,536.851,FOCUSED,86.65,0.301,0.376,0.0,0,0,0.0,0
15:03:33.193,536.959,FOCUSED,86.65,0.306,0.372,0.0,0,0,0.0,0
15:03:33.303,537.068,FOCUSED,86.65,0.306,0.375,0.0,0,0,0.0,0
15:03:33.406,537.172,FOCUSED,86.65,0.307,0.375,0.0,0,0,0.0,0
15:03:33.527,537.293,FOCUSED,86.65,0.309,0.375,0.0,0,0,0.0,0
15:03:33.643,537.409,FOCUSED,86.65,0.312,0.375,0.0,0,0,0.0,0
15:03:33.750,537.516,FOCUSED,86.65,0.313,0.376,0.0,0,0,0.0,0
15:03:33.870,537.635,FOCUSED,86.65,0.307,0.376,0.0,0,0,0.0,0
15:03:34.003,537.769,FOCUSED,86.65,0.302,0.375,0.0,0,0,0.0,0
15:03:34.110,537.876,FOCUSED,86.65,0.308,0.375,0.0,0,0,0.0,0
15:03:34.216,537.981,FOCUSED,86.65,0.312,0.378,0.0,0,0,0.0,0
15:03:34.342,538.108,FOCUSED,86.65,0.306,0.378,0.0,0,0,0.0,0
15:03:34.452,538.218,FOCUSED,86.65,0.303,0.378,0.0,0,0,0.0,0
15:03:34.580,538.345,FOCUSED,86.65,0.306,0.376,0.0,0,0,0.0,0
15:03:34.693,538.459,FOCUSED,86.65,0.296,0.376,0.0,0,0,0.0,0
15:03:34.800,538.566,FOCUSED,86.65,0.3,0.377,0.0,0,0,0.0,0
15:03:34.900,538.665,FOCUSED,86.65,0.303,0.376,0.0,0,0,0.0,0
15:03:35.006,538.772,FOCUSED,86.65,0.302,0.375,0.0,0,0,0.0,0
15:03:35.114,538.879,FOCUSED,86.65,0.305,0.377,0.0,0,0,0.0,0
15:03:35.222,538.988,FOCUSED,86.65,0.308,0.375,0.0,0,0,0.0,0
15:03:35.347,539.113,FOCUSED,86.65,0.301,0.376,0.0,0,0,0.0,0
15:03:35.446,539.212,FOCUSED,86.65,0.304,0.376,0.0,0,0,0.0,0
15:03:35.558,539.324,FOCUSED,86.65,0.307,0.373,0.0,0,0,0.0,0
15:03:35.687,539.453,FOCUSED,86.65,0.309,0.373,0.0,0,0,0.0,0
15:03:35.793,539.559,FOCUSED,86.65,0.304,0.377,0.0,0,0,0.0,0
15:03:35.934,539.7,FOCUSED,86.65,0.311,0.377,0.0,0,0,0.0,0
15:03:36.049,539.815,FOCUSED,86.65,0.317,0.375,0.0,0,0,0.0,0
15:03:36.159,539.925,FOCUSED,86.65,0.312,0.378,0.0,0,0,0.0,0
15:03:36.261,540.027,FOCUSED,86.65,0.313,0.375,0.0,0,0,0.0,0
15:03:36.365,540.13,FOCUSED,86.65,0.273,0.383,0.0,0,0,0.0,0
15:03:36.481,540.246,FOCUSED,86.65,0.328,0.388,0.0,0,0,0.0,0
15:03:36.605,540.371,FOCUSED,86.65,0.332,0.387,0.0,0,0,0.0,0
15:03:36.716,540.482,FOCUSED,86.65,0.336,0.384,0.0,0,0,0.0,0
15:03:36.821,540.587,FOCUSED,86.65,0.339,0.384,0.0,0,0,0.0,0
15:03:36.939,540.705,FOCUSED,86.65,0.338,0.384,0.0,0,0,0.0,0
15:03:37.041,540.807,FOCUSED,86.65,0.336,0.386,0.0,0,0,0.0,0
15:03:37.176,540.942,FOCUSED,86.65,0.335,0.384,0.0,0,0,0.0,0
15:03:37.285,541.051,FOCUSED,86.65,0.338,0.385,0.0,0,0,0.0,0
15:03:37.393,541.158,FOCUSED,86.65,0.345,0.385,0.0,0,0,0.0,0
15:03:37.529,541.295,FOCUSED,86.65,0.348,0.386,0.0,0,0,0.0,0
15:03:37.647,541.413,FOCUSED,86.65,0.348,0.386,0.0,0,0,0.0,0
15:03:37.752,541.518,FOCUSED,86.65,0.347,0.384,0.0,0,0,0.0,0
15:03:37.858,541.624,FOCUSED,86.65,0.342,0.384,0.0,0,0,0.0,0
15:03:37.953,541.719,FOCUSED,86.65,0.336,0.388,0.0,0,0,0.0,0
15:03:38.061,541.827,FOCUSED,86.65,0.344,0.39,0.0,0,0,0.0,0
15:03:38.176,541.941,FOCUSED,86.65,0.341,0.389,0.0,0,0,0.0,0
15:03:38.275,542.041,FOCUSED,86.65,0.346,0.39,0.0,0,0,0.0,0
15:03:38.400,542.166,FOCUSED,86.65,0.351,0.391,0.0,0,0,0.0,0
15:03:38.496,542.262,FOCUSED,86.65,0.352,0.387,0.0,0,0,0.0,0
15:03:38.595,542.361,FOCUSED,86.65,0.346,0.383,0.0,0,0,0.0,0
15:03:38.712,542.478,FOCUSED,86.65,0.354,0.383,0.0,0,0,0.0,0
15:03:38.818,542.583,FOCUSED,86.65,0.354,0.38,0.0,0,0,0.0,0
15:03:38.921,542.687,FOCUSED,86.65,0.356,0.388,0.0,0,0,0.0,0
15:03:39.036,542.801,FOCUSED,86.65,0.358,0.385,0.0,0,0,0.0,0
15:03:39.147,542.914,FOCUSED,86.65,0.355,0.383,0.0,0,0,0.0,0
15:03:39.251,543.017,FOCUSED,86.65,0.359,0.383,0.0,0,0,0.0,0
15:03:39.358,543.124,FOCUSED,86.65,0.36,0.383,0.0,0,0,0.0,0
15:03:39.469,543.235,FOCUSED,86.65,0.366,0.383,0.0,0,0,0.0,0
15:03:39.591,543.356,FOCUSED,86.65,0.366,0.382,0.0,0,0,0.0,0
15:03:39.694,543.459,FOCUSED,86.65,0.366,0.38,0.0,0,0,0.0,0
15:03:39.802,543.567,FOCUSED,86.65,0.363,0.381,0.0,0,0,0.0,0
15:03:39.930,543.696,FOCUSED,86.65,0.36,0.378,0.0,0,0,0.0,0
15:03:40.039,543.805,FOCUSED,86.65,0.363,0.376,0.0,0,0,0.0,0
15:03:40.155,543.921,FOCUSED,86.65,0.366,0.378,0.0,0,0,0.0,0
15:03:40.277,544.043,FOCUSED,86.65,0.365,0.377,0.0,0,0,0.0,0
15:03:40.395,544.16,FOCUSED,86.65,0.363,0.378,0.0,0,0,0.0,0
15:03:40.517,544.282,FOCUSED,86.65,0.366,0.377,0.0,0,0,0.0,0
15:03:40.621,544.387,FOCUSED,86.65,0.366,0.376,0.0,0,0,0.0,0
15:03:40.736,544.502,FOCUSED,86.65,0.359,0.375,0.0,0,0,0.0,0
15:03:40.845,544.61,FOCUSED,86.65,0.365,0.372,0.0,0,0,0.0,0
15:03:40.951,544.717,FOCUSED,86.65,0.36,0.372,0.0,0,0,0.0,0
15:03:41.069,544.834,FOCUSED,86.65,0.365,0.373,0.0,0,0,0.0,0
15:03:41.174,544.94,FOCUSED,86.65,0.357,0.372,0.0,0,0,0.0,0
15:03:41.289,545.055,FOCUSED,86.65,0.352,0.371,0.0,0,0,0.0,0
15:03:41.396,545.162,FOCUSED,86.65,0.265,0.364,0.0,0,0,0.0,0
15:03:41.498,545.263,FOCUSED,86.65,0.229,0.356,0.0,0,0,0.0,0
15:03:41.620,545.385,FOCUSED,86.65,0.308,0.368,0.0,0,0,0.0,0
15:03:41.755,545.52,FOCUSED,86.65,0.312,0.365,0.0,0,0,0.0,0
15:03:41.966,545.732,FOCUSED,86.65,0.317,0.366,0.0,0,0,0.0,0
15:03:42.111,545.877,FOCUSED,86.65,0.324,0.366,0.0,0,0,0.0,0
15:03:42.227,545.993,FOCUSED,86.65,0.325,0.366,0.0,0,0,0.0,0
15:03:42.349,546.115,FOCUSED,86.65,0.333,0.369,0.0,0,0,0.0,0
15:03:42.468,546.234,FOCUSED,86.65,0.327,0.368,0.0,0,0,0.0,0
15:03:42.581,546.347,FOCUSED,86.65,0.335,0.368,0.0,0,0,0.0,0
15:03:42.699,546.464,FOCUSED,86.65,0.336,0.37,0.0,0,0,0.0,0
15:03:42.807,546.573,FOCUSED,86.65,0.336,0.371,0.0,0,0,0.0,0
15:03:42.914,546.68,FOCUSED,86.65,0.33,0.368,0.0,0,0,0.0,0
15:03:43.019,546.785,FOCUSED,86.65,0.334,0.368,0.0,0,0,0.0,0
15:03:43.134,546.9,FOCUSED,86.65,0.334,0.371,0.0,0,0,0.0,0
15:03:43.251,547.017,FOCUSED,86.65,0.338,0.372,0.0,0,0,0.0,0
15:03:43.378,547.143,FOCUSED,86.65,0.329,0.37,0.0,0,0,0.0,0
15:03:43.512,547.277,FOCUSED,86.65,0.116,0.354,0.0,0,0,0.6,0
15:03:43.616,547.382,FOCUSED,86.65,0.232,0.353,0.0,0,0,0.0,0
15:03:43.728,547.493,FOCUSED,86.65,0.254,0.356,0.0,0,0,0.0,0
15:03:43.830,547.596,FOCUSED,86.65,0.256,0.356,0.0,0,0,0.0,0
15:03:43.930,547.696,FOCUSED,86.65,0.255,0.356,0.0,0,0,0.0,0
15:03:44.032,547.798,FOCUSED,86.65,0.262,0.358,0.0,0,0,0.0,0
15:03:44.143,547.909,FOCUSED,86.65,0.265,0.36,0.0,0,0,0.0,0
15:03:44.252,548.018,FOCUSED,86.65,0.264,0.36,0.0,0,0,0.0,0
15:03:44.357,548.122,FOCUSED,86.65,0.267,0.36,0.0,0,0,0.0,0
15:03:44.463,548.229,FOCUSED,86.65,0.269,0.358,0.0,0,0,0.0,0
15:03:44.579,548.346,FOCUSED,86.65,0.269,0.358,0.0,0,0,0.0,0
15:03:44.687,548.452,FOCUSED,86.65,0.267,0.361,0.0,0,0,0.0,0
15:03:44.793,548.559,FOCUSED,86.65,0.273,0.362,0.0,0,0,0.0,0
15:03:44.905,548.671,FOCUSED,86.65,0.275,0.359,0.0,0,0,0.0,0
15:03:45.018,548.784,FOCUSED,86.65,0.274,0.358,0.0,0,0,0.0,0
15:03:45.134,548.9,FOCUSED,86.65,0.274,0.358,0.0,0,0,0.0,0
15:03:45.241,549.007,FOCUSED,86.65,0.267,0.355,0.0,0,0,0.0,0
15:03:45.351,549.117,FOCUSED,86.65,0.266,0.354,0.0,0,0,0.0,0
15:03:45.466,549.232,FOCUSED,86.65,0.266,0.359,0.0,0,0,0.0,0
15:03:45.596,549.362,FOCUSED,86.65,0.268,0.36,0.0,0,0,0.0,0
15:03:45.697,549.462,FOCUSED,86.65,0.266,0.358,0.0,0,0,0.0,0
15:03:45.777,549.543,FOCUSED,86.65,0.266,0.359,0.0,0,0,0.0,0
15:03:45.854,549.62,FOCUSED,86.65,0.167,0.356,0.0,0,0,0.6,0
15:03:45.937,549.703,FOCUSED,86.65,0.193,0.363,0.0,0,0,0.0,0
15:03:46.025,549.791,FOCUSED,86.65,0.277,0.373,0.0,0,0,0.0,0
15:03:46.121,549.888,FOCUSED,86.65,0.301,0.378,0.0,0,0,0.0,0
15:03:46.200,549.966,FOCUSED,86.65,0.293,0.383,0.0,0,0,0.0,0
15:03:46.281,550.047,FOCUSED,86.65,0.301,0.391,0.0,0,0,0.0,0
15:03:46.359,550.126,FOCUSED,86.65,0.306,0.401,0.0,0,0,0.0,0
15:03:46.433,550.199,FOCUSED,86.65,0.308,0.416,0.0,0,0,0.0,0
15:03:46.503,550.269,FOCUSED,86.65,0.313,0.421,0.0,0,0,0.0,0
15:03:46.578,550.343,FOCUSED,86.65,0.321,0.421,0.0,0,0,0.0,0
15:03:46.649,550.414,FOCUSED,86.65,0.301,0.418,0.0,0,0,0.0,0
15:03:46.719,550.485,FOCUSED,86.65,0.31,0.416,0.0,0,0,0.0,0
15:03:46.788,550.554,FOCUSED,86.65,0.284,0.417,0.0,0,0,0.0,0
15:03:46.876,550.642,FOCUSED,86.65,0.069,0.427,0.0,0,0,0.6,0
15:03:46.969,550.735,FOCUSED,86.65,0.275,0.456,0.0,0,0,0.0,0
15:03:47.060,550.826,FOCUSED,86.65,0.36,0.51,0.0,0,0,0.0,0
15:03:47.152,550.918,FOCUSED,86.65,0.279,0.487,0.0,0,0,0.0,0
15:03:47.248,551.014,FOCUSED,86.65,0.355,0.48,0.0,0,0,0.0,0
15:03:47.346,551.112,FOCUSED,86.65,0.33,0.489,0.0,0,0,0.0,0
15:03:47.451,551.216,FOCUSED,86.65,0.308,0.474,0.0,0,0,0.0,0
15:03:47.542,551.307,FOCUSED,86.65,0.284,0.477,0.0,0,0,0.0,0
15:03:47.628,551.394,FOCUSED,86.65,0.314,0.473,0.0,0,0,0.0,0
15:03:47.736,551.502,FOCUSED,86.65,0.33,0.477,0.0,0,0,0.0,0
15:03:47.829,551.595,FOCUSED,86.65,0.299,0.482,0.0,0,0,0.0,0
15:03:47.918,551.683,FOCUSED,86.65,0.313,0.478,0.0,0,0,0.0,0
15:03:48.023,551.789,FOCUSED,86.65,0.298,0.477,0.0,0,0,0.0,0
15:03:48.121,551.886,FOCUSED,86.65,0.286,0.465,0.0,0,0,0.0,0
15:03:48.223,551.988,FOCUSED,86.65,0.295,0.483,0.0,0,0,0.0,0
15:03:48.310,552.076,FOCUSED,86.65,0.297,0.484,0.0,0,0,0.0,0
15:03:48.393,552.159,FOCUSED,86.65,0.292,0.496,0.0,0,0,0.0,0
15:03:48.480,552.246,FOCUSED,86.65,0.305,0.49,0.0,0,0,0.0,0
15:03:48.568,552.334,FOCUSED,86.65,0.298,0.48,0.0,0,0,0.0,0
15:03:48.658,552.424,FOCUSED,86.65,0.299,0.466,0.0,0,0,0.0,0
15:03:48.747,552.513,FOCUSED,86.65,0.283,0.459,0.0,0,0,0.0,0
15:03:48.829,552.595,FOCUSED,86.65,0.283,0.465,0.0,0,0,0.0,0
15:03:48.927,552.692,FOCUSED,86.65,0.324,0.484,0.0,0,0,0.0,0
15:03:49.020,552.786,FOCUSED,86.65,0.304,0.491,0.0,0,0,0.0,0
15:03:49.099,552.865,FOCUSED,86.65,0.308,0.486,0.0,0,0,0.0,0
15:03:49.179,552.945,FOCUSED,86.65,0.288,0.478,0.0,0,0,0.0,0
15:03:49.259,553.024,FOCUSED,86.65,0.197,0.473,0.0,0,0,0.6,0
15:03:49.340,553.105,FOCUSED,86.65,0.215,0.473,0.0,0,0,0.6,0
15:03:49.422,553.187,FOCUSED,86.65,0.288,0.477,0.0,0,0,0.0,0
15:03:49.501,553.266,FOCUSED,86.65,0.295,0.472,0.0,0,0,0.0,0
15:03:49.596,553.361,FOCUSED,86.65,0.297,0.476,0.0,0,0,0.0,0
15:03:49.676,553.442,FOCUSED,86.65,0.306,0.484,0.0,0,0,0.0,0
15:03:49.760,553.525,FOCUSED,86.65,0.313,0.478,0.0,0,0,0.0,0
15:03:49.846,553.612,FOCUSED,86.65,0.314,0.482,0.0,0,0,0.0,0
15:03:49.946,553.712,FOCUSED,86.65,0.314,0.475,0.0,0,0,0.0,0
15:03:50.064,553.83,FOCUSED,86.65,0.309,0.47,0.0,0,0,0.0,0
15:03:50.173,553.939,FOCUSED,86.65,0.318,0.471,0.0,0,0,0.0,0
15:03:50.275,554.041,FOCUSED,86.65,0.313,0.468,0.0,0,0,0.0,0
15:03:50.371,554.137,FOCUSED,86.65,0.322,0.466,0.0,0,0,0.0,0
15:03:50.470,554.236,FOCUSED,86.65,0.313,0.464,0.0,0,0,0.0,0
15:03:50.570,554.336,FOCUSED,86.65,0.32,0.465,0.0,0,0,0.0,0
15:03:50.670,554.436,FOCUSED,86.65,0.327,0.45,0.0,0,0,0.0,0
15:03:50.767,554.533,FOCUSED,86.65,0.327,0.437,0.0,0,0,0.0,0
15:03:50.873,554.639,FOCUSED,86.65,0.316,0.438,0.0,0,0,0.0,0
15:03:50.948,554.714,FOCUSED,86.65,0.32,0.425,0.0,0,0,0.0,0
15:03:51.060,554.826,FOCUSED,86.65,0.329,0.419,0.0,0,0,0.0,0
15:03:51.171,554.937,FOCUSED,86.65,0.276,0.407,0.0,0,0,0.0,0
15:03:51.264,555.029,FOCUSED,86.65,0.284,0.415,0.0,0,0,0.0,0
15:03:51.390,555.156,FOCUSED,86.65,0.065,0.412,0.0,0,0,0.6,0
15:03:51.478,555.244,FOCUSED,86.65,0.232,0.422,0.0,0,0,0.0,0
15:03:51.560,555.326,FOCUSED,86.65,0.289,0.418,0.0,0,0,0.0,0
15:03:51.636,555.402,FOCUSED,86.65,0.296,0.419,0.0,0,0,0.0,0
15:03:51.711,555.477,FOCUSED,86.65,0.303,0.423,0.0,0,0,0.0,0
15:03:51.781,555.547,FOCUSED,86.65,0.318,0.432,0.0,0,0,0.0,0
15:03:51.858,555.624,FOCUSED,86.65,0.316,0.437,0.0,0,0,0.0,0
15:03:51.943,555.708,FOCUSED,86.65,0.307,0.437,0.0,0,0,0.0,0
15:03:52.025,555.79,FOCUSED,86.65,0.305,0.427,0.0,0,0,0.0,0
15:03:52.109,555.874,FOCUSED,86.65,0.316,0.431,0.0,0,0,0.0,0
15:03:52.199,555.965,FOCUSED,86.65,0.322,0.42,0.0,0,0,0.0,0
15:03:52.294,556.059,FOCUSED,86.65,0.313,0.413,0.482,1,0,0.0,0
15:03:52.385,556.151,FOCUSED,86.65,0.313,0.419,0.687,1,0,0.0,0
15:03:52.479,556.244,FOCUSED,86.65,0.31,0.421,0.0,0,0,0.0,0
15:03:52.572,556.338,FOCUSED,86.65,0.294,0.43,0.0,0,0,0.0,0
15:03:52.673,556.439,FOCUSED,86.65,0.302,0.434,0.0,0,0,0.0,0
15:03:52.768,556.533,FOCUSED,86.65,0.297,0.42,0.0,0,0,0.0,0
15:03:52.856,556.622,FOCUSED,86.65,0.3,0.406,0.0,0,0,0.0,0
15:03:53.003,556.769,FOCUSED,86.65,0.308,0.391,0.0,0,0,0.0,0
15:03:53.123,556.889,FOCUSED,86.65,0.298,0.377,0.0,0,0,0.0,0
15:03:53.245,557.01,FOCUSED,86.65,0.283,0.356,0.0,0,0,0.0,0
15:03:53.350,557.116,FOCUSED,86.65,0.284,0.351,0.0,0,0,0.0,0
15:03:53.435,557.201,FOCUSED,86.65,0.281,0.339,0.0,0,0,0.0,0
15:03:53.519,557.285,FOCUSED,86.65,0.281,0.348,0.0,0,0,0.0,0
15:03:53.588,557.353,FOCUSED,86.65,0.281,0.34,0.0,0,0,0.0,0
15:03:53.672,557.438,FOCUSED,86.65,0.267,0.335,0.0,0,0,0.0,0
15:03:53.771,557.537,FOCUSED,86.65,0.266,0.334,0.0,0,0,0.0,0
15:03:53.863,557.629,FOCUSED,86.65,0.283,0.336,0.0,0,0,0.0,0
15:03:53.994,557.759,FOCUSED,86.65,0.274,0.326,0.0,0,0,0.0,0
15:03:54.073,557.839,FOCUSED,86.65,0.273,0.332,0.0,0,0,0.0,0
15:03:54.168,557.934,FOCUSED,86.65,0.269,0.328,0.0,0,0,0.0,0
15:03:54.266,558.032,FOCUSED,86.65,0.28,0.346,0.0,0,0,0.0,0
15:03:54.372,558.138,FOCUSED,86.65,0.277,0.347,0.0,0,0,0.0,0
15:03:54.476,558.242,FOCUSED,86.65,0.282,0.348,0.0,0,0,0.0,0
15:03:54.568,558.334,FOCUSED,86.65,0.282,0.35,0.0,0,0,0.0,0
15:03:54.716,558.482,FOCUSED,86.65,0.082,0.337,0.0,0,0,0.6,0
15:03:54.820,558.586,FOCUSED,86.65,0.029,0.331,0.0,0,0,0.6,0
15:03:54.902,558.667,FOCUSED,86.65,0.249,0.352,0.0,0,0,0.0,0
15:03:55.007,558.772,FOCUSED,86.65,0.267,0.35,0.0,0,0,0.0,0
15:03:55.125,558.891,FOCUSED,86.65,0.269,0.362,0.0,0,0,0.0,0
15:03:55.220,558.987,FOCUSED,86.65,0.272,0.366,0.0,0,0,0.0,0
15:03:55.333,559.099,FOCUSED,86.65,0.274,0.366,0.0,0,0,0.0,0
15:03:55.419,559.186,FOCUSED,86.65,0.27,0.363,0.0,0,0,0.0,0
15:03:55.512,559.278,FOCUSED,86.65,0.265,0.356,0.0,0,0,0.0,0
15:03:55.592,559.358,FOCUSED,86.65,0.267,0.374,0.0,0,0,0.0,0
15:03:55.676,559.442,FOCUSED,86.65,0.265,0.391,0.0,0,0,0.0,0
15:03:55.758,559.524,FOCUSED,86.65,0.272,0.397,0.0,0,0,0.0,0
15:03:55.836,559.602,FOCUSED,86.65,0.052,0.397,0.0,0,0,0.6,0
15:03:55.914,559.68,FOCUSED,86.65,0.221,0.405,0.0,0,0,0.0,0
15:03:56.050,559.815,FOCUSED,86.65,0.287,0.412,0.0,0,0,0.0,0
15:03:56.156,559.922,FOCUSED,86.65,0.291,0.41,0.0,0,0,0.0,0
15:03:56.238,560.004,FOCUSED,86.65,0.298,0.413,0.0,0,0,0.0,0
15:03:56.321,560.087,FOCUSED,86.65,0.321,0.416,0.0,0,0,0.0,0
15:03:56.407,560.173,FOCUSED,86.65,0.325,0.416,0.0,0,0,0.0,0
15:03:56.501,560.267,FOCUSED,86.65,0.33,0.419,0.0,0,0,0.0,0
15:03:56.617,560.383,FOCUSED,86.65,0.331,0.417,0.0,0,0,0.0,0
15:03:56.710,560.475,FOCUSED,86.65,0.333,0.419,0.0,0,0,0.0,0
15:03:56.794,560.559,FOCUSED,86.65,0.333,0.418,0.0,0,0,0.0,0
15:03:57.108,560.874,FOCUSED,86.65,0.323,0.412,0.0,0,0,0.0,0
15:03:57.236,561.002,FOCUSED,86.65,0.321,0.415,0.0,0,0,0.0,0
15:03:57.406,561.172,FOCUSED,86.65,0.32,0.419,0.0,0,0,0.0,0
15:03:57.556,561.321,FOCUSED,86.65,0.32,0.422,0.0,0,0,0.0,0
15:03:57.671,561.437,FOCUSED,86.65,0.327,0.418,0.0,0,0,0.0,0
15:03:57.814,561.58,FOCUSED,86.65,0.324,0.419,0.0,0,0,0.0,0
15:03:58.002,561.768,FOCUSED,86.65,0.315,0.418,0.0,0,0,0.0,0
15:03:58.187,561.952,FOCUSED,86.65,0.308,0.419,0.0,0,0,0.0,0
15:03:58.350,562.116,FOCUSED,86.65,0.304,0.419,0.0,0,0,0.0,0
15:03:58.478,562.244,FOCUSED,86.65,0.304,0.417,0.0,0,0,0.0,0
15:03:58.595,562.36,FOCUSED,86.65,0.302,0.416,0.0,0,0,0.0,0
15:03:58.713,562.478,FOCUSED,86.65,0.304,0.414,0.0,0,0,0.0,0
15:03:58.834,562.6,FOCUSED,86.65,0.305,0.416,0.0,0,0,0.0,0
15:03:58.926,562.691,FOCUSED,86.65,0.058,0.4,0.0,0,0,0.6,0
15:03:59.038,562.803,FOCUSED,86.65,0.235,0.407,0.0,0,0,0.0,0
15:03:59.149,562.915,FOCUSED,86.65,0.278,0.412,0.0,0,0,0.0,0
15:03:59.262,563.028,FOCUSED,86.65,0.294,0.408,0.0,0,0,0.0,0
15:03:59.385,563.151,FOCUSED,86.65,0.291,0.411,0.0,0,0,0.0,0
15:03:59.501,563.267,FOCUSED,86.65,0.287,0.41,0.0,0,0,0.0,0
15:03:59.634,563.4,FOCUSED,86.65,0.288,0.414,0.0,0,0,0.0,0
15:03:59.740,563.506,FOCUSED,86.65,0.29,0.41,0.0,0,0,0.0,0
15:03:59.854,563.62,FOCUSED,86.65,0.29,0.411,0.0,0,0,0.0,0
15:03:59.985,563.75,FOCUSED,86.65,0.289,0.409,0.0,0,0,0.0,0
15:04:00.112,563.878,FOCUSED,86.65,0.289,0.412,0.0,0,0,0.0,0
15:04:00.231,563.996,FOCUSED,86.65,0.284,0.409,0.0,0,0,0.0,0
15:04:00.359,564.125,FOCUSED,86.65,0.294,0.416,0.0,0,0,0.0,0
15:04:00.477,564.242,FOCUSED,86.65,0.304,0.412,0.0,0,0,0.0,0
15:04:00.593,564.359,FOCUSED,86.65,0.306,0.414,0.0,0,0,0.0,0
15:04:00.710,564.475,FOCUSED,86.65,0.306,0.412,0.0,0,0,0.0,0
15:04:00.825,564.59,FOCUSED,86.65,0.313,0.412,0.0,0,0,0.0,0
15:04:00.941,564.707,FOCUSED,86.65,0.311,0.411,0.0,0,0,0.0,0
15:04:01.058,564.824,FOCUSED,86.65,0.309,0.411,0.0,0,0,0.0,0
15:04:01.187,564.953,FOCUSED,86.65,0.309,0.409,0.0,0,0,0.0,0
15:04:01.295,565.06,FOCUSED,86.65,0.307,0.408,0.0,0,0,0.0,0
15:04:01.409,565.175,FOCUSED,86.65,0.308,0.413,0.0,0,0,0.0,0
15:04:01.522,565.288,FOCUSED,86.65,0.303,0.411,0.0,0,0,0.0,0
15:04:01.640,565.405,FOCUSED,86.65,0.302,0.408,0.0,0,0,0.0,0
15:04:01.746,565.512,FOCUSED,86.65,0.305,0.409,0.0,0,0,0.0,0
15:04:01.850,565.616,FOCUSED,86.65,0.306,0.41,0.0,0,0,0.0,0
15:04:01.963,565.728,FOCUSED,86.65,0.304,0.412,0.0,0,0,0.0,0
15:04:02.076,565.842,FOCUSED,86.65,0.31,0.408,0.0,0,0,0.0,0
15:04:02.184,565.95,FOCUSED,86.65,0.313,0.411,0.0,0,0,0.0,0
15:04:02.284,566.05,FOCUSED,86.65,0.305,0.412,0.0,0,0,0.0,0
15:04:02.381,566.147,FOCUSED,86.65,0.31,0.413,0.0,0,0,0.0,0
15:04:02.490,566.256,FOCUSED,86.65,0.304,0.412,0.0,0,0,0.0,0
15:04:02.597,566.363,FOCUSED,86.65,0.31,0.415,0.0,0,0,0.0,0
15:04:02.713,566.478,FOCUSED,86.65,0.309,0.413,0.0,0,0,0.0,0
15:04:02.807,566.573,FOCUSED,86.65,0.311,0.412,0.0,0,0,0.0,0
15:04:02.925,566.691,FOCUSED,86.65,0.308,0.412,0.0,0,0,0.0,0
15:04:03.041,566.807,FOCUSED,86.65,0.315,0.413,0.0,0,0,0.0,0
15:04:03.169,566.935,FOCUSED,86.65,0.311,0.412,0.0,0,0,0.0,0
15:04:03.278,567.044,FOCUSED,86.65,0.312,0.412,0.0,0,0,0.0,0
15:04:03.401,567.167,FOCUSED,86.65,0.314,0.412,0.0,0,0,0.0,0
15:04:03.518,567.284,FOCUSED,86.65,0.313,0.412,0.0,0,0,0.0,0
15:04:03.633,567.399,FOCUSED,86.65,0.315,0.415,0.0,0,0,0.0,0
15:04:03.739,567.505,FOCUSED,86.65,0.315,0.414,0.0,0,0,0.0,0
15:04:03.848,567.614,FOCUSED,86.65,0.316,0.413,0.0,0,0,0.0,0
15:04:03.954,567.719,FOCUSED,86.65,0.308,0.414,0.0,0,0,0.0,0
15:04:04.079,567.844,FOCUSED,86.65,0.308,0.414,0.0,0,0,0.0,0
15:04:04.176,567.942,FOCUSED,86.65,0.308,0.416,0.0,0,0,0.0,0
15:04:04.288,568.054,FOCUSED,86.65,0.195,0.41,0.0,0,0,0.0,0
15:04:04.417,568.182,FOCUSED,86.65,0.277,0.424,0.0,0,0,0.0,0
15:04:04.522,568.287,FOCUSED,86.65,0.294,0.421,0.0,0,0,0.0,0
15:04:04.631,568.396,FOCUSED,86.65,0.308,0.423,0.0,0,0,0.0,0
15:04:04.744,568.509,FOCUSED,86.65,0.311,0.422,0.0,0,0,0.0,0
15:04:04.862,568.628,FOCUSED,86.65,0.309,0.421,0.0,0,0,0.0,0
15:04:04.963,568.729,FOCUSED,86.65,0.304,0.422,0.0,0,0,0.0,0
15:04:05.091,568.856,FOCUSED,86.65,0.304,0.422,0.0,0,0,0.0,0
15:04:05.204,568.97,FOCUSED,86.65,0.304,0.421,0.0,0,0,0.0,0
15:04:05.322,569.087,FOCUSED,86.65,0.302,0.421,0.0,0,0,0.0,0
15:04:05.433,569.199,FOCUSED,86.65,0.304,0.42,0.0,0,0,0.0,0
15:04:05.551,569.317,FOCUSED,86.65,0.308,0.421,0.0,0,0,0.0,0
15:04:05.711,569.477,FOCUSED,86.65,0.307,0.416,0.0,0,0,0.0,0
15:04:05.816,569.581,FOCUSED,86.65,0.293,0.412,0.0,0,0,0.0,0
15:04:05.951,569.716,FOCUSED,86.65,0.291,0.416,0.0,0,0,0.0,0
15:04:06.062,569.828,FOCUSED,86.65,0.294,0.411,0.0,0,0,0.0,0
15:04:06.172,569.938,FOCUSED,86.65,0.291,0.409,0.0,0,0,0.0,0
15:04:06.292,570.058,FOCUSED,86.65,0.294,0.409,0.0,0,0,0.0,0
15:04:06.407,570.172,FOCUSED,86.65,0.289,0.408,0.0,0,0,0.0,0
15:04:06.522,570.288,FOCUSED,86.65,0.301,0.411,0.0,0,0,0.0,0
15:04:06.632,570.397,FOCUSED,86.65,0.3,0.412,0.0,0,0,0.0,0
15:04:06.748,570.513,FOCUSED,86.65,0.301,0.413,0.0,0,0,0.0,0
15:04:06.858,570.624,FOCUSED,86.65,0.3,0.414,0.0,0,0,0.0,0
15:04:06.972,570.737,FOCUSED,86.65,0.307,0.413,0.0,0,0,0.0,0
15:04:07.098,570.864,FOCUSED,86.65,0.307,0.417,0.0,0,0,0.0,0
15:04:07.212,570.978,FOCUSED,86.65,0.306,0.418,0.0,0,0,0.0,0
15:04:07.311,571.077,FOCUSED,86.65,0.302,0.418,0.0,0,0,0.0,0
15:04:07.429,571.195,FOCUSED,86.65,0.3,0.416,0.0,0,0,0.0,0
15:04:07.546,571.312,FOCUSED,86.65,0.301,0.416,0.0,0,0,0.0,0
15:04:07.657,571.422,FOCUSED,86.65,0.302,0.414,0.0,0,0,0.0,0
15:04:07.769,571.535,FOCUSED,86.65,0.299,0.414,0.0,0,0,0.0,0
15:04:07.870,571.636,FOCUSED,86.65,0.299,0.416,0.0,0,0,0.0,0
15:04:07.983,571.749,FOCUSED,86.65,0.299,0.417,0.0,0,0,0.0,0
15:04:08.084,571.85,FOCUSED,86.65,0.292,0.415,0.0,0,0,0.0,0
15:04:08.185,571.95,FOCUSED,86.65,0.075,0.411,0.0,0,0,0.6,0
15:04:08.295,572.061,FOCUSED,86.65,0.271,0.419,0.0,0,0,0.0,0
15:04:08.415,572.18,FOCUSED,86.65,0.28,0.418,0.0,0,0,0.0,0
15:04:08.519,572.285,FOCUSED,86.65,0.299,0.416,0.0,0,0,0.0,0
15:04:08.636,572.402,FOCUSED,86.65,0.302,0.417,0.0,0,0,0.0,0
15:04:08.743,572.509,FOCUSED,86.65,0.31,0.418,0.0,0,0,0.0,0
15:04:08.860,572.626,FOCUSED,86.65,0.305,0.419,0.0,0,0,0.0,0
15:04:08.979,572.745,FOCUSED,86.65,0.307,0.422,0.0,0,0,0.0,0
15:04:09.089,572.855,FOCUSED,86.65,0.311,0.421,0.0,0,0,0.0,0
15:04:09.187,572.952,FOCUSED,86.65,0.309,0.425,0.0,0,0,0.0,0
15:04:09.288,573.054,FOCUSED,86.65,0.311,0.424,0.0,0,0,0.0,0
15:04:09.408,573.174,FOCUSED,86.65,0.309,0.422,0.0,0,0,0.0,0
15:04:09.515,573.281,FOCUSED,86.65,0.309,0.423,0.0,0,0,0.0,0
15:04:09.629,573.394,FOCUSED,86.65,0.309,0.42,0.0,0,0,0.0,0
15:04:09.733,573.499,FOCUSED,86.65,0.307,0.42,0.0,0,0,0.0,0
15:04:09.845,573.61,FOCUSED,86.65,0.306,0.42,0.0,0,0,0.0,0
15:04:09.962,573.727,FOCUSED,86.65,0.307,0.42,0.0,0,0,0.0,0
15:04:10.087,573.852,FOCUSED,86.65,0.304,0.42,0.0,0,0,0.0,0
15:04:10.212,573.978,FOCUSED,86.65,0.297,0.42,0.0,0,0,0.0,0
15:04:10.329,574.094,FOCUSED,86.65,0.306,0.42,0.0,0,0,0.0,0
15:04:10.443,574.209,FOCUSED,86.65,0.306,0.418,0.0,0,0,0.0,0
15:04:10.556,574.321,FOCUSED,86.65,0.302,0.418,0.0,0,0,0.0,0
15:04:10.676,574.442,FOCUSED,86.65,0.302,0.417,0.0,0,0,0.0,0
15:04:10.854,574.62,FOCUSED,86.65,0.298,0.414,0.0,0,0,0.0,0
15:04:10.973,574.739,FOCUSED,86.65,0.297,0.414,0.0,0,0,0.0,0
15:04:11.101,574.867,FOCUSED,86.65,0.299,0.415,0.0,0,0,0.0,0
15:04:11.226,574.992,FOCUSED,86.65,0.297,0.416,0.0,0,0,0.0,0
15:04:11.353,575.119,FOCUSED,86.65,0.298,0.417,0.0,0,0,0.0,0
15:04:11.458,575.223,FOCUSED,86.65,0.294,0.419,0.0,0,0,0.0,0
15:04:11.557,575.323,FOCUSED,86.65,0.293,0.417,0.0,0,0,0.0,0
15:04:11.659,575.425,FOCUSED,86.65,0.297,0.419,0.0,0,0,0.0,0
15:04:11.783,575.549,FOCUSED,86.65,0.296,0.417,0.0,0,0,0.0,0
15:04:11.990,575.756,FOCUSED,86.65,0.299,0.419,0.0,0,0,0.0,0
15:04:12.122,575.888,FOCUSED,86.65,0.068,0.41,0.0,0,0,0.6,0
15:04:12.238,576.004,FOCUSED,86.65,0.263,0.424,0.0,0,0,0.0,0
15:04:12.352,576.117,FOCUSED,86.65,0.287,0.423,0.0,0,0,0.0,0
15:04:12.459,576.224,FOCUSED,86.65,0.288,0.416,0.0,0,0,0.0,0
15:04:12.571,576.336,FOCUSED,86.65,0.288,0.418,0.0,0,0,0.0,0
15:04:12.666,576.432,FOCUSED,86.65,0.289,0.418,0.0,0,0,0.0,0
15:04:12.787,576.552,FOCUSED,86.65,0.283,0.419,0.0,0,0,0.0,0
15:04:12.919,576.684,FOCUSED,86.65,0.288,0.42,0.0,0,0,0.0,0
15:04:13.030,576.796,FOCUSED,86.65,0.287,0.418,0.0,0,0,0.0,0
15:04:13.138,576.904,FOCUSED,86.65,0.294,0.419,0.0,0,0,0.0,0
15:04:13.273,577.038,FOCUSED,86.65,0.302,0.42,0.0,0,0,0.0,0
15:04:13.395,577.161,FOCUSED,86.65,0.296,0.424,0.0,0,0,0.0,0
15:04:13.511,577.277,FOCUSED,86.65,0.294,0.425,0.0,0,0,0.0,0
15:04:13.620,577.385,FOCUSED,86.65,0.294,0.424,0.0,0,0,0.0,0
15:04:13.730,577.496,FOCUSED,86.65,0.3,0.426,0.0,0,0,0.0,0
15:04:13.827,577.592,FOCUSED,86.65,0.308,0.427,0.0,0,0,0.0,0
15:04:13.922,577.688,FOCUSED,86.65,0.308,0.426,0.0,0,0,0.0,0
15:04:14.015,577.781,FOCUSED,86.65,0.303,0.426,0.0,0,0,0.0,0
15:04:14.137,577.902,FOCUSED,86.65,0.3,0.428,0.0,0,0,0.0,0
15:04:14.234,578.0,FOCUSED,86.65,0.308,0.429,0.0,0,0,0.0,0
15:04:14.360,578.126,FOCUSED,86.65,0.309,0.427,0.0,0,0,0.0,0
15:04:14.470,578.236,FOCUSED,86.65,0.308,0.429,0.0,0,0,0.0,0
15:04:14.589,578.355,FOCUSED,86.65,0.304,0.428,0.0,0,0,0.0,0
15:04:14.694,578.46,FOCUSED,86.65,0.304,0.426,0.0,0,0,0.0,0
15:04:14.800,578.566,FOCUSED,86.65,0.303,0.427,0.0,0,0,0.0,0
15:04:14.896,578.662,FOCUSED,86.65,0.31,0.426,0.0,0,0,0.0,0
15:04:15.006,578.772,FOCUSED,86.65,0.317,0.427,0.0,0,0,0.0,0
15:04:15.109,578.875,FOCUSED,86.65,0.316,0.427,0.0,0,0,0.0,0
15:04:15.227,578.993,FOCUSED,86.65,0.319,0.429,0.0,0,0,0.0,0
15:04:15.352,579.117,FOCUSED,86.65,0.313,0.427,0.0,0,0,0.0,0
15:04:15.463,579.228,FOCUSED,86.65,0.308,0.427,0.0,0,0,0.0,0
15:04:15.621,579.386,FOCUSED,86.65,0.312,0.429,0.0,0,0,0.0,0
15:04:15.724,579.49,FOCUSED,86.65,0.307,0.429,0.0,0,0,0.0,0
15:04:15.829,579.594,FOCUSED,86.65,0.302,0.427,0.0,0,0,0.0,0
15:04:15.960,579.726,FOCUSED,86.65,0.308,0.43,0.0,0,0,0.0,0
15:04:16.074,579.84,FOCUSED,86.65,0.301,0.427,0.0,0,0,0.0,0
15:04:16.193,579.958,FOCUSED,86.65,0.298,0.425,0.0,0,0,0.0,0
15:04:16.321,580.087,FOCUSED,86.65,0.295,0.423,0.0,0,0,0.0,0
15:04:16.429,580.194,FOCUSED,86.65,0.282,0.428,0.0,0,0,0.0,0
15:04:16.547,580.312,FOCUSED,86.65,0.288,0.43,0.0,0,0,0.0,0
15:04:16.693,580.459,FOCUSED,86.65,0.291,0.429,0.0,0,0,0.0,0
15:04:16.795,580.561,FOCUSED,86.65,0.3,0.429,0.0,0,0,0.0,0
15:04:16.910,580.676,FOCUSED,86.65,0.299,0.429,0.0,0,0,0.0,0
15:04:17.024,580.789,FOCUSED,86.65,0.299,0.429,0.0,0,0,0.0,0
15:04:17.137,580.902,FOCUSED,86.65,0.066,0.42,0.0,0,0,0.6,0
15:04:17.291,581.056,FOCUSED,86.65,0.278,0.428,0.0,0,0,0.0,0
15:04:17.422,581.188,FOCUSED,86.65,0.302,0.433,0.0,0,0,0.0,0
15:04:17.541,581.306,FOCUSED,86.65,0.306,0.433,0.0,0,0,0.0,0
15:04:17.669,581.435,FOCUSED,86.65,0.305,0.434,0.0,0,0,0.0,0
15:04:17.792,581.558,FOCUSED,86.65,0.304,0.431,0.0,0,0,0.0,0
15:04:17.906,581.671,FOCUSED,86.65,0.304,0.429,0.0,0,0,0.0,0
15:04:17.999,581.765,FOCUSED,86.65,0.314,0.432,0.0,0,0,0.0,0
15:04:18.102,581.867,FOCUSED,86.65,0.311,0.431,0.0,0,0,0.0,0
15:04:18.212,581.977,FOCUSED,86.65,0.312,0.432,0.0,0,0,0.0,0
15:04:18.328,582.095,FOCUSED,86.65,0.31,0.431,0.0,0,0,0.0,0
15:04:18.452,582.218,FOCUSED,86.65,0.308,0.43,0.0,0,0,0.0,0
15:04:18.564,582.33,FOCUSED,86.65,0.311,0.429,0.0,0,0,0.0,0
15:04:18.682,582.448,FOCUSED,86.65,0.312,0.43,0.0,0,0,0.0,0
15:04:18.793,582.558,FOCUSED,86.65,0.307,0.431,0.0,0,0,0.0,0
15:04:18.905,582.67,FOCUSED,86.65,0.31,0.433,0.0,0,0,0.0,0
15:04:19.022,582.787,FOCUSED,86.65,0.313,0.434,0.0,0,0,0.0,0
15:04:19.127,582.893,FOCUSED,86.65,0.312,0.435,0.0,0,0,0.0,0
15:04:19.238,583.004,FOCUSED,86.65,0.31,0.434,0.0,0,0,0.0,0
15:04:19.357,583.123,FOCUSED,86.65,0.31,0.434,0.0,0,0,0.0,0
15:04:19.470,583.236,FOCUSED,86.65,0.302,0.432,0.0,0,0,0.0,0
15:04:19.577,583.343,FOCUSED,86.65,0.301,0.432,0.0,0,0,0.0,0
15:04:19.692,583.458,FOCUSED,86.65,0.299,0.431,0.0,0,0,0.0,0
15:04:19.795,583.562,FOCUSED,86.65,0.303,0.432,0.0,0,0,0.0,0
15:04:19.907,583.672,FOCUSED,86.65,0.306,0.434,0.0,0,0,0.0,0
15:04:20.015,583.78,FOCUSED,86.65,0.307,0.433,0.0,0,0,0.0,0
15:04:20.152,583.918,FOCUSED,86.65,0.298,0.436,0.0,0,0,0.0,0
15:04:20.266,584.031,FOCUSED,86.65,0.332,0.44,0.0,0,0,0.0,0
15:04:20.395,584.161,FOCUSED,86.65,0.343,0.439,0.0,0,0,0.0,0
15:04:20.507,584.273,FOCUSED,86.65,0.343,0.441,0.0,0,0,0.0,0
15:04:20.623,584.389,FOCUSED,86.65,0.346,0.441,0.0,0,0,0.0,0
15:04:20.728,584.495,FOCUSED,86.65,0.346,0.441,0.0,0,0,0.0,0
15:04:20.826,584.592,FOCUSED,86.65,0.345,0.442,0.0,0,0,0.0,0
15:04:20.929,584.694,FOCUSED,86.65,0.351,0.443,0.0,0,0,0.0,0
15:04:21.034,584.799,FOCUSED,86.65,0.35,0.445,0.0,0,0,0.0,0
15:04:21.142,584.908,FOCUSED,86.65,0.351,0.447,0.0,0,0,0.0,0
15:04:21.277,585.043,FOCUSED,86.65,0.353,0.446,0.0,0,0,0.0,0
15:04:21.391,585.157,FOCUSED,86.65,0.357,0.447,0.0,0,0,0.0,0
15:04:21.492,585.258,FOCUSED,86.65,0.095,0.429,0.0,0,0,0.6,0
15:04:21.593,585.359,FOCUSED,86.65,0.202,0.421,0.0,0,0,0.0,0
15:04:21.700,585.465,FOCUSED,86.65,0.296,0.429,0.0,0,0,0.0,0
15:04:21.806,585.572,FOCUSED,86.65,0.293,0.432,0.0,0,0,0.0,0
15:04:21.917,585.682,FOCUSED,86.65,0.289,0.432,0.0,0,0,0.0,0
15:04:22.025,585.791,FOCUSED,86.65,0.3,0.432,0.0,0,0,0.0,0
15:04:22.131,585.896,FOCUSED,86.65,0.305,0.433,0.0,0,0,0.0,0
15:04:22.247,586.013,FOCUSED,86.65,0.301,0.433,0.0,0,0,0.0,0
15:04:22.370,586.136,FOCUSED,86.65,0.306,0.433,0.0,0,0,0.0,0
15:04:22.501,586.266,FOCUSED,86.65,0.307,0.432,0.0,0,0,0.0,0
15:04:22.609,586.375,FOCUSED,86.65,0.303,0.433,0.0,0,0,0.0,0
15:04:22.720,586.485,FOCUSED,86.65,0.307,0.433,0.0,0,0,0.0,0
15:04:22.842,586.608,FOCUSED,86.65,0.304,0.436,0.0,0,0,0.0,0
15:04:22.947,586.713,FOCUSED,86.65,0.305,0.437,0.0,0,0,0.0,0
15:04:23.062,586.828,FOCUSED,86.65,0.303,0.437,0.0,0,0,0.0,0
15:04:23.164,586.929,FOCUSED,86.65,0.303,0.436,0.0,0,0,0.0,0
15:04:23.291,587.056,FOCUSED,86.65,0.3,0.437,0.0,0,0,0.0,0
15:04:23.416,587.181,FOCUSED,86.65,0.303,0.438,0.0,0,0,0.0,0
15:04:23.535,587.301,FOCUSED,86.65,0.309,0.438,0.0,0,0,0.0,0
15:04:23.645,587.411,FOCUSED,86.65,0.309,0.438,0.0,0,0,0.0,0
15:04:23.762,587.528,FOCUSED,86.65,0.313,0.439,0.0,0,0,0.0,0
15:04:23.864,587.63,FOCUSED,86.65,0.313,0.441,0.0,0,0,0.0,0
15:04:23.969,587.735,FOCUSED,86.65,0.314,0.442,0.0,0,0,0.0,0
15:04:24.078,587.844,FOCUSED,86.65,0.317,0.442,0.0,0,0,0.0,0
15:04:24.189,587.955,FOCUSED,86.65,0.308,0.439,0.0,0,0,0.0,0
15:04:24.295,588.061,FOCUSED,86.65,0.307,0.439,0.0,0,0,0.0,0
15:04:24.418,588.184,FOCUSED,86.65,0.304,0.438,0.0,0,0,0.0,0
15:04:24.528,588.294,FOCUSED,86.65,0.307,0.438,0.0,0,0,0.0,0
15:04:24.634,588.4,FOCUSED,86.65,0.302,0.436,0.0,0,0,0.0,0
15:04:24.742,588.508,FOCUSED,86.65,0.305,0.437,0.0,0,0,0.0,0
15:04:24.864,588.63,FOCUSED,86.65,0.301,0.436,0.0,0,0,0.0,0
15:04:24.987,588.753,FOCUSED,86.65,0.295,0.436,0.0,0,0,0.0,0
15:04:25.104,588.87,FOCUSED,86.65,0.297,0.438,0.0,0,0,0.0,0
15:04:25.229,588.995,FOCUSED,86.65,0.3,0.437,0.0,0,0,0.0,0
15:04:25.395,589.161,FOCUSED,86.65,0.304,0.436,0.0,0,0,0.0,0
15:04:25.510,589.276,FOCUSED,86.65,0.299,0.439,0.0,0,0,0.0,0
15:04:25.636,589.402,FOCUSED,86.65,0.301,0.438,0.0,0,0,0.0,0
15:04:25.758,589.524,FOCUSED,86.65,0.304,0.438,0.0,0,0,0.0,0
15:04:25.869,589.635,FOCUSED,86.65,0.302,0.44,0.0,0,0,0.0,0
15:04:25.995,589.761,FOCUSED,86.65,0.303,0.442,0.0,0,0,0.0,0
15:04:26.100,589.865,FOCUSED,86.65,0.304,0.442,0.0,0,0,0.0,0
15:04:26.217,589.983,FOCUSED,86.65,0.305,0.441,0.0,0,0,0.0,0
15:04:26.333,590.098,FOCUSED,86.65,0.297,0.441,0.0,0,0,0.0,0
15:04:26.450,590.215,FOCUSED,86.65,0.296,0.443,0.0,0,0,0.0,0
15:04:26.568,590.334,FOCUSED,86.65,0.3,0.443,0.0,0,0,0.0,0
15:04:26.687,590.453,FOCUSED,86.65,0.304,0.444,0.0,0,0,0.0,0
15:04:26.838,590.604,FOCUSED,86.65,0.313,0.445,0.0,0,0,0.0,0
15:04:27.011,590.777,FOCUSED,86.65,0.319,0.446,0.0,0,0,0.0,0
15:04:27.131,590.896,FOCUSED,86.65,0.319,0.445,0.0,0,0,0.0,0
15:04:27.241,591.006,FOCUSED,86.65,0.318,0.447,0.0,0,0,0.0,0
15:04:27.364,591.13,FOCUSED,86.65,0.318,0.444,0.0,0,0,0.0,0
15:04:27.478,591.244,FOCUSED,86.65,0.312,0.446,0.0,0,0,0.0,0
15:04:27.588,591.354,FOCUSED,86.65,0.313,0.438,0.0,0,0,0.0,0
15:04:27.706,591.471,FOCUSED,86.65,0.314,0.441,0.0,0,0,0.0,0
15:04:27.847,591.612,FOCUSED,86.65,0.314,0.442,0.0,0,0,0.0,0
15:04:27.964,591.729,FOCUSED,86.65,0.315,0.444,0.0,0,0,0.0,0
15:04:28.074,591.839,FOCUSED,86.65,0.311,0.445,0.0,0,0,0.0,0
15:04:28.180,591.946,FOCUSED,86.65,0.283,0.444,0.0,0,0,0.0,0
15:04:28.284,592.049,FOCUSED,86.65,0.142,0.433,0.0,0,0,0.6,0
15:04:28.398,592.163,FOCUSED,86.65,0.289,0.44,0.0,0,0,0.0,0
15:04:28.506,592.271,FOCUSED,86.65,0.314,0.436,0.0,0,0,0.0,0
15:04:28.625,592.39,FOCUSED,86.65,0.313,0.441,0.0,0,0,0.0,0
15:04:28.740,592.505,FOCUSED,86.65,0.321,0.439,0.0,0,0,0.0,0
15:04:28.843,592.609,FOCUSED,86.65,0.323,0.442,0.0,0,0,0.0,0
15:04:28.948,592.713,FOCUSED,86.65,0.326,0.437,0.0,0,0,0.0,0
15:04:29.062,592.829,FOCUSED,86.65,0.313,0.438,0.0,0,0,0.0,0
15:04:29.172,592.937,FOCUSED,86.65,0.304,0.436,0.0,0,0,0.0,0
15:04:29.273,593.038,FOCUSED,86.65,0.301,0.435,0.0,0,0,0.0,0
15:04:29.385,593.151,FOCUSED,86.65,0.3,0.432,0.0,0,0,0.0,0
15:04:29.491,593.257,FOCUSED,86.65,0.302,0.434,0.0,0,0,0.0,0
15:04:29.610,593.376,FOCUSED,86.65,0.294,0.435,0.0,0,0,0.0,0
15:04:29.706,593.471,FOCUSED,86.65,0.293,0.436,0.0,0,0,0.0,0
15:04:29.827,593.593,FOCUSED,86.65,0.302,0.434,0.0,0,0,0.0,0
15:04:29.931,593.697,FOCUSED,86.65,0.311,0.433,0.0,0,0,0.0,0
15:04:30.037,593.803,FOCUSED,86.65,0.307,0.428,0.0,0,0,0.0,0
15:04:30.158,593.923,FOCUSED,86.65,0.305,0.426,0.0,0,0,0.0,0
15:04:30.276,594.042,FOCUSED,86.65,0.312,0.427,0.0,0,0,0.0,0
15:04:30.412,594.178,FOCUSED,86.65,0.31,0.424,0.0,0,0,0.0,0
15:04:30.534,594.299,FOCUSED,86.65,0.308,0.427,0.0,0,0,0.0,0
15:04:30.657,594.423,FOCUSED,86.65,0.299,0.429,0.0,0,0,0.0,0
15:04:30.784,594.55,FOCUSED,86.65,0.3,0.434,0.0,0,0,0.0,0
15:04:30.895,594.661,FOCUSED,86.65,0.305,0.431,0.0,0,0,0.0,0
15:04:31.017,594.784,FOCUSED,86.65,0.3,0.435,0.0,0,0,0.0,0
15:04:31.153,594.919,FOCUSED,86.65,0.307,0.437,0.0,0,0,0.0,0
15:04:31.257,595.023,FOCUSED,86.65,0.305,0.435,0.0,0,0,0.0,0
15:04:31.403,595.169,FOCUSED,86.65,0.302,0.439,0.0,0,0,0.0,0
15:04:31.530,595.296,FOCUSED,86.65,0.301,0.439,0.0,0,0,0.0,0
15:04:31.752,595.517,FOCUSED,86.65,0.3,0.439,0.0,0,0,0.0,0
15:04:31.905,595.671,FOCUSED,86.65,0.291,0.438,0.0,0,0,0.0,0
15:04:32.034,595.8,FOCUSED,86.65,0.31,0.438,0.0,0,0,0.0,0
15:04:32.205,595.971,FOCUSED,86.65,0.309,0.44,0.0,0,0,0.0,0
15:04:32.337,596.103,FOCUSED,86.65,0.311,0.439,0.0,0,0,0.0,0
15:04:32.474,596.24,FOCUSED,86.65,0.313,0.441,0.0,0,0,0.0,0
15:04:32.599,596.364,FOCUSED,86.65,0.309,0.441,0.0,0,0,0.0,0
15:04:32.743,596.508,FOCUSED,86.65,0.305,0.442,0.0,0,0,0.0,0
15:04:32.887,596.653,FOCUSED,86.65,0.307,0.441,0.0,0,0,0.0,0
15:04:33.133,596.898,FOCUSED,86.65,0.29,0.444,0.0,0,0,0.0,0
15:04:33.408,597.173,FOCUSED,86.65,0.288,0.442,0.0,0,0,0.0,0
15:04:33.523,597.289,FOCUSED,86.65,0.288,0.441,0.0,0,0,0.0,0
15:04:33.651,597.417,FOCUSED,86.65,0.296,0.441,0.0,0,0,0.0,0
15:04:33.744,597.51,FOCUSED,86.65,0.292,0.441,0.0,0,0,0.0,0
15:04:33.846,597.612,FOCUSED,86.65,0.296,0.438,0.0,0,0,0.0,0
15:04:33.938,597.704,FOCUSED,86.65,0.298,0.439,0.0,0,0,0.0,0
15:04:34.048,597.814,FOCUSED,86.65,0.295,0.441,0.0,0,0,0.0,0
15:04:34.162,597.928,FOCUSED,86.65,0.299,0.441,0.0,0,0,0.0,0
15:04:34.269,598.034,FOCUSED,86.65,0.299,0.441,0.0,0,0,0.0,0
15:04:34.376,598.141,FOCUSED,86.65,0.3,0.441,0.0,0,0,0.0,0
15:04:34.483,598.249,FOCUSED,86.65,0.297,0.441,0.0,0,0,0.0,0
15:04:34.669,598.436,FOCUSED,86.65,0.297,0.438,0.0,0,0,0.0,0
15:04:34.787,598.553,FOCUSED,86.65,0.296,0.439,0.0,0,0,0.0,0
15:04:34.929,598.694,FOCUSED,86.65,0.297,0.443,0.0,0,0,0.0,0
15:04:35.030,598.796,FOCUSED,86.65,0.297,0.444,0.0,0,0,0.0,0
15:04:35.125,598.891,FOCUSED,86.65,0.074,0.435,0.0,0,0,0.6,0
15:04:35.245,599.011,FOCUSED,86.65,0.238,0.434,0.0,0,0,0.0,0
15:04:35.359,599.125,FOCUSED,86.65,0.272,0.444,0.0,0,0,0.0,0
15:04:35.466,599.231,FOCUSED,86.65,0.282,0.447,0.0,0,0,0.0,0
15:04:35.573,599.339,FOCUSED,86.65,0.283,0.445,0.0,0,0,0.0,0
15:04:35.767,599.532,FOCUSED,86.65,0.285,0.444,0.0,0,0,0.0,0
15:04:35.943,599.709,FOCUSED,86.65,0.285,0.444,0.0,0,0,0.0,0
15:04:36.163,599.929,FOCUSED,86.65,0.287,0.445,0.0,0,0,0.0,0
15:04:36.280,600.046,FOCUSED,86.65,0.295,0.447,0.0,0,0,0.0,0
15:04:36.394,600.16,FOCUSED,86.65,0.294,0.447,0.0,0,0,0.0,0
15:04:36.495,600.261,FOCUSED,86.65,0.29,0.45,0.0,0,0,0.0,0
15:04:36.607,600.372,FOCUSED,86.65,0.29,0.449,0.0,0,0,0.0,0
15:04:36.695,600.461,FOCUSED,86.65,0.292,0.448,0.0,0,0,0.0,0
15:04:36.799,600.565,FOCUSED,86.65,0.287,0.444,0.0,0,0,0.0,0
15:04:36.895,600.661,FOCUSED,86.65,0.295,0.445,0.0,0,0,0.0,0
15:04:37.059,600.825,FOCUSED,86.65,0.293,0.441,0.0,0,0,0.0,0
15:04:37.319,601.085,FOCUSED,86.65,0.297,0.443,0.0,0,0,0.0,0
15:04:37.421,601.187,FOCUSED,86.65,0.296,0.44,0.0,0,0,0.0,0
15:04:37.536,601.302,FOCUSED,86.65,0.293,0.434,0.0,0,0,0.0,0
15:04:37.630,601.396,FOCUSED,86.65,0.297,0.438,0.0,0,0,0.0,0
15:04:37.727,601.493,FOCUSED,86.65,0.286,0.442,0.0,0,0,0.0,0
15:04:37.837,601.603,FOCUSED,86.65,0.276,0.44,0.0,0,0,0.0,0
15:04:37.935,601.702,FOCUSED,86.65,0.277,0.438,0.0,0,0,0.0,0
15:04:38.083,601.849,FOCUSED,86.65,0.28,0.436,0.0,0,0,0.0,0
15:04:38.217,601.982,FOCUSED,86.65,0.283,0.437,0.0,0,0,0.0,0
15:04:38.321,602.087,FOCUSED,86.65,0.279,0.435,0.0,0,0,0.0,0
15:04:38.476,602.242,FOCUSED,86.65,0.277,0.432,0.0,0,0,0.0,0
15:04:38.607,602.373,FOCUSED,86.65,0.277,0.43,0.0,0,0,0.0,0
15:04:38.724,602.489,FOCUSED,86.65,0.277,0.429,0.0,0,0,0.0,0
15:04:38.827,602.592,FOCUSED,86.65,0.267,0.431,0.0,0,0,0.0,0
15:04:38.951,602.717,FOCUSED,86.65,0.284,0.43,0.0,0,0,0.0,0
15:04:39.069,602.835,FOCUSED,86.65,0.285,0.429,0.0,0,0,0.0,0
15:04:39.183,602.949,FOCUSED,86.65,0.291,0.413,0.0,0,0,0.0,0
15:04:39.308,603.074,FOCUSED,86.65,0.293,0.425,0.0,0,0,0.0,0
15:04:39.437,603.203,FOCUSED,86.65,0.289,0.424,0.0,0,0,0.0,0
15:04:39.551,603.317,FOCUSED,86.65,0.291,0.424,0.0,0,0,0.0,0
15:04:39.669,603.435,FOCUSED,86.65,0.289,0.427,0.0,0,0,0.0,0
15:04:39.778,603.544,FOCUSED,86.65,0.28,0.429,0.0,0,0,0.0,0
15:04:39.917,603.682,FOCUSED,86.65,0.28,0.441,0.0,0,0,0.0,0
15:04:40.044,603.81,FOCUSED,86.65,0.282,0.436,0.0,0,0,0.0,0
15:04:40.165,603.93,FOCUSED,86.65,0.292,0.446,0.0,0,0,0.0,0
15:04:40.280,604.046,FOCUSED,86.65,0.285,0.435,0.0,0,0,0.0,0
15:04:40.401,604.166,FOCUSED,86.65,0.291,0.44,0.0,0,0,0.0,0
15:04:40.531,604.297,FOCUSED,86.65,0.284,0.441,0.0,0,0,0.0,0
15:04:40.647,604.412,FOCUSED,86.65,0.287,0.442,0.0,0,0,0.0,0
15:04:40.787,604.553,FOCUSED,86.65,0.294,0.442,0.0,0,0,0.0,0
15:04:40.951,604.717,FOCUSED,86.65,0.292,0.444,0.0,0,0,0.0,0
15:04:41.167,604.932,FOCUSED,86.65,0.293,0.447,0.0,0,0,0.0,0
15:04:41.300,605.067,FOCUSED,86.65,0.295,0.447,0.0,0,0,0.0,0
15:04:41.419,605.185,FOCUSED,86.65,0.298,0.447,0.0,0,0,0.0,0
15:04:41.552,605.317,FOCUSED,86.65,0.296,0.445,0.0,0,0,0.0,0
15:04:41.692,605.458,FOCUSED,86.65,0.299,0.449,0.0,0,0,0.0,0
15:04:41.810,605.576,FOCUSED,86.65,0.3,0.448,0.0,0,0,0.0,0
15:04:41.932,605.697,FOCUSED,86.65,0.294,0.449,0.0,0,0,0.0,0
15:04:42.030,605.796,FOCUSED,86.65,0.292,0.448,0.0,0,0,0.0,0
15:04:42.130,605.896,FOCUSED,86.65,0.293,0.447,0.0,0,0,0.0,0
15:04:42.216,605.981,FOCUSED,86.65,0.293,0.448,0.0,0,0,0.0,0
15:04:42.321,606.087,FOCUSED,86.65,0.296,0.45,0.0,0,0,0.0,0
15:04:42.451,606.217,FOCUSED,86.65,0.296,0.449,0.0,0,0,0.0,0
15:04:42.603,606.369,FOCUSED,86.65,0.297,0.448,0.0,0,0,0.0,0
15:04:42.789,606.555,FOCUSED,86.65,0.294,0.447,0.0,0,0,0.0,0
15:04:43.007,606.773,FOCUSED,86.65,0.292,0.447,0.0,0,0,0.0,0
15:04:43.269,607.035,FOCUSED,86.65,0.301,0.449,0.0,0,0,0.0,0
15:04:43.444,607.21,FOCUSED,86.65,0.286,0.449,0.0,0,0,0.0,0
15:04:43.548,607.314,FOCUSED,86.65,0.295,0.448,0.0,0,0,0.0,0
15:04:43.680,607.446,FOCUSED,86.65,0.292,0.447,0.0,0,0,0.0,0
15:04:43.776,607.541,FOCUSED,86.65,0.291,0.449,0.0,0,0,0.0,0
15:04:43.886,607.652,FOCUSED,86.65,0.289,0.448,0.0,0,0,0.0,0
15:04:44.013,607.779,FOCUSED,86.65,0.293,0.45,0.0,0,0,0.0,0
15:04:44.116,607.882,FOCUSED,86.65,0.299,0.448,0.0,0,0,0.0,0
15:04:44.236,608.002,FOCUSED,86.65,0.292,0.45,0.0,0,0,0.0,0
15:04:44.336,608.102,FOCUSED,86.65,0.289,0.452,0.0,0,0,0.0,0
15:04:44.448,608.214,FOCUSED,86.65,0.294,0.451,0.0,0,0,0.0,0
15:04:44.560,608.326,FOCUSED,86.65,0.29,0.45,0.0,0,0,0.0,0
15:04:44.686,608.452,FOCUSED,86.65,0.288,0.448,0.0,0,0,0.0,0
15:04:44.801,608.567,FOCUSED,86.65,0.289,0.448,0.0,0,0,0.0,0
15:04:44.913,608.679,FOCUSED,86.65,0.154,0.442,0.0,0,0,0.6,0
15:04:45.033,608.798,FOCUSED,86.65,0.287,0.445,0.0,0,0,0.0,0
15:04:45.154,608.92,FOCUSED,86.65,0.301,0.449,0.0,0,0,0.0,0
15:04:45.283,609.049,FOCUSED,86.65,0.294,0.449,0.0,0,0,0.0,0
15:04:45.397,609.162,FOCUSED,86.65,0.285,0.449,0.0,0,0,0.0,0
15:04:45.505,609.271,FOCUSED,86.65,0.283,0.453,0.0,0,0,0.0,0
15:04:45.625,609.39,FOCUSED,86.65,0.31,0.453,0.0,0,0,0.0,0
15:04:45.735,609.501,FOCUSED,86.65,0.312,0.456,0.0,0,0,0.0,0
15:04:45.848,609.613,FOCUSED,86.65,0.315,0.456,0.0,0,0,0.0,0
15:04:45.969,609.735,FOCUSED,86.65,0.312,0.458,0.0,0,0,0.0,0
15:04:46.071,609.837,FOCUSED,86.65,0.311,0.456,0.0,0,0,0.0,0
15:04:46.182,609.947,FOCUSED,86.65,0.311,0.46,0.0,0,0,0.0,0
15:04:46.313,610.078,FOCUSED,86.65,0.316,0.459,0.0,0,0,0.0,0
15:04:46.418,610.185,FOCUSED,86.65,0.315,0.455,0.0,0,0,0.0,0
15:04:46.529,610.295,FOCUSED,86.65,0.316,0.432,0.0,0,0,0.0,0
15:04:46.650,610.416,FOCUSED,86.65,0.301,0.392,0.0,0,0,0.0,0
15:04:46.763,610.529,FOCUSED,86.65,0.234,0.342,0.0,0,0,0.0,0
15:04:46.871,610.637,FOCUSED,86.65,0.181,0.25,0.0,0,0,0.0,0
15:04:46.984,610.75,FOCUSED,86.65,0.24,0.218,0.0,0,0,0.0,0
15:04:47.116,610.882,FOCUSED,86.65,0.241,0.224,0.0,0,0,0.0,0
15:04:47.271,611.036,FOCUSED,86.65,0.249,0.207,0.0,0,0,0.0,0
15:04:47.435,611.2,FOCUSED,86.65,0.224,0.228,0.0,0,0,0.0,0
15:04:47.581,611.347,FOCUSED,86.65,0.236,0.241,0.0,0,0,0.0,0
15:04:47.737,611.502,FOCUSED,86.65,0.24,0.235,0.0,0,0,0.0,0
15:04:47.890,611.656,FOCUSED,86.65,0.241,0.239,0.0,0,0,0.0,0
15:04:48.030,611.796,FOCUSED,86.65,0.247,0.242,0.0,0,0,0.0,0
15:04:48.164,611.929,FOCUSED,86.65,0.26,0.256,0.0,0,0,0.0,0
15:04:48.321,612.087,FOCUSED,86.65,0.264,0.268,0.0,0,0,0.0,0
15:04:48.463,612.229,FOCUSED,86.65,0.257,0.27,0.0,0,0,0.0,0
15:04:48.651,612.417,FOCUSED,86.65,0.247,0.272,0.0,0,0,0.0,0
15:04:48.792,612.558,FOCUSED,86.65,0.24,0.271,0.0,0,0,0.0,0
15:04:48.937,612.702,FOCUSED,86.65,0.25,0.271,0.0,0,0,0.0,0
15:04:49.062,612.828,FOCUSED,86.65,0.241,0.273,0.0,0,0,0.0,0
15:04:49.194,612.96,FOCUSED,86.65,0.253,0.281,0.0,0,0,0.0,0
15:04:49.333,613.098,FOCUSED,86.65,0.247,0.284,0.0,0,0,0.0,0
15:04:49.476,613.242,FOCUSED,86.65,0.25,0.282,0.0,0,0,0.0,0
15:04:49.606,613.372,FOCUSED,86.65,0.043,0.274,0.0,0,0,0.6,0
15:04:49.726,613.492,FOCUSED,86.65,0.227,0.29,0.0,0,0,0.0,0
15:04:49.858,613.623,FOCUSED,86.65,0.255,0.301,0.0,0,0,0.0,0
15:04:50.012,613.777,FOCUSED,86.65,0.265,0.306,0.0,0,0,0.0,0
15:04:50.182,613.948,FOCUSED,86.65,0.267,0.298,0.0,0,0,0.0,0
15:04:50.338,614.104,FOCUSED,86.65,0.255,0.296,0.0,0,0,0.0,0
15:04:50.514,614.279,FOCUSED,86.65,0.259,0.302,0.0,0,0,0.0,0
15:04:50.658,614.424,FOCUSED,86.65,0.255,0.288,0.0,0,0,0.0,0
15:04:50.813,614.578,FOCUSED,86.65,0.259,0.292,0.0,0,0,0.0,0
15:04:50.965,614.731,FOCUSED,86.65,0.266,0.284,0.0,0,0,0.0,0
15:04:51.127,614.892,FOCUSED,86.65,0.269,0.294,0.0,0,0,0.0,0
15:04:51.260,615.026,FOCUSED,86.65,0.269,0.287,0.0,0,0,0.0,0
15:04:51.411,615.176,FOCUSED,86.65,0.271,0.28,0.0,0,0,0.0,0
15:04:51.548,615.314,FOCUSED,86.65,0.261,0.279,0.0,0,0,0.0,0
15:04:51.719,615.484,FOCUSED,86.65,0.259,0.281,0.0,0,0,0.0,0
15:04:51.855,615.621,FOCUSED,86.65,0.262,0.279,0.0,0,0,0.0,0
15:04:51.997,615.762,FOCUSED,86.65,0.261,0.281,0.0,0,0,0.0,0
15:04:52.134,615.9,FOCUSED,86.65,0.264,0.288,0.0,0,0,0.0,0
15:04:52.264,616.03,FOCUSED,86.65,0.261,0.301,0.0,0,0,0.0,0
15:04:52.422,616.188,FOCUSED,86.65,0.276,0.319,0.0,0,0,0.0,0
15:04:52.556,616.322,FOCUSED,86.65,0.268,0.312,0.0,0,0,0.0,0
15:04:52.724,616.489,FOCUSED,86.65,0.278,0.313,0.0,0,0,0.0,0
15:04:52.874,616.64,FOCUSED,86.65,0.274,0.302,0.0,0,0,0.0,0
15:04:53.017,616.783,FOCUSED,86.65,0.275,0.293,0.0,0,0,0.0,0
15:04:53.131,616.897,FOCUSED,86.65,0.255,0.303,0.0,0,0,0.0,0
15:04:53.261,617.028,FOCUSED,86.65,0.249,0.31,0.0,0,0,0.0,0
15:04:53.398,617.165,FOCUSED,86.65,0.254,0.315,0.0,0,0,0.0,0
15:04:53.559,617.324,FOCUSED,86.65,0.253,0.32,0.32,1,0,0.0,0
15:04:53.720,617.486,FOCUSED,86.65,0.266,0.324,0.335,1,0,0.0,0
15:04:53.858,617.624,FOCUSED,86.65,0.258,0.321,0.332,1,0,0.0,0
15:04:53.969,617.735,FOCUSED,86.65,0.268,0.319,0.29,1,0,0.0,0
15:04:54.121,617.887,FOCUSED,86.65,0.273,0.32,0.298,1,0,0.0,0
15:04:54.254,618.019,FOCUSED,86.65,0.258,0.317,0.271,1,0,0.0,0
15:04:54.391,618.157,FOCUSED,86.65,0.259,0.307,0.0,0,0,0.0,0
15:04:54.527,618.293,FOCUSED,86.65,0.261,0.311,0.0,0,0,0.0,0
15:04:54.682,618.447,FOCUSED,86.65,0.259,0.3,0.0,0,0,0.0,0
15:04:54.798,618.564,FOCUSED,86.65,0.262,0.312,0.0,0,0,0.0,0
15:04:54.947,618.712,FOCUSED,86.65,0.278,0.317,0.0,0,0,0.0,0
15:04:55.097,618.863,FOCUSED,86.65,0.275,0.319,0.0,0,0,0.0,0
15:04:55.231,618.996,FOCUSED,86.65,0.272,0.319,0.0,0,0,0.0,0
15:04:55.369,619.135,FOCUSED,86.65,0.28,0.318,0.0,0,0,0.0,0
15:04:55.507,619.273,FOCUSED,86.65,0.274,0.314,0.0,0,0,0.0,0
15:04:55.641,619.406,FOCUSED,86.65,0.269,0.318,0.0,0,0,0.0,0
15:04:55.777,619.542,FOCUSED,86.65,0.266,0.314,0.0,0,0,0.0,0
15:04:55.917,619.682,FOCUSED,86.65,0.267,0.32,0.0,0,0,0.0,0
15:04:56.037,619.803,FOCUSED,86.65,0.266,0.312,0.0,0,0,0.0,0
15:04:56.207,619.972,FOCUSED,86.65,0.285,0.32,0.0,0,0,0.0,0
15:04:56.360,620.126,FOCUSED,86.65,0.042,0.305,0.0,0,0,0.6,0
15:04:56.515,620.281,FOCUSED,86.65,0.253,0.299,0.0,0,0,0.0,0
15:04:56.682,620.447,FOCUSED,86.65,0.26,0.307,0.0,0,0,0.0,0
15:04:56.819,620.585,FOCUSED,86.65,0.271,0.296,0.0,0,0,0.0,0
15:04:56.953,620.719,FOCUSED,86.65,0.275,0.295,0.0,0,0,0.0,0
15:04:57.081,620.847,FOCUSED,86.65,0.278,0.296,0.0,0,0,0.0,0
15:04:57.217,620.982,FOCUSED,86.65,0.278,0.298,0.0,0,0,0.0,0
15:04:57.360,621.125,FOCUSED,86.65,0.276,0.302,0.0,0,0,0.0,0
15:04:57.504,621.269,FOCUSED,86.65,0.274,0.302,0.0,0,0,0.0,0
15:04:57.650,621.416,FOCUSED,86.65,0.273,0.296,0.0,0,0,0.0,0
15:04:57.794,621.56,FOCUSED,86.65,0.267,0.29,0.0,0,0,0.0,0
15:04:57.945,621.711,FOCUSED,86.65,0.264,0.289,0.0,0,0,0.0,0
15:04:58.085,621.85,FOCUSED,86.65,0.265,0.286,0.0,0,0,0.0,0
15:04:58.225,621.99,FOCUSED,86.65,0.261,0.284,0.0,0,0,0.0,0
15:04:58.366,622.132,FOCUSED,86.65,0.264,0.283,0.0,0,0,0.0,0
15:04:58.513,622.279,FOCUSED,86.65,0.266,0.284,0.0,0,0,0.0,0
15:04:58.641,622.407,FOCUSED,86.65,0.268,0.287,0.0,0,0,0.0,0
15:04:58.772,622.538,FOCUSED,86.65,0.269,0.285,0.0,0,0,0.0,0
15:04:59.031,622.796,FOCUSED,86.65,0.267,0.282,0.0,0,0,0.0,0
15:04:59.194,622.96,FOCUSED,86.65,0.265,0.281,0.0,0,0,0.0,0
15:04:59.340,623.105,FOCUSED,86.65,0.269,0.285,0.0,0,0,0.0,0
15:04:59.489,623.254,FOCUSED,86.65,0.271,0.288,0.0,0,0,0.0,0
15:04:59.625,623.391,FOCUSED,86.65,0.268,0.288,0.0,0,0,0.0,0
15:04:59.748,623.514,FOCUSED,86.65,0.268,0.287,0.0,0,0,0.0,0
15:04:59.887,623.652,FOCUSED,86.65,0.261,0.293,0.0,0,0,0.0,0
15:05:00.045,623.811,FOCUSED,86.65,0.26,0.298,0.0,0,0,0.0,0
15:05:00.186,623.952,FOCUSED,86.65,0.255,0.302,0.0,0,0,0.0,0
15:05:00.332,624.098,FOCUSED,86.65,0.26,0.302,0.0,0,0,0.0,0
15:05:00.517,624.283,FOCUSED,86.65,0.26,0.308,0.0,0,0,0.0,0
15:05:00.669,624.434,FOCUSED,86.65,0.273,0.308,0.0,0,0,0.0,0
15:05:00.816,624.581,FOCUSED,86.65,0.271,0.312,0.0,0,0,0.0,0
15:05:00.969,624.734,FOCUSED,86.65,0.269,0.302,0.0,0,0,0.0,0
15:05:01.134,624.899,FOCUSED,86.65,0.268,0.299,0.0,0,0,0.0,0
15:05:01.273,625.039,FOCUSED,86.65,0.277,0.301,0.0,0,0,0.0,0
15:05:01.410,625.176,FOCUSED,86.65,0.277,0.303,0.0,0,0,0.0,0
15:05:01.537,625.302,FOCUSED,86.65,0.272,0.307,0.0,0,0,0.0,0
15:05:01.663,625.429,FOCUSED,86.65,0.265,0.309,0.0,0,0,0.0,0
15:05:01.810,625.576,FOCUSED,86.65,0.273,0.304,0.0,0,0,0.0,0
15:05:01.949,625.715,FOCUSED,86.65,0.271,0.303,0.0,0,0,0.0,0
15:05:02.087,625.853,FOCUSED,86.65,0.273,0.303,0.0,0,0,0.0,0
15:05:02.227,625.993,FOCUSED,86.65,0.267,0.305,0.0,0,0,0.0,0
15:05:02.362,626.128,FOCUSED,86.65,0.268,0.306,0.0,0,0,0.0,0
15:05:02.514,626.279,FOCUSED,86.65,0.266,0.309,0.0,0,0,0.0,0
15:05:02.653,626.419,FOCUSED,86.65,0.254,0.304,0.0,0,0,0.0,0
15:05:02.793,626.558,FOCUSED,86.65,0.254,0.301,0.0,0,0,0.0,0
15:05:02.924,626.689,FOCUSED,86.65,0.254,0.3,0.0,0,0,0.0,0
15:05:03.089,626.855,FOCUSED,86.65,0.261,0.301,0.0,0,0,0.0,0
15:05:03.246,627.011,FOCUSED,86.65,0.267,0.299,0.0,0,0,0.0,0
15:05:03.390,627.156,FOCUSED,86.65,0.267,0.299,0.0,0,0,0.0,0
15:05:03.529,627.294,FOCUSED,86.65,0.05,0.288,0.0,0,0,0.6,0
15:05:03.677,627.443,FOCUSED,86.65,0.243,0.295,0.0,0,0,0.0,0
15:05:03.804,627.57,FOCUSED,86.65,0.274,0.31,0.0,0,0,0.0,0
15:05:03.950,627.716,FOCUSED,86.65,0.281,0.306,0.0,0,0,0.0,0
15:05:04.117,627.883,FOCUSED,86.65,0.272,0.304,0.0,0,0,0.0,0
15:05:04.271,628.038,FOCUSED,86.65,0.268,0.303,0.0,0,0,0.0,0
15:05:04.442,628.208,FOCUSED,86.65,0.279,0.303,0.0,0,0,0.0,0
15:05:04.572,628.338,FOCUSED,86.65,0.275,0.302,0.0,0,0,0.0,0
15:05:04.706,628.472,FOCUSED,86.65,0.27,0.296,0.0,0,0,0.0,0
15:05:04.840,628.606,FOCUSED,86.65,0.266,0.292,0.0,0,0,0.0,0
15:05:04.972,628.738,FOCUSED,86.65,0.248,0.285,0.0,0,0,0.0,0
15:05:05.117,628.882,FOCUSED,86.65,0.25,0.286,0.0,0,0,0.0,0
15:05:05.260,629.025,FOCUSED,86.65,0.253,0.286,0.0,0,0,0.0,0
15:05:05.410,629.175,FOCUSED,86.65,0.252,0.284,0.0,0,0,0.0,0
15:05:05.570,629.335,FOCUSED,86.65,0.25,0.279,0.0,0,0,0.0,0
15:05:05.715,629.481,FOCUSED,86.65,0.248,0.283,0.0,0,0,0.0,0
15:05:05.850,629.616,FOCUSED,86.65,0.249,0.282,0.0,0,0,0.0,0
15:05:05.990,629.755,FOCUSED,86.65,0.252,0.285,0.0,0,0,0.0,0
15:05:06.146,629.912,FOCUSED,86.65,0.254,0.285,0.0,0,0,0.0,0
15:05:06.303,630.069,FOCUSED,86.65,0.253,0.284,0.0,0,0,0.0,0
15:05:06.450,630.216,FOCUSED,86.65,0.246,0.28,0.0,0,0,0.0,0
15:05:06.576,630.341,FOCUSED,86.65,0.242,0.278,0.0,0,0,0.0,0
15:05:06.704,630.47,FOCUSED,86.65,0.24,0.278,0.0,0,0,0.0,0
15:05:06.834,630.599,FOCUSED,86.65,0.239,0.277,0.0,0,0,0.0,0
15:05:06.978,630.744,FOCUSED,86.65,0.239,0.277,0.0,0,0,0.0,0
15:05:07.126,630.892,FOCUSED,86.65,0.24,0.276,0.0,0,0,0.0,0
15:05:07.266,631.032,FOCUSED,86.65,0.251,0.288,0.0,0,0,0.0,0
15:05:07.405,631.171,FOCUSED,86.65,0.249,0.29,0.0,0,0,0.0,0
15:05:07.530,631.296,FOCUSED,86.65,0.256,0.288,0.0,0,0,0.0,0
15:05:07.691,631.456,FOCUSED,86.65,0.257,0.289,0.0,0,0,0.0,0
15:05:07.842,631.608,FOCUSED,86.65,0.255,0.289,0.0,0,0,0.0,0
15:05:07.978,631.744,FOCUSED,86.65,0.257,0.294,0.0,0,0,0.0,0
15:05:08.101,631.867,FOCUSED,86.65,0.255,0.294,0.0,0,0,0.0,0
15:05:08.244,632.01,FOCUSED,86.65,0.248,0.29,0.0,0,0,0.0,0
15:05:08.376,632.142,FOCUSED,86.65,0.254,0.289,0.0,0,0,0.0,0
15:05:08.521,632.287,FOCUSED,86.65,0.255,0.29,0.0,0,0,0.0,0
15:05:08.658,632.423,FOCUSED,86.65,0.252,0.289,0.0,0,0,0.0,0
15:05:08.795,632.561,FOCUSED,86.65,0.253,0.289,0.0,0,0,0.0,0
15:05:08.933,632.699,FOCUSED,86.65,0.251,0.287,0.0,0,0,0.0,0
15:05:09.079,632.845,FOCUSED,86.65,0.252,0.289,0.0,0,0,0.0,0
15:05:09.205,632.971,FOCUSED,86.65,0.254,0.287,0.0,0,0,0.0,0
15:05:09.330,633.097,FOCUSED,86.65,0.26,0.29,0.0,0,0,0.0,0
15:05:09.450,633.215,FOCUSED,86.65,0.258,0.291,0.0,0,0,0.0,0
15:05:09.586,633.352,FOCUSED,86.65,0.257,0.291,0.0,0,0,0.0,0
15:05:09.731,633.497,FOCUSED,86.65,0.259,0.289,0.0,0,0,0.0,0
15:05:09.861,633.627,FOCUSED,86.65,0.254,0.289,0.0,0,0,0.0,0
15:05:09.989,633.754,FOCUSED,86.65,0.255,0.292,0.0,0,0,0.0,0
15:05:10.121,633.887,FOCUSED,86.65,0.258,0.293,0.0,0,0,0.0,0
15:05:10.266,634.032,FOCUSED,86.65,0.26,0.297,0.0,0,0,0.0,0
15:05:10.412,634.178,FOCUSED,86.65,0.262,0.295,0.0,0,0,0.0,0
15:05:10.554,634.32,FOCUSED,86.65,0.253,0.286,0.0,0,0,0.0,0
15:05:10.681,634.448,FOCUSED,86.65,0.254,0.287,0.0,0,0,0.0,0
15:05:10.826,634.592,FOCUSED,86.65,0.242,0.296,0.0,0,0,0.0,0
15:05:10.963,634.729,FOCUSED,86.65,0.249,0.295,0.0,0,0,0.0,0
15:05:11.108,634.873,FOCUSED,86.65,0.264,0.286,0.0,0,0,0.0,0
15:05:11.246,635.012,FOCUSED,86.65,0.261,0.284,0.0,0,0,0.0,0
15:05:11.377,635.142,FOCUSED,86.65,0.243,0.291,0.0,0,0,0.0,0
15:05:11.492,635.257,FOCUSED,86.65,0.246,0.313,0.0,0,0,0.0,0
15:05:11.617,635.382,FOCUSED,86.65,0.076,0.357,0.0,0,0,0.6,0
15:05:11.730,635.495,FOCUSED,86.65,0.081,0.388,0.0,0,0,0.6,0
15:05:11.851,635.617,FOCUSED,86.65,0.072,0.384,0.0,0,0,0.6,0
15:05:11.965,635.73,FOCUSED,86.65,0.063,0.385,0.0,0,0,0.6,0
15:05:12.083,635.849,FOCUSED,86.65,0.236,0.4,0.0,0,0,0.0,0
15:05:12.216,635.982,FOCUSED,86.65,0.267,0.391,0.0,0,0,0.0,0
15:05:12.331,636.097,FOCUSED,86.65,0.277,0.385,0.0,0,0,0.0,0
15:05:12.438,636.204,FOCUSED,86.65,0.282,0.387,0.0,0,0,0.0,0
15:05:12.545,636.311,FOCUSED,86.65,0.285,0.383,0.0,0,0,0.0,0
15:05:12.659,636.424,FOCUSED,86.65,0.245,0.38,0.0,0,0,0.0,0
15:05:12.766,636.532,FOCUSED,86.65,0.246,0.391,0.0,0,0,0.0,0
15:05:12.884,636.65,FOCUSED,86.65,0.249,0.39,0.0,0,0,0.0,0
15:05:13.001,636.767,FOCUSED,86.65,0.253,0.389,0.0,0,0,0.0,0
15:05:13.123,636.889,FOCUSED,86.65,0.251,0.388,0.0,0,0,0.0,0
15:05:13.299,637.065,FOCUSED,86.65,0.254,0.386,0.0,0,0,0.0,0
15:05:13.450,637.216,FOCUSED,86.65,0.247,0.384,0.0,0,0,0.0,0
15:05:13.581,637.347,FOCUSED,86.65,0.253,0.388,0.0,0,0,0.0,0
15:05:13.701,637.467,FOCUSED,86.65,0.262,0.386,0.0,0,0,0.0,0
15:05:13.803,637.569,FOCUSED,86.65,0.258,0.387,0.0,0,0,0.0,0
15:05:14.124,637.89,FOCUSED,86.65,0.26,0.388,0.0,0,0,0.0,0
15:05:14.244,638.009,FOCUSED,86.65,0.264,0.392,0.0,0,0,0.0,0
15:05:14.391,638.157,FOCUSED,86.65,0.289,0.396,0.0,0,0,0.0,0
15:05:14.507,638.273,FOCUSED,86.65,0.278,0.395,0.0,0,0,0.0,0
15:05:14.610,638.376,FOCUSED,86.65,0.27,0.394,0.0,0,0,0.0,0
15:05:14.733,638.499,FOCUSED,86.65,0.27,0.398,0.0,0,0,0.0,0
15:05:14.883,638.649,FOCUSED,86.65,0.263,0.391,0.0,0,0,0.0,0
15:05:14.986,638.751,FOCUSED,86.65,0.265,0.388,0.0,0,0,0.0,0
15:05:15.098,638.864,FOCUSED,86.65,0.259,0.391,0.0,0,0,0.0,0
15:05:15.204,638.97,FOCUSED,86.65,0.26,0.392,0.0,0,0,0.0,0
15:05:15.311,639.076,FOCUSED,86.65,0.265,0.39,0.0,0,0,0.0,0
15:05:15.426,639.191,FOCUSED,86.65,0.267,0.393,0.0,0,0,0.0,0
15:05:15.534,639.3,FOCUSED,86.65,0.271,0.392,0.0,0,0,0.0,0
15:05:15.646,639.412,FOCUSED,86.65,0.267,0.395,0.0,0,0,0.0,0
15:05:15.756,639.522,FOCUSED,86.65,0.259,0.4,0.0,0,0,0.0,0
15:05:15.853,639.619,FOCUSED,86.65,0.235,0.403,0.0,0,0,0.0,0
15:05:15.978,639.744,FOCUSED,86.65,0.125,0.408,0.0,0,0,0.6,0
