timestamp,elapsed_sec,state,score,ear,pitch,phone_conf,hand_interaction,raw_absent,drowsy_score,phone_in_use
09:29:08.675,2.881,FOCUSED,100.0,0.299,0.423,0.0,0,0,0.0,0
09:29:08.772,2.978,FOCUSED,100.0,0.3,0.425,0.0,0,0,0.0,0
09:29:08.860,3.065,FOCUSED,100.0,0.304,0.423,0.0,0,0,0.0,0
09:29:08.936,3.142,FOCUSED,100.0,0.304,0.423,0.0,0,0,0.0,0
09:29:09.006,3.211,FOCUSED,100.0,0.3,0.421,0.0,0,0,0.0,0
09:29:09.082,3.287,FOCUSED,100.0,0.296,0.422,0.0,0,0,0.0,0
09:29:09.167,3.372,FOCUSED,100.0,0.296,0.421,0.0,0,0,0.0,0
09:29:09.260,3.465,FOCUSED,100.0,0.296,0.42,0.0,0,0,0.0,0
09:29:09.339,3.544,FOCUSED,100.0,0.294,0.421,0.0,0,0,0.0,0
09:29:09.414,3.619,FOCUSED,100.0,0.298,0.419,0.0,0,0,0.0,0
09:29:09.494,3.699,FOCUSED,100.0,0.297,0.418,0.0,0,0,0.0,0
09:29:09.570,3.775,FOCUSED,100.0,0.306,0.419,0.0,0,0,0.0,0
09:29:09.643,3.849,FOCUSED,100.0,0.307,0.419,0.0,0,0,0.0,0
09:29:09.745,3.95,FOCUSED,100.0,0.296,0.419,0.0,0,0,0.0,0
09:29:09.831,4.037,FOCUSED,100.0,0.294,0.419,0.0,0,0,0.0,0
09:29:09.917,4.122,FOCUSED,100.0,0.298,0.42,0.0,0,0,0.0,0
09:29:10.030,4.235,FOCUSED,100.0,0.301,0.428,0.0,0,0,0.0,0
09:29:10.109,4.314,FOCUSED,100.0,0.308,0.424,0.0,0,0,0.0,0
09:29:10.187,4.392,FOCUSED,100.0,0.313,0.424,0.0,0,0,0.0,0
09:29:10.259,4.464,FOCUSED,100.0,0.309,0.426,0.0,0,0,0.0,0
09:29:10.332,4.537,FOCUSED,100.0,0.312,0.423,0.0,0,0,0.0,0
09:29:10.393,4.598,FOCUSED,100.0,0.313,0.425,0.0,0,0,0.0,0
09:29:10.467,4.673,FOCUSED,100.0,0.313,0.426,0.0,0,0,0.0,0
09:29:10.538,4.743,FOCUSED,100.0,0.316,0.422,0.0,0,0,0.0,0
09:29:10.609,4.815,FOCUSED,100.0,0.311,0.423,0.0,0,0,0.0,0
09:29:10.680,4.886,FOCUSED,100.0,0.316,0.424,0.0,0,0,0.0,0
09:29:10.760,4.965,FOCUSED,100.0,0.316,0.425,0.0,0,0,0.0,0
09:29:10.831,5.036,FOCUSED,100.0,0.319,0.426,0.0,0,0,0.0,0
09:29:10.903,5.109,FOCUSED,100.0,0.317,0.425,0.0,0,0,0.0,0
09:29:10.972,5.178,FOCUSED,100.0,0.324,0.422,0.0,0,0,0.0,0
09:29:11.046,5.252,FOCUSED,100.0,0.312,0.423,0.0,0,0,0.0,0
09:29:11.116,5.321,FOCUSED,100.0,0.071,0.414,0.0,0,0,0.6,0
09:29:11.191,5.396,FOCUSED,100.0,0.256,0.419,0.0,0,0,0.0,0
09:29:11.277,5.482,FOCUSED,100.0,0.298,0.422,0.0,0,0,0.0,0
09:29:11.341,5.546,FOCUSED,100.0,0.301,0.425,0.0,0,0,0.0,0
09:29:11.404,5.61,FOCUSED,100.0,0.314,0.426,0.0,0,0,0.0,0
09:29:11.484,5.69,FOCUSED,100.0,0.314,0.428,0.0,0,0,0.0,0
09:29:11.553,5.758,FOCUSED,100.0,0.31,0.426,0.0,0,0,0.0,0
09:29:11.637,5.842,FOCUSED,100.0,0.307,0.421,0.0,0,0,0.0,0
09:29:11.720,5.925,FOCUSED,100.0,0.292,0.421,0.0,0,0,0.0,0
09:29:11.795,6.0,FOCUSED,100.0,0.282,0.42,0.0,0,0,0.0,0
09:29:11.861,6.066,FOCUSED,100.0,0.282,0.421,0.0,0,0,0.0,0
09:29:11.928,6.134,FOCUSED,100.0,0.278,0.419,0.0,0,0,0.0,0
09:29:11.992,6.198,FOCUSED,100.0,0.28,0.42,0.0,0,0,0.0,0
09:29:12.060,6.265,FOCUSED,100.0,0.288,0.42,0.0,0,0,0.0,0
09:29:12.130,6.336,FOCUSED,100.0,0.284,0.42,0.0,0,0,0.0,0
09:29:12.201,6.406,FOCUSED,100.0,0.287,0.419,0.0,0,0,0.0,0
09:29:12.276,6.481,FOCUSED,100.0,0.284,0.42,0.0,0,0,0.0,0
09:29:12.361,6.566,FOCUSED,100.0,0.286,0.419,0.0,0,0,0.0,0
09:29:12.435,6.64,FOCUSED,100.0,0.285,0.421,0.0,0,0,0.0,0
09:29:12.511,6.716,FOCUSED,100.0,0.288,0.419,0.0,0,0,0.0,0
09:29:12.595,6.8,FOCUSED,100.0,0.292,0.419,0.0,0,0,0.0,0
09:29:12.682,6.887,FOCUSED,100.0,0.297,0.416,0.0,0,0,0.0,0
09:29:12.745,6.95,FOCUSED,100.0,0.293,0.42,0.0,0,0,0.0,0
09:29:12.826,7.032,FOCUSED,100.0,0.295,0.418,0.0,0,0,0.0,0
09:29:12.913,7.118,FOCUSED,100.0,0.299,0.419,0.0,0,0,0.0,0
09:29:12.984,7.189,FOCUSED,100.0,0.296,0.416,0.0,0,0,0.0,0
09:29:13.051,7.256,FOCUSED,100.0,0.299,0.418,0.0,0,0,0.0,0
09:29:13.122,7.327,FOCUSED,100.0,0.297,0.421,0.0,0,0,0.0,0
09:29:13.204,7.409,FOCUSED,100.0,0.29,0.426,0.0,0,0,0.0,0
09:29:13.277,7.482,FOCUSED,100.0,0.303,0.425,0.0,0,0,0.0,0
09:29:13.360,7.565,FOCUSED,100.0,0.3,0.425,0.0,0,0,0.0,0
09:29:13.440,7.645,FOCUSED,100.0,0.302,0.424,0.0,0,0,0.0,0
09:29:13.550,7.755,FOCUSED,100.0,0.297,0.424,0.0,0,0,0.0,0
09:29:13.653,7.858,FOCUSED,100.0,0.305,0.422,0.0,0,0,0.0,0
09:29:13.745,7.951,FOCUSED,100.0,0.312,0.422,0.0,0,0,0.0,0
09:29:13.834,8.039,FOCUSED,100.0,0.305,0.426,0.0,0,0,0.0,0
09:29:13.910,8.116,FOCUSED,100.0,0.307,0.426,0.0,0,0,0.0,0
09:29:14.016,8.222,FOCUSED,100.0,0.312,0.428,0.0,0,0,0.0,0
09:29:14.267,8.472,FOCUSED,100.0,0.316,0.427,0.0,0,0,0.0,0
09:29:14.447,8.652,FOCUSED,100.0,0.321,0.427,0.0,0,0,0.0,0
09:29:14.523,8.728,FOCUSED,100.0,0.334,0.429,0.0,0,0,0.0,0
09:29:14.618,8.823,FOCUSED,100.0,0.338,0.432,0.0,0,0,0.0,0
09:29:14.695,8.9,FOCUSED,100.0,0.344,0.432,0.0,0,0,0.0,0
09:29:14.777,8.982,FOCUSED,100.0,0.342,0.431,0.0,0,0,0.0,0
09:29:14.854,9.059,FOCUSED,100.0,0.323,0.431,0.0,0,0,0.0,0
09:29:14.932,9.137,FOCUSED,100.0,0.299,0.42,0.0,0,0,0.0,0
09:29:15.005,9.21,FOCUSED,100.0,0.294,0.42,0.0,0,0,0.0,0
09:29:15.092,9.297,FOCUSED,100.0,0.292,0.421,0.0,0,0,0.0,0
09:29:15.173,9.378,FOCUSED,100.0,0.3,0.419,0.0,0,0,0.0,0
09:29:15.249,9.454,FOCUSED,100.0,0.295,0.418,0.0,0,0,0.0,0
09:29:15.327,9.532,FOCUSED,100.0,0.295,0.417,0.0,0,0,0.0,0
09:29:15.403,9.608,FOCUSED,100.0,0.289,0.417,0.0,0,0,0.0,0
09:29:15.485,9.69,FOCUSED,100.0,0.295,0.416,0.0,0,0,0.0,0
09:29:15.561,9.766,FOCUSED,100.0,0.293,0.416,0.0,0,0,0.0,0
09:29:15.634,9.839,FOCUSED,100.0,0.297,0.418,0.0,0,0,0.0,0
09:29:15.725,9.93,FOCUSED,100.0,0.292,0.418,0.0,0,0,0.0,0
09:29:15.789,9.994,FOCUSED,100.0,0.295,0.416,0.0,0,0,0.0,0
09:29:15.857,10.062,FOCUSED,100.0,0.287,0.416,0.0,0,0,0.0,0
09:29:15.933,10.138,FOCUSED,100.0,0.288,0.42,0.0,0,0,0.0,0
09:29:16.009,10.214,FOCUSED,100.0,0.287,0.418,0.0,0,0,0.0,0
09:29:16.095,10.3,FOCUSED,100.0,0.29,0.417,0.0,0,0,0.0,0
09:29:16.174,10.379,FOCUSED,100.0,0.296,0.415,0.0,0,0,0.0,0
09:29:16.245,10.451,FOCUSED,100.0,0.294,0.416,0.0,0,0,0.0,0
09:29:16.304,10.51,FOCUSED,100.0,0.294,0.416,0.0,0,0,0.0,0
09:29:16.376,10.581,FOCUSED,100.0,0.294,0.419,0.0,0,0,0.0,0
09:29:16.448,10.654,FOCUSED,100.0,0.295,0.422,0.0,0,0,0.0,0
09:29:16.510,10.715,FOCUSED,100.0,0.293,0.419,0.0,0,0,0.0,0
09:29:16.576,10.782,FOCUSED,100.0,0.297,0.42,0.0,0,0,0.0,0
09:29:16.661,10.867,FOCUSED,100.0,0.297,0.418,0.0,0,0,0.0,0
09:29:16.731,10.936,FOCUSED,100.0,0.299,0.421,0.0,0,0,0.0,0
09:29:16.804,11.009,FOCUSED,100.0,0.297,0.418,0.0,0,0,0.0,0
09:29:16.881,11.086,FOCUSED,100.0,0.291,0.421,0.0,0,0,0.0,0
09:29:16.964,11.169,FOCUSED,100.0,0.295,0.422,0.0,0,0,0.0,0
09:29:17.048,11.254,FOCUSED,100.0,0.295,0.421,0.0,0,0,0.0,0
09:29:17.115,11.32,FOCUSED,100.0,0.299,0.421,0.0,0,0,0.0,0
09:29:17.191,11.396,FOCUSED,100.0,0.296,0.422,0.0,0,0,0.0,0
09:29:17.268,11.473,FOCUSED,100.0,0.299,0.421,0.0,0,0,0.0,0
09:29:17.348,11.553,FOCUSED,100.0,0.297,0.423,0.0,0,0,0.0,0
09:29:17.434,11.639,FOCUSED,100.0,0.297,0.425,0.0,0,0,0.0,0
09:29:17.505,11.71,FOCUSED,100.0,0.298,0.422,0.0,0,0,0.0,0
09:29:17.582,11.787,FOCUSED,100.0,0.295,0.422,0.0,0,0,0.0,0
09:29:17.671,11.877,FOCUSED,100.0,0.298,0.424,0.0,0,0,0.0,0
09:29:17.756,11.961,FOCUSED,100.0,0.291,0.423,0.0,0,0,0.0,0
09:29:17.840,12.045,FOCUSED,100.0,0.294,0.42,0.0,0,0,0.0,0
09:29:17.919,12.124,FOCUSED,100.0,0.281,0.425,0.0,0,0,0.0,0
09:29:18.010,12.215,FOCUSED,100.0,0.291,0.429,0.0,0,0,0.0,0
09:29:18.108,12.313,FOCUSED,100.0,0.289,0.428,0.0,0,0,0.0,0
09:29:18.212,12.417,FOCUSED,100.0,0.289,0.428,0.0,0,0,0.0,0
09:29:18.314,12.519,FOCUSED,100.0,0.303,0.429,0.0,0,0,0.0,0
09:29:18.416,12.621,FOCUSED,100.0,0.295,0.427,0.0,0,0,0.0,0
09:29:18.526,12.731,FOCUSED,100.0,0.29,0.425,0.0,0,0,0.0,0
09:29:18.616,12.821,FOCUSED,100.0,0.302,0.424,0.0,0,0,0.0,0
09:29:18.698,12.903,FOCUSED,100.0,0.295,0.427,0.0,0,0,0.0,0
09:29:18.784,12.989,FOCUSED,100.0,0.294,0.433,0.0,0,0,0.0,0
09:29:18.885,13.09,FOCUSED,100.0,0.295,0.428,0.0,0,0,0.0,0
09:29:18.981,13.186,FOCUSED,100.0,0.296,0.428,0.0,0,0,0.0,0
09:29:19.065,13.27,FOCUSED,100.0,0.301,0.428,0.0,0,0,0.0,0
09:29:19.171,13.376,FOCUSED,100.0,0.302,0.427,0.0,0,0,0.0,0
09:29:19.271,13.476,FOCUSED,100.0,0.301,0.427,0.0,0,0,0.0,0
09:29:19.353,13.558,FOCUSED,100.0,0.305,0.427,0.0,0,0,0.0,0
09:29:19.443,13.648,FOCUSED,100.0,0.3,0.429,0.0,0,0,0.0,0
09:29:19.531,13.736,FOCUSED,100.0,0.306,0.425,0.0,0,0,0.0,0
09:29:19.887,14.092,FOCUSED,100.0,0.31,0.426,0.0,0,0,0.0,0
09:29:20.071,14.276,FOCUSED,100.0,0.31,0.426,0.0,0,0,0.0,0
09:29:20.225,14.43,FOCUSED,100.0,0.307,0.426,0.0,0,0,0.0,0
09:29:20.329,14.534,FOCUSED,100.0,0.281,0.429,0.0,0,0,0.0,0
09:29:20.450,14.655,FOCUSED,100.0,0.293,0.426,0.0,0,0,0.0,0
09:29:20.542,14.747,FOCUSED,100.0,0.29,0.428,0.0,0,0,0.0,0
09:29:20.660,14.865,FOCUSED,100.0,0.297,0.425,0.0,0,0,0.0,0
09:29:20.748,14.953,FOCUSED,100.0,0.286,0.42,0.0,0,0,0.0,0
09:29:20.843,15.049,FOCUSED,100.0,0.293,0.418,0.0,0,0,0.0,0
09:29:20.951,15.156,FOCUSED,100.0,0.292,0.405,0.0,0,0,0.0,0
09:29:21.045,15.25,FOCUSED,100.0,0.303,0.402,0.0,0,0,0.0,0
09:29:21.152,15.358,FOCUSED,100.0,0.309,0.375,0.0,0,0,0.0,0
09:29:21.263,15.469,FOCUSED,100.0,0.306,0.365,0.0,0,0,0.0,0
09:29:21.359,15.564,FOCUSED,100.0,0.311,0.346,0.0,0,0,0.0,0
09:29:21.473,15.679,FOCUSED,100.0,0.317,0.331,0.0,0,0,0.0,0
09:29:21.623,15.828,FOCUSED,100.0,0.314,0.306,0.0,0,0,0.0,0
09:29:21.740,15.946,FOCUSED,100.0,0.307,0.288,0.0,0,0,0.0,0
09:29:21.893,16.099,FOCUSED,100.0,0.286,0.286,0.0,0,0,0.0,0
09:29:22.022,16.227,FOCUSED,100.0,0.304,0.274,0.0,0,0,0.0,0
09:29:22.141,16.346,FOCUSED,100.0,0.294,0.288,0.0,0,0,0.0,0
09:29:22.292,16.497,FOCUSED,100.0,0.285,0.288,0.0,0,0,0.0,0
09:29:22.431,16.637,FOCUSED,100.0,0.29,0.306,0.0,0,0,0.0,0
09:29:22.546,16.751,FOCUSED,100.0,0.273,0.315,0.0,0,0,0.0,0
09:29:22.645,16.85,FOCUSED,100.0,0.29,0.338,0.0,0,0,0.0,0
09:29:22.734,16.939,FOCUSED,100.0,0.279,0.35,0.0,0,0,0.0,0
09:29:22.827,17.032,FOCUSED,100.0,0.284,0.354,0.0,0,0,0.0,0
09:29:22.925,17.13,FOCUSED,100.0,0.288,0.36,0.0,0,0,0.0,0
09:29:23.034,17.239,FOCUSED,100.0,0.28,0.357,0.0,0,0,0.0,0
09:29:23.142,17.347,FOCUSED,100.0,0.272,0.36,0.0,0,0,0.0,0
09:29:23.260,17.465,FOCUSED,100.0,0.282,0.372,0.0,0,0,0.0,0
09:29:23.358,17.563,FOCUSED,100.0,0.277,0.373,0.0,0,0,0.0,0
09:29:23.466,17.671,FOCUSED,100.0,0.28,0.379,0.0,0,0,0.0,0
09:29:23.569,17.775,FOCUSED,100.0,0.291,0.377,0.0,0,0,0.0,0
09:29:23.653,17.858,FOCUSED,100.0,0.29,0.372,0.0,0,0,0.0,0
09:29:23.748,17.953,FOCUSED,100.0,0.286,0.362,0.0,0,0,0.0,0
09:29:23.854,18.059,FOCUSED,100.0,0.299,0.335,0.0,0,0,0.0,0
09:29:23.962,18.167,FOCUSED,100.0,0.303,0.317,0.0,0,0,0.0,0
09:29:24.050,18.256,FOCUSED,100.0,0.306,0.297,0.0,0,0,0.0,0
09:29:24.160,18.365,FOCUSED,100.0,0.307,0.293,0.0,0,0,0.0,0
09:29:24.256,18.461,FOCUSED,100.0,0.297,0.288,0.0,0,0,0.0,0
09:29:24.350,18.555,FOCUSED,100.0,0.314,0.288,0.0,0,0,0.0,0
09:29:24.453,18.658,FOCUSED,100.0,0.296,0.28,0.0,0,0,0.0,0
09:29:24.552,18.757,FOCUSED,100.0,0.291,0.27,0.0,0,0,0.0,0
09:29:24.661,18.866,FOCUSED,100.0,0.302,0.269,0.0,0,0,0.0,0
09:29:24.754,18.96,FOCUSED,100.0,0.297,0.27,0.0,0,0,0.0,0
09:29:24.884,19.089,FOCUSED,100.0,0.319,0.269,0.0,0,0,0.0,0
09:29:24.999,19.205,FOCUSED,100.0,0.297,0.267,0.0,0,0,0.0,0
09:29:25.098,19.303,FOCUSED,100.0,0.296,0.253,0.0,0,0,0.0,0
09:29:25.196,19.401,FOCUSED,100.0,0.275,0.271,0.0,0,0,0.0,0
09:29:25.287,19.492,FOCUSED,100.0,0.273,0.262,0.0,0,0,0.0,0
09:29:25.375,19.58,FOCUSED,100.0,0.265,0.263,0.0,0,0,0.0,0
09:29:25.464,19.669,FOCUSED,100.0,0.262,0.272,0.0,0,0,0.0,0
09:29:25.548,19.753,FOCUSED,100.0,0.277,0.291,0.0,0,0,0.0,0
09:29:25.647,19.852,FOCUSED,100.0,0.275,0.309,0.0,0,0,0.0,0
09:29:25.739,19.945,FOCUSED,100.0,0.267,0.305,0.0,0,0,0.0,0
09:29:25.831,20.037,FOCUSED,100.0,0.255,0.313,0.0,0,0,0.0,0
09:29:25.916,20.121,FOCUSED,100.0,0.267,0.311,0.0,0,0,0.0,0
09:29:26.015,20.22,FOCUSED,100.0,0.265,0.319,0.0,0,0,0.0,0
09:29:26.108,20.313,FOCUSED,100.0,0.26,0.329,0.0,0,0,0.0,0
09:29:26.204,20.41,FOCUSED,100.0,0.267,0.331,0.0,0,0,0.0,0
09:29:26.316,20.521,FOCUSED,100.0,0.266,0.327,0.0,0,0,0.0,0
09:29:26.432,20.637,FOCUSED,100.0,0.257,0.326,0.0,0,0,0.0,0
09:29:26.545,20.751,FOCUSED,100.0,0.256,0.341,0.0,0,0,0.0,0
09:29:26.652,20.857,FOCUSED,100.0,0.266,0.353,0.0,0,0,0.0,0
09:29:26.744,20.949,FOCUSED,100.0,0.265,0.359,0.0,0,0,0.0,0
09:29:26.839,21.045,FOCUSED,100.0,0.275,0.367,0.0,0,0,0.0,0
09:29:26.944,21.149,FOCUSED,100.0,0.269,0.372,0.0,0,0,0.0,0
09:29:27.050,21.256,FOCUSED,100.0,0.275,0.377,0.0,0,0,0.0,0
09:29:27.164,21.369,FOCUSED,100.0,0.264,0.371,0.0,0,0,0.0,0
09:29:27.260,21.465,FOCUSED,100.0,0.267,0.379,0.0,0,0,0.0,0
09:29:27.362,21.567,FOCUSED,100.0,0.273,0.379,0.0,0,0,0.0,0
09:29:27.452,21.657,FOCUSED,100.0,0.274,0.382,0.0,0,0,0.0,0
09:29:27.541,21.746,FOCUSED,100.0,0.277,0.385,0.0,0,0,0.0,0
09:29:27.631,21.836,FOCUSED,100.0,0.285,0.384,0.0,0,0,0.0,0
09:29:27.725,21.93,FOCUSED,100.0,0.284,0.381,0.0,0,0,0.0,0
09:29:27.800,22.005,FOCUSED,100.0,0.276,0.388,0.0,0,0,0.0,0
09:29:27.890,22.095,FOCUSED,100.0,0.282,0.391,0.0,0,0,0.0,0
09:29:27.993,22.198,FOCUSED,100.0,0.281,0.393,0.0,0,0,0.0,0
09:29:28.106,22.311,FOCUSED,100.0,0.281,0.398,0.0,0,0,0.0,0
09:29:28.199,22.404,FOCUSED,100.0,0.313,0.409,0.0,0,0,0.0,0
09:29:28.297,22.503,FOCUSED,100.0,0.303,0.406,0.0,0,0,0.0,0
09:29:28.420,22.625,FOCUSED,100.0,0.302,0.406,0.0,0,0,0.0,0
09:29:28.544,22.749,FOCUSED,100.0,0.3,0.405,0.0,0,0,0.0,0
09:29:28.643,22.848,FOCUSED,100.0,0.307,0.402,0.0,0,0,0.0,0
09:29:28.733,22.938,FOCUSED,100.0,0.307,0.401,0.0,0,0,0.0,0
09:29:28.820,23.025,FOCUSED,100.0,0.301,0.4,0.0,0,0,0.0,0
09:29:28.916,23.121,FOCUSED,100.0,0.305,0.4,0.0,0,0,0.0,0
09:29:29.009,23.214,FOCUSED,100.0,0.312,0.399,0.0,0,0,0.0,0
09:29:29.108,23.313,FOCUSED,100.0,0.305,0.401,0.0,0,0,0.0,0
09:29:29.208,23.414,FOCUSED,100.0,0.303,0.402,0.0,0,0,0.0,0
09:29:29.293,23.498,FOCUSED,100.0,0.309,0.402,0.0,0,0,0.0,0
09:29:29.387,23.592,FOCUSED,100.0,0.281,0.396,0.0,0,0,0.0,0
09:29:29.482,23.687,FOCUSED,100.0,0.253,0.39,0.0,0,0,0.0,0
09:29:29.567,23.772,FOCUSED,100.0,0.255,0.388,0.0,0,0,0.0,0
09:29:29.665,23.871,FOCUSED,100.0,0.261,0.388,0.0,0,0,0.0,0
09:29:29.764,23.969,FOCUSED,100.0,0.258,0.387,0.0,0,0,0.0,0
09:29:29.852,24.057,FOCUSED,100.0,0.268,0.387,0.0,0,0,0.0,0
09:29:29.947,24.152,FOCUSED,100.0,0.269,0.39,0.0,0,0,0.0,0
09:29:30.034,24.239,FOCUSED,100.0,0.273,0.39,0.0,0,0,0.0,0
09:29:30.132,24.337,FOCUSED,100.0,0.27,0.391,0.0,0,0,0.0,0
09:29:30.228,24.433,FOCUSED,100.0,0.274,0.388,0.0,0,0,0.0,0
09:29:30.329,24.534,FOCUSED,100.0,0.264,0.388,0.0,0,0,0.0,0
09:29:30.428,24.633,FOCUSED,100.0,0.266,0.384,0.0,0,0,0.0,0
09:29:30.514,24.719,FOCUSED,100.0,0.27,0.387,0.0,0,0,0.0,0
09:29:30.603,24.808,FOCUSED,100.0,0.269,0.386,0.0,0,0,0.0,0
09:29:30.701,24.906,FOCUSED,100.0,0.269,0.386,0.0,0,0,0.0,0
09:29:30.789,24.994,FOCUSED,100.0,0.271,0.385,0.0,0,0,0.0,0
09:29:30.874,25.079,FOCUSED,100.0,0.267,0.385,0.0,0,0,0.0,0
09:29:30.975,25.18,FOCUSED,100.0,0.275,0.387,0.0,0,0,0.0,0
09:29:31.070,25.275,FOCUSED,100.0,0.269,0.386,0.0,0,0,0.0,0
09:29:31.164,25.369,FOCUSED,100.0,0.28,0.394,0.0,0,0,0.0,0
09:29:31.242,25.447,FOCUSED,100.0,0.3,0.396,0.0,0,0,0.0,0
09:29:31.335,25.54,FOCUSED,100.0,0.294,0.392,0.0,0,0,0.0,0
09:29:31.430,25.636,FOCUSED,100.0,0.299,0.393,0.0,0,0,0.0,0
09:29:31.518,25.724,FOCUSED,100.0,0.293,0.39,0.0,0,0,0.0,0
09:29:31.623,25.828,FOCUSED,100.0,0.299,0.39,0.0,0,0,0.0,0
09:29:31.706,25.911,FOCUSED,100.0,0.294,0.392,0.0,0,0,0.0,0
09:29:31.786,25.991,FOCUSED,100.0,0.302,0.39,0.0,0,0,0.0,0
09:29:31.884,26.089,FOCUSED,100.0,0.301,0.389,0.0,0,0,0.0,0
09:29:31.988,26.193,FOCUSED,100.0,0.302,0.393,0.0,0,0,0.0,0
09:29:32.099,26.304,FOCUSED,100.0,0.307,0.392,0.0,0,0,0.0,0
09:29:32.196,26.401,FOCUSED,100.0,0.3,0.388,0.0,0,0,0.0,0
09:29:32.295,26.5,FOCUSED,100.0,0.304,0.389,0.0,0,0,0.0,0
09:29:32.390,26.595,FOCUSED,100.0,0.298,0.388,0.0,0,0,0.0,0
09:29:32.471,26.676,FOCUSED,100.0,0.296,0.387,0.0,0,0,0.0,0
09:29:32.571,26.776,FOCUSED,100.0,0.299,0.393,0.0,0,0,0.0,0
09:29:32.657,26.862,FOCUSED,100.0,0.301,0.39,0.0,0,0,0.0,0
09:29:32.746,26.951,FOCUSED,100.0,0.3,0.391,0.0,0,0,0.0,0
09:29:32.832,27.037,FOCUSED,100.0,0.304,0.39,0.0,0,0,0.0,0
09:29:32.930,27.136,FOCUSED,100.0,0.307,0.394,0.0,0,0,0.0,0
09:29:33.034,27.239,FOCUSED,100.0,0.304,0.395,0.0,0,0,0.0,0
09:29:33.152,27.357,FOCUSED,100.0,0.301,0.393,0.0,0,0,0.0,0
09:29:33.278,27.483,FOCUSED,100.0,0.31,0.398,0.0,0,0,0.0,0
09:29:33.367,27.572,FOCUSED,100.0,0.299,0.393,0.0,0,0,0.0,0
09:29:33.464,27.669,FOCUSED,100.0,0.299,0.393,0.0,0,0,0.0,0
09:29:33.561,27.767,FOCUSED,100.0,0.291,0.392,0.0,0,0,0.0,0
09:29:33.646,27.851,FOCUSED,100.0,0.295,0.394,0.0,0,0,0.0,0
09:29:33.743,27.948,FOCUSED,100.0,0.296,0.394,0.0,0,0,0.0,0
09:29:33.834,28.039,FOCUSED,100.0,0.301,0.391,0.0,0,0,0.0,0
09:29:33.925,28.13,FOCUSED,100.0,0.299,0.394,0.0,0,0,0.0,0
09:29:34.034,28.239,FOCUSED,100.0,0.3,0.393,0.0,0,0,0.0,0
09:29:34.148,28.353,FOCUSED,100.0,0.301,0.393,0.0,0,0,0.0,0
09:29:34.250,28.456,FOCUSED,100.0,0.3,0.395,0.0,0,0,0.0,0
09:29:34.352,28.557,FOCUSED,100.0,0.303,0.396,0.0,0,0,0.0,0
09:29:34.453,28.658,FOCUSED,100.0,0.307,0.393,0.0,0,0,0.0,0
09:29:34.556,28.761,FOCUSED,100.0,0.306,0.393,0.0,0,0,0.0,0
09:29:34.677,28.882,FOCUSED,100.0,0.305,0.395,0.0,0,0,0.0,0
09:29:34.789,28.994,FOCUSED,100.0,0.304,0.396,0.0,0,0,0.0,0
09:29:34.906,29.111,FOCUSED,100.0,0.299,0.394,0.0,0,0,0.0,0
09:29:35.011,29.216,FOCUSED,100.0,0.299,0.395,0.0,0,0,0.0,0
09:29:35.112,29.318,FOCUSED,100.0,0.299,0.393,0.0,0,0,0.0,0
09:29:35.205,29.41,FOCUSED,100.0,0.3,0.396,0.0,0,0,0.0,0
09:29:35.300,29.505,FOCUSED,100.0,0.298,0.393,0.0,0,0,0.0,0
09:29:35.408,29.613,FOCUSED,100.0,0.298,0.395,0.0,0,0,0.0,0
09:29:35.500,29.705,FOCUSED,100.0,0.303,0.395,0.0,0,0,0.0,0
09:29:35.596,29.801,FOCUSED,100.0,0.306,0.396,0.0,0,0,0.0,0
09:29:35.704,29.909,FOCUSED,100.0,0.297,0.396,0.0,0,0,0.0,0
09:29:35.802,30.008,FOCUSED,100.0,0.299,0.396,0.0,0,0,0.0,0
09:29:35.914,30.119,FOCUSED,100.0,0.296,0.397,0.0,0,0,0.0,0
09:29:36.009,30.214,FOCUSED,100.0,0.3,0.397,0.0,0,0,0.0,0
09:29:36.103,30.308,FOCUSED,100.0,0.306,0.399,0.0,0,0,0.0,0
09:29:36.206,30.411,FOCUSED,100.0,0.301,0.398,0.0,0,0,0.0,0
09:29:36.301,30.506,FOCUSED,100.0,0.296,0.398,0.0,0,0,0.0,0
09:29:36.398,30.603,FOCUSED,100.0,0.276,0.391,0.0,0,0,0.0,0
09:29:36.494,30.699,FOCUSED,100.0,0.278,0.392,0.0,0,0,0.0,0
09:29:36.594,30.799,FOCUSED,100.0,0.277,0.392,0.0,0,0,0.0,0
09:29:36.686,30.892,FOCUSED,100.0,0.28,0.394,0.0,0,0,0.0,0
09:29:36.768,30.973,FOCUSED,100.0,0.277,0.395,0.0,0,0,0.0,0
09:29:36.871,31.076,FOCUSED,100.0,0.276,0.393,0.0,0,0,0.0,0
09:29:36.972,31.177,FOCUSED,100.0,0.276,0.393,0.0,0,0,0.0,0
09:29:37.079,31.284,FOCUSED,100.0,0.271,0.393,0.0,0,0,0.0,0
09:29:37.192,31.397,FOCUSED,100.0,0.282,0.395,0.0,0,0,0.0,0
09:29:37.300,31.505,FOCUSED,100.0,0.282,0.394,0.0,0,0,0.0,0
09:29:37.395,31.6,FOCUSED,100.0,0.282,0.393,0.0,0,0,0.0,0
09:29:37.491,31.696,FOCUSED,100.0,0.291,0.396,0.0,0,0,0.0,0
09:29:37.602,31.807,FOCUSED,100.0,0.295,0.395,0.0,0,0,0.0,0
09:29:37.734,31.939,FOCUSED,100.0,0.3,0.396,0.0,0,0,0.0,0
09:29:37.843,32.049,FOCUSED,100.0,0.285,0.394,0.0,0,0,0.0,0
09:29:37.943,32.148,FOCUSED,100.0,0.287,0.392,0.0,0,0,0.0,0
09:29:38.053,32.258,FOCUSED,100.0,0.288,0.399,0.0,0,0,0.0,0
09:29:38.146,32.351,FOCUSED,100.0,0.055,0.415,0.0,0,0,0.6,0
09:29:38.250,32.455,FOCUSED,100.0,0.065,0.434,0.0,0,0,0.6,0
09:29:38.342,32.547,FOCUSED,100.0,0.071,0.477,0.0,0,0,0.6,0
09:29:38.428,32.634,FOCUSED,100.0,0.075,0.503,0.0,0,0,0.6,0
09:29:38.530,32.735,FOCUSED,100.0,0.077,0.491,0.0,0,0,0.6,0
09:29:38.624,32.829,FOCUSED,100.0,0.072,0.481,0.0,0,0,0.6,0
09:29:38.714,32.919,FOCUSED,100.0,0.247,0.482,0.0,0,0,0.0,0
09:29:38.846,33.051,FOCUSED,100.0,0.275,0.454,0.0,0,0,0.0,0
09:29:38.961,33.166,FOCUSED,100.0,0.274,0.446,0.0,0,0,0.0,0
09:29:39.084,33.289,FOCUSED,100.0,0.27,0.437,0.0,0,0,0.0,0
09:29:39.197,33.402,FOCUSED,100.0,0.277,0.438,0.0,0,0,0.0,0
09:29:39.319,33.524,FOCUSED,100.0,0.277,0.44,0.0,0,0,0.0,0
09:29:39.419,33.624,FOCUSED,100.0,0.276,0.444,0.0,0,0,0.0,0
09:29:39.540,33.745,FOCUSED,100.0,0.284,0.448,0.0,0,0,0.0,0
09:29:39.646,33.851,FOCUSED,100.0,0.272,0.448,0.0,0,0,0.0,0
09:29:39.750,33.955,FOCUSED,100.0,0.273,0.446,0.0,0,0,0.0,0
09:29:39.850,34.055,FOCUSED,100.0,0.275,0.448,0.0,0,0,0.0,0
09:29:39.955,34.161,FOCUSED,100.0,0.272,0.451,0.0,0,0,0.0,0
09:29:40.080,34.286,FOCUSED,100.0,0.281,0.446,0.0,0,0,0.0,0
09:29:40.198,34.403,FOCUSED,100.0,0.277,0.443,0.0,0,0,0.0,0
09:29:40.331,34.536,FOCUSED,100.0,0.282,0.437,0.0,0,0,0.0,0
09:29:40.451,34.656,FOCUSED,100.0,0.279,0.43,0.0,0,0,0.0,0
09:29:40.562,34.767,FOCUSED,100.0,0.285,0.43,0.0,0,0,0.0,0
09:29:40.664,34.869,FOCUSED,100.0,0.286,0.428,0.0,0,0,0.0,0
09:29:40.772,34.977,FOCUSED,100.0,0.288,0.426,0.0,0,0,0.0,0
09:29:40.861,35.066,FOCUSED,100.0,0.287,0.424,0.0,0,0,0.0,0
09:29:40.987,35.192,FOCUSED,100.0,0.287,0.426,0.0,0,0,0.0,0
09:29:41.113,35.319,FOCUSED,100.0,0.287,0.426,0.0,0,0,0.0,0
09:29:41.215,35.42,FOCUSED,100.0,0.288,0.427,0.0,0,0,0.0,0
09:29:41.321,35.526,FOCUSED,100.0,0.273,0.419,0.0,0,0,0.0,0
09:29:41.420,35.625,FOCUSED,100.0,0.277,0.415,0.0,0,0,0.0,0
09:29:41.542,35.747,FOCUSED,100.0,0.278,0.411,0.0,0,0,0.0,0
09:29:41.632,35.837,FOCUSED,100.0,0.27,0.406,0.0,0,0,0.0,0
09:29:41.723,35.928,FOCUSED,100.0,0.291,0.404,0.0,0,0,0.0,0
09:29:41.817,36.022,FOCUSED,100.0,0.291,0.4,0.0,0,0,0.0,0
09:29:41.912,36.118,FOCUSED,100.0,0.27,0.396,0.0,0,0,0.0,0
09:29:42.010,36.215,FOCUSED,100.0,0.283,0.393,0.0,0,0,0.0,0
09:29:42.118,36.323,FOCUSED,100.0,0.292,0.395,0.0,0,0,0.0,0
09:29:42.213,36.419,FOCUSED,100.0,0.298,0.4,0.0,0,0,0.0,0
09:29:42.313,36.518,FOCUSED,100.0,0.286,0.397,0.0,0,0,0.0,0
09:29:42.398,36.603,FOCUSED,100.0,0.293,0.398,0.0,0,0,0.0,0
09:29:42.495,36.7,FOCUSED,100.0,0.299,0.401,0.0,0,0,0.0,0
09:29:42.587,36.792,FOCUSED,100.0,0.293,0.401,0.0,0,0,0.0,0
09:29:42.685,36.89,FOCUSED,100.0,0.296,0.405,0.0,0,0,0.0,0
09:29:42.771,36.976,FOCUSED,100.0,0.299,0.411,0.0,0,0,0.0,0
09:29:42.870,37.075,FOCUSED,100.0,0.31,0.397,0.0,0,0,0.0,0
09:29:42.954,37.159,FOCUSED,100.0,0.311,0.392,0.0,0,0,0.0,0
09:29:43.050,37.255,FOCUSED,100.0,0.312,0.384,0.0,0,0,0.0,0
09:29:43.135,37.34,FOCUSED,100.0,0.309,0.381,0.0,0,0,0.0,0
09:29:43.232,37.437,FOCUSED,100.0,0.319,0.383,0.0,0,0,0.0,0
09:29:43.334,37.539,FOCUSED,100.0,0.314,0.387,0.0,0,0,0.0,0
09:29:43.430,37.635,FOCUSED,100.0,0.326,0.388,0.0,0,0,0.0,0
09:29:43.521,37.727,FOCUSED,100.0,0.316,0.385,0.0,0,0,0.0,0
09:29:43.601,37.806,FOCUSED,100.0,0.313,0.389,0.0,0,0,0.0,0
09:29:43.685,37.89,FOCUSED,100.0,0.316,0.392,0.0,0,0,0.0,0
09:29:43.805,38.01,FOCUSED,100.0,0.318,0.395,0.0,0,0,0.0,0
09:29:43.893,38.098,FOCUSED,100.0,0.321,0.396,0.0,0,0,0.0,0
09:29:43.989,38.194,FOCUSED,100.0,0.301,0.39,0.0,0,0,0.0,0
09:29:44.089,38.294,FOCUSED,100.0,0.31,0.395,0.0,0,0,0.0,0
09:29:44.203,38.408,FOCUSED,100.0,0.306,0.398,0.0,0,0,0.0,0
09:29:44.313,38.518,FOCUSED,100.0,0.312,0.397,0.0,0,0,0.0,0
09:29:44.422,38.627,FOCUSED,100.0,0.313,0.396,0.0,0,0,0.0,0
09:29:44.545,38.75,FOCUSED,100.0,0.313,0.399,0.0,0,0,0.0,0
09:29:44.673,38.878,FOCUSED,100.0,0.308,0.398,0.0,0,0,0.0,0
09:29:44.787,38.993,FOCUSED,100.0,0.311,0.394,0.0,0,0,0.0,0
09:29:44.911,39.116,FOCUSED,100.0,0.315,0.396,0.0,0,0,0.0,0
09:29:45.044,39.249,FOCUSED,100.0,0.309,0.395,0.0,0,0,0.0,0
09:29:45.149,39.354,FOCUSED,100.0,0.306,0.395,0.0,0,0,0.0,0
09:29:45.269,39.474,FOCUSED,100.0,0.308,0.397,0.0,0,0,0.0,0
09:29:45.377,39.583,FOCUSED,100.0,0.309,0.4,0.0,0,0,0.0,0
09:29:45.499,39.704,FOCUSED,100.0,0.311,0.401,0.0,0,0,0.0,0
09:29:45.623,39.828,FOCUSED,100.0,0.31,0.399,0.0,0,0,0.0,0
09:29:45.742,39.947,FOCUSED,100.0,0.308,0.402,0.0,0,0,0.0,0
09:29:45.870,40.075,FOCUSED,100.0,0.31,0.401,0.0,0,0,0.0,0
09:29:45.971,40.176,FOCUSED,100.0,0.314,0.401,0.0,0,0,0.0,0
09:29:46.062,40.267,FOCUSED,100.0,0.31,0.4,0.0,0,0,0.0,0
09:29:46.165,40.37,FOCUSED,100.0,0.313,0.397,0.0,0,0,0.0,0
09:29:46.266,40.471,FOCUSED,100.0,0.31,0.398,0.0,0,0,0.0,0
09:29:46.358,40.563,FOCUSED,100.0,0.311,0.399,0.0,0,0,0.0,0
09:29:46.449,40.654,FOCUSED,100.0,0.302,0.398,0.0,0,0,0.0,0
09:29:46.547,40.752,FOCUSED,100.0,0.31,0.394,0.0,0,0,0.0,0
09:29:46.650,40.855,FOCUSED,100.0,0.303,0.395,0.0,0,0,0.0,0
09:29:46.766,40.971,FOCUSED,100.0,0.303,0.396,0.0,0,0,0.0,0
09:29:46.864,41.069,FOCUSED,100.0,0.304,0.395,0.0,0,0,0.0,0
09:29:46.977,41.182,FOCUSED,100.0,0.303,0.395,0.0,0,0,0.0,0
09:29:47.074,41.279,FOCUSED,100.0,0.305,0.395,0.0,0,0,0.0,0
09:29:47.169,41.375,FOCUSED,100.0,0.308,0.398,0.0,0,0,0.0,0
09:29:47.269,41.475,FOCUSED,100.0,0.301,0.396,0.0,0,0,0.0,0
09:29:47.364,41.569,FOCUSED,100.0,0.305,0.395,0.0,0,0,0.0,0
09:29:47.457,41.662,FOCUSED,100.0,0.305,0.396,0.0,0,0,0.0,0
09:29:47.559,41.765,FOCUSED,100.0,0.306,0.398,0.0,0,0,0.0,0
09:29:47.678,41.885,FOCUSED,100.0,0.304,0.4,0.0,0,0,0.0,0
09:29:47.808,42.013,FOCUSED,100.0,0.306,0.401,0.0,0,0,0.0,0
09:29:47.923,42.129,FOCUSED,100.0,0.311,0.4,0.0,0,0,0.0,0
09:29:48.044,42.249,FOCUSED,100.0,0.312,0.399,0.0,0,0,0.0,0
09:29:48.152,42.357,FOCUSED,100.0,0.309,0.397,0.0,0,0,0.0,0
09:29:48.256,42.461,FOCUSED,100.0,0.305,0.394,0.0,0,0,0.0,0
09:29:48.374,42.579,FOCUSED,100.0,0.309,0.392,0.0,0,0,0.0,0
09:29:48.461,42.667,FOCUSED,100.0,0.308,0.394,0.0,0,0,0.0,0
09:29:48.565,42.77,FOCUSED,100.0,0.308,0.392,0.0,0,0,0.0,0
09:29:48.675,42.88,FOCUSED,100.0,0.304,0.397,0.0,0,0,0.0,0
09:29:48.802,43.007,FOCUSED,100.0,0.307,0.394,0.0,0,0,0.0,0
09:29:48.923,43.128,FOCUSED,100.0,0.307,0.395,0.0,0,0,0.0,0
09:29:49.026,43.232,FOCUSED,100.0,0.302,0.396,0.0,0,0,0.0,0
09:29:49.121,43.326,FOCUSED,100.0,0.305,0.393,0.0,0,0,0.0,0
09:29:49.252,43.457,FOCUSED,100.0,0.298,0.392,0.0,0,0,0.0,0
09:29:49.417,43.622,FOCUSED,100.0,0.295,0.392,0.0,0,0,0.0,0
09:29:49.543,43.75,FOCUSED,100.0,0.294,0.391,0.0,0,0,0.0,0
09:29:49.693,43.898,FOCUSED,100.0,0.294,0.392,0.0,0,0,0.0,0
09:29:49.809,44.014,FOCUSED,100.0,0.289,0.391,0.0,0,0,0.0,0
09:29:49.901,44.106,FOCUSED,100.0,0.287,0.386,0.0,0,0,0.0,0
09:29:49.979,44.184,FOCUSED,100.0,0.294,0.389,0.0,0,0,0.0,0
09:29:50.066,44.271,FOCUSED,100.0,0.296,0.39,0.0,0,0,0.0,0
09:29:50.151,44.356,FOCUSED,100.0,0.291,0.391,0.0,0,0,0.0,0
09:29:50.244,44.449,FOCUSED,100.0,0.291,0.4,0.0,0,0,0.0,0
09:29:50.318,44.523,FOCUSED,100.0,0.298,0.402,0.0,0,0,0.0,0
09:29:50.398,44.603,FOCUSED,100.0,0.297,0.4,0.0,0,0,0.0,0
09:29:50.472,44.677,FOCUSED,100.0,0.062,0.393,0.0,0,0,0.6,0
09:29:50.538,44.743,FOCUSED,100.0,0.287,0.421,0.0,0,0,0.0,0
09:29:50.605,44.81,FOCUSED,100.0,0.314,0.422,0.0,0,0,0.0,0
09:29:50.675,44.88,FOCUSED,100.0,0.322,0.431,0.0,0,0,0.0,0
09:29:50.756,44.961,FOCUSED,100.0,0.318,0.423,0.0,0,0,0.0,0
09:29:50.836,45.041,FOCUSED,100.0,0.315,0.43,0.0,0,0,0.0,0
09:29:50.907,45.112,FOCUSED,100.0,0.314,0.429,0.0,0,0,0.0,0
09:29:50.974,45.179,FOCUSED,100.0,0.31,0.425,0.0,0,0,0.0,0
09:29:51.041,45.246,FOCUSED,100.0,0.313,0.421,0.0,0,0,0.0,0
09:29:51.113,45.319,FOCUSED,100.0,0.31,0.423,0.0,0,0,0.0,0
09:29:51.178,45.383,FOCUSED,100.0,0.292,0.418,0.0,0,0,0.0,0
09:29:51.254,45.46,FOCUSED,100.0,0.287,0.415,0.0,0,0,0.0,0
09:29:51.327,45.532,FOCUSED,100.0,0.29,0.412,0.0,0,0,0.0,0
09:29:51.398,45.603,FOCUSED,100.0,0.292,0.409,0.0,0,0,0.0,0
09:29:51.472,45.678,FOCUSED,100.0,0.286,0.411,0.0,0,0,0.0,0
09:29:51.544,45.75,FOCUSED,100.0,0.287,0.402,0.0,0,0,0.0,0
09:29:51.611,45.816,FOCUSED,100.0,0.283,0.405,0.0,0,0,0.0,0
09:29:51.680,45.885,FOCUSED,100.0,0.289,0.401,0.0,0,0,0.0,0
09:29:51.755,45.96,FOCUSED,100.0,0.286,0.405,0.0,0,0,0.0,0
09:29:51.819,46.024,FOCUSED,100.0,0.286,0.405,0.0,0,0,0.0,0
09:29:51.889,46.094,FOCUSED,100.0,0.289,0.402,0.0,0,0,0.0,0
09:29:51.958,46.163,FOCUSED,100.0,0.281,0.401,0.0,0,0,0.0,0
09:29:52.028,46.233,FOCUSED,100.0,0.278,0.406,0.0,0,0,0.0,0
09:29:52.100,46.305,FOCUSED,100.0,0.314,0.409,0.0,0,0,0.0,0
09:29:52.166,46.371,FOCUSED,100.0,0.316,0.408,0.0,0,0,0.0,0
09:29:52.238,46.443,FOCUSED,100.0,0.308,0.405,0.0,0,0,0.0,0
09:29:52.306,46.512,FOCUSED,100.0,0.309,0.405,0.0,0,0,0.0,0
09:29:52.373,46.578,FOCUSED,100.0,0.305,0.404,0.0,0,0,0.0,0
09:29:52.441,46.646,FOCUSED,100.0,0.286,0.399,0.0,0,0,0.0,0
09:29:52.502,46.707,FOCUSED,100.0,0.278,0.397,0.0,0,0,0.0,0
09:29:52.573,46.778,FOCUSED,100.0,0.28,0.399,0.0,0,0,0.0,0
09:29:52.639,46.844,FOCUSED,100.0,0.273,0.397,0.0,0,0,0.0,0
09:29:52.717,46.922,FOCUSED,100.0,0.274,0.398,0.0,0,0,0.0,0
09:29:52.786,46.991,FOCUSED,100.0,0.279,0.398,0.0,0,0,0.0,0
09:29:52.911,47.116,FOCUSED,100.0,0.279,0.399,0.0,0,0,0.0,0
09:29:53.078,47.283,FOCUSED,100.0,0.288,0.4,0.0,0,0,0.0,0
09:29:53.193,47.398,FOCUSED,100.0,0.288,0.397,0.0,0,0,0.0,0
09:29:53.300,47.505,FOCUSED,100.0,0.31,0.407,0.0,0,0,0.0,0
09:29:53.398,47.603,FOCUSED,100.0,0.333,0.407,0.0,0,0,0.0,0
09:29:53.489,47.695,FOCUSED,100.0,0.323,0.41,0.0,0,0,0.0,0
09:29:53.583,47.788,FOCUSED,100.0,0.324,0.41,0.0,0,0,0.0,0
09:29:53.691,47.896,FOCUSED,100.0,0.313,0.41,0.0,0,0,0.0,0
09:29:53.830,48.035,FOCUSED,100.0,0.316,0.406,0.0,0,0,0.0,0
09:29:53.933,48.138,FOCUSED,100.0,0.323,0.405,0.0,0,0,0.0,0
09:29:54.036,48.242,FOCUSED,100.0,0.327,0.406,0.0,0,0,0.0,0
09:29:54.148,48.353,FOCUSED,100.0,0.313,0.399,0.0,0,0,0.0,0
09:29:54.308,48.513,FOCUSED,100.0,0.322,0.404,0.0,0,0,0.0,0
09:29:54.425,48.63,FOCUSED,100.0,0.327,0.403,0.0,0,0,0.0,0
09:29:54.560,48.765,FOCUSED,100.0,0.327,0.405,0.0,0,0,0.0,0
09:29:54.670,48.876,FOCUSED,100.0,0.325,0.407,0.0,0,0,0.0,0
09:29:54.784,48.989,FOCUSED,100.0,0.326,0.411,0.0,0,0,0.0,0
09:29:54.891,49.097,FOCUSED,100.0,0.313,0.411,0.0,0,0,0.0,0
09:29:55.002,49.207,FOCUSED,100.0,0.313,0.409,0.0,0,0,0.0,0
09:29:55.109,49.314,FOCUSED,100.0,0.314,0.408,0.0,0,0,0.0,0
09:29:55.251,49.458,FOCUSED,100.0,0.319,0.408,0.0,0,0,0.0,0
09:29:55.384,49.589,FOCUSED,100.0,0.327,0.41,0.0,0,0,0.0,0
09:29:55.482,49.687,FOCUSED,100.0,0.321,0.411,0.0,0,0,0.0,0
09:29:55.584,49.789,FOCUSED,100.0,0.327,0.406,0.0,0,0,0.0,0
09:29:55.713,49.918,FOCUSED,100.0,0.318,0.405,0.0,0,0,0.0,0
09:29:55.825,50.03,FOCUSED,100.0,0.326,0.407,0.0,0,0,0.0,0
09:29:55.937,50.143,FOCUSED,100.0,0.327,0.407,0.0,0,0,0.0,0
09:29:56.040,50.245,FOCUSED,100.0,0.326,0.41,0.0,0,0,0.0,0
09:29:56.142,50.347,FOCUSED,100.0,0.324,0.409,0.0,0,0,0.0,0
09:29:56.227,50.432,FOCUSED,100.0,0.326,0.408,0.0,0,0,0.0,0
09:29:56.361,50.566,FOCUSED,100.0,0.325,0.408,0.0,0,0,0.0,0
09:29:56.463,50.668,FOCUSED,100.0,0.322,0.406,0.0,0,0,0.0,0
09:29:56.567,50.772,FOCUSED,100.0,0.317,0.406,0.0,0,0,0.0,0
09:29:56.665,50.87,FOCUSED,100.0,0.313,0.409,0.0,0,0,0.0,0
09:29:56.770,50.975,FOCUSED,100.0,0.319,0.406,0.0,0,0,0.0,0
09:29:56.875,51.08,FOCUSED,100.0,0.31,0.407,0.0,0,0,0.0,0
09:29:56.974,51.179,FOCUSED,100.0,0.314,0.406,0.0,0,0,0.0,0
09:29:57.088,51.293,FOCUSED,100.0,0.314,0.405,0.0,0,0,0.0,0
09:29:57.210,51.416,FOCUSED,100.0,0.316,0.407,0.0,0,0,0.0,0
09:29:57.328,51.533,FOCUSED,100.0,0.305,0.407,0.0,0,0,0.0,0
09:29:57.430,51.635,FOCUSED,100.0,0.31,0.415,0.0,0,0,0.0,0
09:29:57.557,51.763,FOCUSED,100.0,0.341,0.415,0.0,0,0,0.0,0
09:29:57.685,51.891,FOCUSED,100.0,0.356,0.418,0.0,0,0,0.0,0
09:29:57.792,51.998,FOCUSED,100.0,0.355,0.414,0.0,0,0,0.0,0
09:29:57.909,52.115,FOCUSED,100.0,0.327,0.416,0.0,0,0,0.0,0
09:29:58.030,52.235,FOCUSED,100.0,0.351,0.417,0.0,0,0,0.0,0
09:29:58.154,52.359,FOCUSED,100.0,0.348,0.414,0.0,0,0,0.0,0
09:29:58.269,52.475,FOCUSED,100.0,0.354,0.408,0.0,0,0,0.0,0
09:29:58.429,52.634,FOCUSED,100.0,0.332,0.407,0.0,0,0,0.0,0
09:29:58.539,52.744,FOCUSED,100.0,0.334,0.405,0.0,0,0,0.0,0
09:29:58.650,52.855,FOCUSED,100.0,0.326,0.405,0.0,0,0,0.0,0
09:29:58.784,52.989,FOCUSED,100.0,0.341,0.41,0.0,0,0,0.0,0
09:29:58.911,53.116,FOCUSED,100.0,0.355,0.415,0.0,0,0,0.0,0
09:29:59.028,53.233,FOCUSED,100.0,0.106,0.416,0.0,0,0,0.6,0
09:29:59.162,53.367,FOCUSED,100.0,0.071,0.41,0.0,0,0,0.6,0
09:29:59.291,53.497,FOCUSED,100.0,0.233,0.422,0.0,0,0,0.0,0
09:29:59.409,53.614,FOCUSED,100.0,0.244,0.418,0.0,0,0,0.0,0
09:29:59.559,53.764,FOCUSED,100.0,0.26,0.412,0.0,0,0,0.0,0
09:29:59.695,53.9,FOCUSED,100.0,0.261,0.416,0.0,0,0,0.0,0
09:29:59.811,54.016,FOCUSED,100.0,0.282,0.427,0.0,0,0,0.0,0
09:29:59.921,54.126,FOCUSED,100.0,0.279,0.424,0.0,0,0,0.0,0
09:30:00.015,54.22,FOCUSED,100.0,0.287,0.418,0.0,0,0,0.0,0
09:30:00.116,54.321,FOCUSED,100.0,0.27,0.414,0.0,0,0,0.0,0
09:30:00.218,54.424,FOCUSED,100.0,0.268,0.414,0.0,0,0,0.0,0
09:30:00.333,54.538,FOCUSED,100.0,0.262,0.413,0.0,0,0,0.0,0
09:30:00.423,54.629,FOCUSED,100.0,0.265,0.411,0.0,0,0,0.0,0
09:30:00.534,54.739,FOCUSED,100.0,0.273,0.409,0.0,0,0,0.0,0
09:30:00.637,54.843,FOCUSED,100.0,0.281,0.407,0.0,0,0,0.0,0
09:30:00.748,54.954,FOCUSED,100.0,0.278,0.403,0.0,0,0,0.0,0
09:30:00.916,55.121,FOCUSED,100.0,0.278,0.403,0.0,0,0,0.0,0
09:30:01.069,55.274,FOCUSED,100.0,0.271,0.404,0.0,0,0,0.0,0
09:30:01.216,55.421,FOCUSED,100.0,0.295,0.411,0.0,0,0,0.0,0
09:30:01.319,55.526,FOCUSED,100.0,0.296,0.405,0.0,0,0,0.0,0
09:30:01.445,55.651,FOCUSED,100.0,0.296,0.406,0.0,0,0,0.0,0
09:30:01.552,55.757,FOCUSED,100.0,0.287,0.404,0.0,0,0,0.0,0
09:30:01.672,55.877,FOCUSED,100.0,0.286,0.413,0.0,0,0,0.0,0
09:30:01.800,56.005,FOCUSED,100.0,0.285,0.415,0.0,0,0,0.0,0
09:30:01.940,56.145,FOCUSED,100.0,0.29,0.416,0.0,0,0,0.0,0
09:30:02.073,56.278,FOCUSED,100.0,0.291,0.424,0.0,0,0,0.0,0
09:30:02.233,56.438,FOCUSED,100.0,0.282,0.426,0.0,0,0,0.0,0
09:30:02.366,56.571,FOCUSED,100.0,0.291,0.419,0.0,0,0,0.0,0
09:30:02.475,56.68,FOCUSED,100.0,0.303,0.424,0.0,0,0,0.0,0
09:30:02.575,56.78,FOCUSED,100.0,0.302,0.432,0.0,0,0,0.0,0
09:30:02.669,56.874,FOCUSED,100.0,0.296,0.427,0.0,0,0,0.0,0
09:30:02.762,56.967,FOCUSED,100.0,0.313,0.422,0.0,0,0,0.0,0
09:30:02.861,57.066,FOCUSED,100.0,0.3,0.425,0.0,0,0,0.0,0
09:30:02.948,57.153,FOCUSED,100.0,0.282,0.418,0.0,0,0,0.0,0
09:30:03.069,57.274,FOCUSED,100.0,0.291,0.421,0.0,0,0,0.0,0
09:30:03.177,57.383,FOCUSED,100.0,0.285,0.426,0.0,0,0,0.0,0
09:30:03.283,57.489,FOCUSED,100.0,0.288,0.424,0.0,0,0,0.0,0
09:30:03.384,57.589,FOCUSED,100.0,0.287,0.423,0.0,0,0,0.0,0
09:30:03.492,57.698,FOCUSED,100.0,0.296,0.423,0.0,0,0,0.0,0
09:30:03.597,57.803,FOCUSED,100.0,0.297,0.425,0.0,0,0,0.0,0
09:30:03.691,57.896,FOCUSED,100.0,0.289,0.423,0.0,0,0,0.0,0
09:30:03.780,57.985,FOCUSED,100.0,0.297,0.421,0.0,0,0,0.0,0
09:30:03.887,58.092,FOCUSED,100.0,0.289,0.42,0.0,0,0,0.0,0
09:30:04.014,58.219,FOCUSED,100.0,0.292,0.421,0.0,0,0,0.0,0
09:30:04.118,58.324,FOCUSED,100.0,0.293,0.417,0.0,0,0,0.0,0
09:30:04.223,58.428,FOCUSED,100.0,0.299,0.417,0.0,0,0,0.0,0
09:30:04.316,58.521,FOCUSED,100.0,0.298,0.418,0.0,0,0,0.0,0
09:30:04.409,58.614,FOCUSED,100.0,0.304,0.42,0.0,0,0,0.0,0
09:30:04.520,58.726,FOCUSED,100.0,0.293,0.417,0.0,0,0,0.0,0
09:30:04.625,58.83,FOCUSED,100.0,0.291,0.416,0.0,0,0,0.0,0
09:30:04.804,59.01,FOCUSED,100.0,0.301,0.418,0.0,0,0,0.0,0
09:30:04.912,59.117,FOCUSED,100.0,0.297,0.418,0.0,0,0,0.0,0
09:30:05.031,59.236,FOCUSED,100.0,0.297,0.424,0.0,0,0,0.0,0
09:30:05.145,59.35,FOCUSED,100.0,0.298,0.425,0.0,0,0,0.0,0
09:30:05.245,59.45,FOCUSED,100.0,0.305,0.424,0.0,0,0,0.0,0
09:30:05.353,59.558,FOCUSED,100.0,0.306,0.424,0.0,0,0,0.0,0
09:30:05.481,59.686,FOCUSED,100.0,0.301,0.428,0.0,0,0,0.0,0
09:30:05.605,59.81,FOCUSED,100.0,0.301,0.428,0.0,0,0,0.0,0
09:30:05.760,59.965,FOCUSED,100.0,0.308,0.428,0.0,0,0,0.0,0
09:30:05.878,60.083,FOCUSED,100.0,0.311,0.428,0.0,0,0,0.0,0
09:30:06.015,60.221,FOCUSED,100.0,0.311,0.428,0.0,0,0,0.0,0
09:30:06.141,60.346,FOCUSED,100.0,0.316,0.428,0.0,0,0,0.0,0
09:30:06.234,60.439,FOCUSED,100.0,0.318,0.427,0.0,0,0,0.0,0
09:30:06.361,60.566,FOCUSED,100.0,0.311,0.431,0.0,0,0,0.0,0
09:30:06.472,60.677,FOCUSED,100.0,0.315,0.432,0.0,0,0,0.0,0
09:30:06.589,60.795,FOCUSED,100.0,0.315,0.437,0.0,0,0,0.0,0
09:30:06.698,60.903,FOCUSED,100.0,0.321,0.435,0.0,0,0,0.0,0
09:30:06.825,61.03,FOCUSED,100.0,0.313,0.438,0.0,0,0,0.0,0
09:30:06.927,61.132,FOCUSED,100.0,0.315,0.436,0.0,0,0,0.0,0
09:30:07.047,61.253,FOCUSED,100.0,0.319,0.439,0.0,0,0,0.0,0
09:30:07.161,61.367,FOCUSED,100.0,0.299,0.438,0.0,0,0,0.0,0
09:30:07.264,61.469,FOCUSED,100.0,0.309,0.435,0.0,0,0,0.0,0
09:30:07.364,61.569,FOCUSED,100.0,0.298,0.436,0.0,0,0,0.0,0
09:30:07.470,61.675,FOCUSED,100.0,0.301,0.439,0.0,0,0,0.0,0
09:30:07.574,61.779,FOCUSED,100.0,0.295,0.44,0.0,0,0,0.0,0
09:30:07.667,61.872,FOCUSED,100.0,0.301,0.442,0.0,0,0,0.0,0
09:30:07.766,61.971,FOCUSED,100.0,0.3,0.442,0.0,0,0,0.0,0
09:30:07.877,62.082,FOCUSED,100.0,0.299,0.439,0.0,0,0,0.0,0
09:30:07.981,62.186,FOCUSED,100.0,0.304,0.44,0.0,0,0,0.0,0
09:30:08.094,62.299,FOCUSED,100.0,0.304,0.44,0.0,0,0,0.0,0
09:30:08.208,62.413,FOCUSED,100.0,0.304,0.439,0.0,0,0,0.0,0
09:30:08.298,62.503,FOCUSED,100.0,0.308,0.44,0.0,0,0,0.0,0
09:30:08.390,62.595,FOCUSED,100.0,0.303,0.436,0.0,0,0,0.0,0
09:30:08.512,62.717,FOCUSED,100.0,0.303,0.436,0.0,0,0,0.0,0
09:30:08.668,62.873,FOCUSED,100.0,0.302,0.438,0.0,0,0,0.0,0
09:30:08.783,62.988,FOCUSED,100.0,0.306,0.436,0.0,0,0,0.0,0
09:30:08.886,63.091,FOCUSED,100.0,0.307,0.438,0.0,0,0,0.0,0
09:30:09.036,63.241,FOCUSED,100.0,0.309,0.438,0.0,0,0,0.0,0
09:30:09.152,63.357,FOCUSED,100.0,0.304,0.437,0.0,0,0,0.0,0
09:30:09.254,63.459,FOCUSED,100.0,0.308,0.435,0.0,0,0,0.0,0
09:30:09.372,63.577,FOCUSED,100.0,0.308,0.437,0.0,0,0,0.0,0
09:30:09.530,63.735,FOCUSED,100.0,0.311,0.434,0.0,0,0,0.0,0
09:30:09.639,63.844,FOCUSED,100.0,0.312,0.434,0.0,0,0,0.0,0
09:30:09.750,63.955,FOCUSED,100.0,0.311,0.436,0.0,0,0,0.0,0
09:30:09.864,64.069,FOCUSED,100.0,0.312,0.435,0.0,0,0,0.0,0
09:30:10.025,64.23,FOCUSED,100.0,0.313,0.433,0.0,0,0,0.0,0
09:30:10.139,64.344,FOCUSED,100.0,0.304,0.436,0.0,0,0,0.0,0
09:30:10.244,64.449,FOCUSED,100.0,0.311,0.436,0.0,0,0,0.0,0
09:30:10.376,64.581,FOCUSED,100.0,0.316,0.436,0.0,0,0,0.0,0
09:30:10.489,64.694,FOCUSED,100.0,0.306,0.435,0.0,0,0,0.0,0
09:30:10.575,64.78,FOCUSED,100.0,0.309,0.437,0.0,0,0,0.0,0
09:30:10.675,64.88,FOCUSED,100.0,0.313,0.437,0.0,0,0,0.0,0
09:30:10.798,65.003,FOCUSED,100.0,0.314,0.44,0.0,0,0,0.0,0
09:30:10.955,65.16,FOCUSED,100.0,0.316,0.436,0.0,0,0,0.0,0
09:30:11.086,65.293,FOCUSED,100.0,0.317,0.435,0.0,0,0,0.0,0
09:30:11.229,65.434,FOCUSED,100.0,0.319,0.432,0.0,0,0,0.0,0
09:30:11.341,65.546,FOCUSED,100.0,0.317,0.434,0.0,0,0,0.0,0
09:30:11.469,65.675,FOCUSED,100.0,0.318,0.435,0.0,0,0,0.0,0
09:30:11.580,65.785,FOCUSED,100.0,0.322,0.437,0.0,0,0,0.0,0
09:30:11.693,65.899,FOCUSED,100.0,0.314,0.44,0.0,0,0,0.0,0
09:30:11.791,65.996,FOCUSED,100.0,0.318,0.444,0.0,0,0,0.0,0
09:30:11.887,66.092,FOCUSED,100.0,0.321,0.441,0.0,0,0,0.0,0
09:30:12.007,66.212,FOCUSED,100.0,0.318,0.439,0.0,0,0,0.0,0
09:30:12.104,66.31,FOCUSED,100.0,0.319,0.439,0.0,0,0,0.0,0
09:30:12.198,66.404,FOCUSED,100.0,0.342,0.438,0.0,0,0,0.0,0
09:30:12.299,66.504,FOCUSED,100.0,0.325,0.444,0.0,0,0,0.0,0
09:30:12.394,66.599,FOCUSED,100.0,0.338,0.44,0.0,0,0,0.0,0
09:30:12.495,66.7,FOCUSED,100.0,0.306,0.44,0.0,0,0,0.0,0
09:30:12.590,66.795,FOCUSED,100.0,0.311,0.438,0.0,0,0,0.0,0
09:30:12.689,66.894,FOCUSED,100.0,0.308,0.441,0.0,0,0,0.0,0
09:30:12.789,66.994,FOCUSED,100.0,0.314,0.439,0.0,0,0,0.0,0
09:30:12.870,67.075,FOCUSED,100.0,0.307,0.44,0.0,0,0,0.0,0
09:30:12.954,67.159,FOCUSED,100.0,0.299,0.436,0.0,0,0,0.0,0
09:30:13.056,67.261,FOCUSED,100.0,0.292,0.431,0.0,0,0,0.0,0
09:30:13.156,67.362,FOCUSED,100.0,0.306,0.432,0.0,0,0,0.0,0
09:30:13.242,67.448,FOCUSED,100.0,0.308,0.427,0.0,0,0,0.0,0
09:30:13.334,67.539,FOCUSED,100.0,0.328,0.431,0.0,0,0,0.0,0
09:30:13.428,67.633,FOCUSED,100.0,0.328,0.431,0.0,0,0,0.0,0
09:30:13.517,67.722,FOCUSED,100.0,0.319,0.431,0.0,0,0,0.0,0
09:30:13.611,67.816,FOCUSED,100.0,0.328,0.43,0.0,0,0,0.0,0
09:30:13.697,67.902,FOCUSED,100.0,0.332,0.429,0.0,0,0,0.0,0
09:30:13.822,68.027,FOCUSED,100.0,0.332,0.427,0.0,0,0,0.0,0
09:30:13.925,68.13,FOCUSED,100.0,0.328,0.429,0.0,0,0,0.0,0
09:30:14.020,68.225,FOCUSED,100.0,0.331,0.432,0.0,0,0,0.0,0
09:30:14.119,68.324,FOCUSED,100.0,0.33,0.431,0.0,0,0,0.0,0
09:30:14.223,68.428,FOCUSED,100.0,0.301,0.429,0.0,0,0,0.0,0
09:30:14.314,68.519,FOCUSED,100.0,0.32,0.431,0.0,0,0,0.0,0
09:30:14.411,68.616,FOCUSED,100.0,0.318,0.43,0.0,0,0,0.0,0
09:30:14.525,68.73,FOCUSED,100.0,0.323,0.431,0.0,0,0,0.0,0
09:30:14.620,68.825,FOCUSED,100.0,0.324,0.431,0.0,0,0,0.0,0
09:30:14.699,68.904,FOCUSED,100.0,0.325,0.43,0.0,0,0,0.0,0
09:30:14.804,69.01,FOCUSED,100.0,0.323,0.43,0.0,0,0,0.0,0
09:30:14.909,69.114,FOCUSED,100.0,0.325,0.429,0.0,0,0,0.0,0
09:30:15.013,69.218,FOCUSED,100.0,0.327,0.428,0.0,0,0,0.0,0
09:30:15.115,69.32,FOCUSED,100.0,0.33,0.432,0.0,0,0,0.0,0
09:30:15.232,69.437,FOCUSED,100.0,0.333,0.432,0.0,0,0,0.0,0
09:30:15.338,69.543,FOCUSED,100.0,0.335,0.433,0.0,0,0,0.0,0
09:30:15.430,69.635,FOCUSED,100.0,0.333,0.432,0.0,0,0,0.0,0
09:30:15.541,69.746,FOCUSED,100.0,0.332,0.436,0.0,0,0,0.0,0
09:30:15.642,69.848,FOCUSED,100.0,0.333,0.432,0.0,0,0,0.0,0
09:30:15.737,69.942,FOCUSED,100.0,0.331,0.438,0.0,0,0,0.0,0
09:30:15.828,70.033,FOCUSED,100.0,0.339,0.435,0.0,0,0,0.0,0
09:30:15.927,70.132,FOCUSED,100.0,0.334,0.438,0.0,0,0,0.0,0
09:30:16.035,70.241,FOCUSED,100.0,0.332,0.441,0.0,0,0,0.0,0
09:30:16.138,70.344,FOCUSED,100.0,0.293,0.436,0.0,0,0,0.0,0
09:30:16.231,70.436,FOCUSED,100.0,0.297,0.434,0.0,0,0,0.0,0
09:30:16.337,70.543,FOCUSED,100.0,0.297,0.435,0.0,0,0,0.0,0
09:30:16.447,70.653,FOCUSED,100.0,0.298,0.434,0.0,0,0,0.0,0
09:30:16.544,70.75,FOCUSED,100.0,0.29,0.435,0.0,0,0,0.0,0
09:30:16.627,70.832,FOCUSED,100.0,0.291,0.433,0.0,0,0,0.0,0
09:30:16.716,70.921,FOCUSED,100.0,0.284,0.434,0.0,0,0,0.0,0
09:30:16.815,71.02,FOCUSED,100.0,0.276,0.449,0.0,0,0,0.0,0
09:30:16.907,71.113,FOCUSED,100.0,0.075,0.457,0.0,0,0,0.6,0
09:30:16.998,71.203,FOCUSED,100.0,0.068,0.482,0.0,0,0,0.6,0
09:30:17.090,71.295,FOCUSED,100.0,0.08,0.494,0.0,0,0,0.6,0
09:30:17.184,71.389,FOCUSED,100.0,0.072,0.491,0.0,0,0,0.6,0
09:30:17.287,71.492,FOCUSED,100.0,0.07,0.489,0.0,0,0,0.6,0
09:30:17.384,71.589,FOCUSED,100.0,0.075,0.483,0.0,0,0,0.6,0
09:30:17.475,71.68,FOCUSED,100.0,0.268,0.472,0.0,0,0,0.0,0
09:30:17.570,71.775,FOCUSED,100.0,0.277,0.471,0.0,0,0,0.0,0
09:30:17.677,71.882,FOCUSED,100.0,0.283,0.459,0.0,0,0,0.0,0
09:30:17.771,71.976,FOCUSED,100.0,0.279,0.451,0.0,0,0,0.0,0
09:30:17.853,72.058,FOCUSED,100.0,0.276,0.448,0.0,0,0,0.0,0
09:30:17.954,72.159,FOCUSED,100.0,0.274,0.448,0.0,0,0,0.0,0
09:30:18.046,72.251,FOCUSED,100.0,0.275,0.451,0.0,0,0,0.0,0
09:30:18.144,72.349,FOCUSED,100.0,0.27,0.448,0.0,0,0,0.0,0
09:30:18.235,72.44,FOCUSED,100.0,0.273,0.449,0.0,0,0,0.0,0
09:30:18.334,72.539,FOCUSED,100.0,0.276,0.45,0.0,0,0,0.0,0
09:30:18.434,72.639,FOCUSED,100.0,0.273,0.449,0.0,0,0,0.0,0
09:30:18.530,72.736,FOCUSED,100.0,0.286,0.448,0.0,0,0,0.0,0
09:30:18.621,72.826,FOCUSED,100.0,0.284,0.448,0.0,0,0,0.0,0
09:30:18.713,72.919,FOCUSED,100.0,0.286,0.45,0.0,0,0,0.0,0
09:30:18.818,73.023,FOCUSED,100.0,0.28,0.449,0.0,0,0,0.0,0
09:30:18.925,73.13,FOCUSED,100.0,0.284,0.45,0.0,0,0,0.0,0
09:30:19.017,73.222,FOCUSED,100.0,0.285,0.45,0.0,0,0,0.0,0
09:30:19.100,73.305,FOCUSED,100.0,0.283,0.451,0.0,0,0,0.0,0
09:30:19.193,73.398,FOCUSED,100.0,0.299,0.45,0.0,0,0,0.0,0
09:30:19.317,73.522,FOCUSED,100.0,0.296,0.453,0.0,0,0,0.0,0
09:30:19.434,73.639,FOCUSED,100.0,0.293,0.451,0.0,0,0,0.0,0
09:30:19.589,73.794,FOCUSED,100.0,0.294,0.448,0.0,0,0,0.0,0
09:30:19.708,73.914,FOCUSED,100.0,0.297,0.446,0.0,0,0,0.0,0
09:30:19.811,74.016,FOCUSED,100.0,0.298,0.451,0.0,0,0,0.0,0
09:30:19.931,74.137,FOCUSED,100.0,0.293,0.452,0.0,0,0,0.0,0
09:30:20.064,74.269,FOCUSED,100.0,0.294,0.449,0.0,0,0,0.0,0
09:30:20.172,74.378,FOCUSED,100.0,0.296,0.456,0.0,0,0,0.0,0
09:30:20.286,74.491,FOCUSED,100.0,0.295,0.453,0.0,0,0,0.0,0
09:30:20.387,74.593,FOCUSED,100.0,0.305,0.453,0.0,0,0,0.0,0
09:30:20.499,74.704,FOCUSED,100.0,0.303,0.453,0.0,0,0,0.0,0
09:30:20.630,74.835,FOCUSED,100.0,0.3,0.454,0.0,0,0,0.0,0
09:30:20.756,74.961,FOCUSED,100.0,0.301,0.454,0.0,0,0,0.0,0
09:30:20.871,75.076,FOCUSED,100.0,0.308,0.45,0.0,0,0,0.0,0
09:30:20.994,75.199,FOCUSED,100.0,0.297,0.453,0.0,0,0,0.0,0
09:30:21.099,75.304,FOCUSED,100.0,0.302,0.45,0.0,0,0,0.0,0
09:30:21.204,75.41,FOCUSED,100.0,0.293,0.454,0.0,0,0,0.0,0
09:30:21.328,75.533,FOCUSED,100.0,0.301,0.451,0.0,0,0,0.0,0
09:30:21.435,75.64,FOCUSED,100.0,0.299,0.453,0.0,0,0,0.0,0
09:30:21.547,75.752,FOCUSED,100.0,0.297,0.452,0.0,0,0,0.0,0
09:30:21.652,75.857,FOCUSED,100.0,0.297,0.454,0.0,0,0,0.0,0
09:30:21.747,75.952,FOCUSED,100.0,0.297,0.456,0.0,0,0,0.0,0
09:30:21.854,76.059,FOCUSED,100.0,0.309,0.456,0.0,0,0,0.0,0
09:30:21.982,76.187,FOCUSED,100.0,0.305,0.457,0.0,0,0,0.0,0
09:30:22.083,76.289,FOCUSED,100.0,0.313,0.455,0.0,0,0,0.0,0
09:30:22.185,76.391,FOCUSED,100.0,0.31,0.456,0.0,0,0,0.0,0
09:30:22.278,76.483,FOCUSED,100.0,0.304,0.458,0.0,0,0,0.0,0
09:30:22.378,76.584,FOCUSED,100.0,0.299,0.458,0.0,0,0,0.0,0
09:30:22.476,76.681,FOCUSED,100.0,0.304,0.455,0.0,0,0,0.0,0
09:30:22.571,76.776,FOCUSED,100.0,0.308,0.455,0.0,0,0,0.0,0
09:30:22.666,76.871,FOCUSED,100.0,0.307,0.455,0.0,0,0,0.0,0
09:30:22.762,76.967,FOCUSED,100.0,0.309,0.456,0.0,0,0,0.0,0
09:30:22.864,77.069,FOCUSED,100.0,0.303,0.457,0.0,0,0,0.0,0
09:30:22.960,77.166,FOCUSED,100.0,0.302,0.458,0.0,0,0,0.0,0
09:30:23.043,77.248,FOCUSED,100.0,0.299,0.461,0.0,0,0,0.0,0
09:30:23.145,77.35,FOCUSED,100.0,0.3,0.456,0.0,0,0,0.0,0
09:30:23.246,77.451,FOCUSED,100.0,0.295,0.456,0.0,0,0,0.0,0
09:30:23.359,77.564,FOCUSED,100.0,0.305,0.456,0.0,0,0,0.0,0
09:30:23.473,77.678,FOCUSED,100.0,0.312,0.459,0.0,0,0,0.0,0
09:30:23.605,77.81,FOCUSED,100.0,0.297,0.46,0.0,0,0,0.0,0
09:30:23.734,77.939,FOCUSED,100.0,0.301,0.457,0.0,0,0,0.0,0
09:30:23.833,78.039,FOCUSED,100.0,0.297,0.455,0.0,0,0,0.0,0
09:30:23.954,78.159,FOCUSED,100.0,0.302,0.455,0.0,0,0,0.0,0
09:30:24.064,78.269,FOCUSED,100.0,0.305,0.455,0.0,0,0,0.0,0
09:30:24.182,78.387,FOCUSED,100.0,0.311,0.455,0.0,0,0,0.0,0
09:30:24.308,78.513,FOCUSED,100.0,0.311,0.457,0.0,0,0,0.0,0
09:30:24.428,78.634,FOCUSED,100.0,0.31,0.459,0.0,0,0,0.0,0
09:30:24.542,78.747,FOCUSED,100.0,0.302,0.456,0.0,0,0,0.0,0
09:30:24.656,78.861,FOCUSED,100.0,0.309,0.454,0.0,0,0,0.0,0
09:30:24.765,78.97,FOCUSED,100.0,0.306,0.455,0.0,0,0,0.0,0
09:30:24.904,79.11,FOCUSED,100.0,0.305,0.457,0.0,0,0,0.0,0
09:30:25.006,79.211,FOCUSED,100.0,0.308,0.456,0.0,0,0,0.0,0
09:30:25.119,79.324,FOCUSED,100.0,0.314,0.456,0.0,0,0,0.0,0
09:30:25.226,79.432,FOCUSED,100.0,0.307,0.454,0.0,0,0,0.0,0
09:30:25.338,79.543,FOCUSED,100.0,0.308,0.454,0.0,0,0,0.0,0
09:30:25.440,79.645,FOCUSED,100.0,0.306,0.455,0.0,0,0,0.0,0
09:30:25.527,79.733,FOCUSED,100.0,0.305,0.455,0.0,0,0,0.0,0
09:30:25.622,79.828,FOCUSED,100.0,0.308,0.453,0.0,0,0,0.0,0
09:30:25.725,79.93,FOCUSED,100.0,0.312,0.454,0.0,0,0,0.0,0
09:30:25.828,80.033,FOCUSED,100.0,0.314,0.455,0.0,0,0,0.0,0
09:30:25.931,80.136,FOCUSED,100.0,0.314,0.455,0.0,0,0,0.0,0
09:30:26.034,80.24,FOCUSED,100.0,0.314,0.456,0.0,0,0,0.0,0
09:30:26.142,80.347,FOCUSED,100.0,0.316,0.457,0.0,0,0,0.0,0
09:30:26.223,80.429,FOCUSED,100.0,0.316,0.454,0.0,0,0,0.0,0
09:30:26.328,80.533,FOCUSED,100.0,0.317,0.455,0.0,0,0,0.0,0
09:30:26.437,80.642,FOCUSED,100.0,0.316,0.454,0.0,0,0,0.0,0
09:30:26.540,80.745,FOCUSED,100.0,0.305,0.451,0.0,0,0,0.0,0
09:30:26.652,80.858,FOCUSED,100.0,0.302,0.452,0.0,0,0,0.0,0
09:30:26.747,80.952,FOCUSED,100.0,0.305,0.451,0.0,0,0,0.0,0
09:30:26.834,81.039,FOCUSED,100.0,0.309,0.454,0.0,0,0,0.0,0
09:30:26.934,81.139,FOCUSED,100.0,0.309,0.452,0.0,0,0,0.0,0
09:30:27.042,81.248,FOCUSED,100.0,0.3,0.452,0.0,0,0,0.0,0
09:30:27.142,81.349,FOCUSED,100.0,0.302,0.452,0.0,0,0,0.0,0
09:30:27.240,81.445,FOCUSED,100.0,0.299,0.452,0.0,0,0,0.0,0
09:30:27.327,81.532,FOCUSED,100.0,0.3,0.453,0.0,0,0,0.0,0
09:30:27.431,81.636,FOCUSED,100.0,0.289,0.452,0.0,0,0,0.0,0
09:30:27.544,81.749,FOCUSED,100.0,0.302,0.453,0.0,0,0,0.0,0
09:30:27.634,81.839,FOCUSED,100.0,0.298,0.453,0.0,0,0,0.0,0
09:30:27.725,81.93,FOCUSED,100.0,0.292,0.455,0.0,0,0,0.0,0
09:30:27.828,82.033,FOCUSED,100.0,0.298,0.453,0.0,0,0,0.0,0
09:30:27.928,82.133,FOCUSED,100.0,0.295,0.451,0.0,0,0,0.0,0
09:30:28.034,82.239,FOCUSED,100.0,0.298,0.449,0.0,0,0,0.0,0
09:30:28.132,82.337,FOCUSED,100.0,0.297,0.448,0.0,0,0,0.0,0
09:30:28.228,82.435,FOCUSED,100.0,0.3,0.448,0.0,0,0,0.0,0
09:30:28.325,82.53,FOCUSED,100.0,0.3,0.449,0.0,0,0,0.0,0
09:30:28.410,82.615,FOCUSED,100.0,0.305,0.448,0.0,0,0,0.0,0
09:30:28.515,82.72,FOCUSED,100.0,0.299,0.452,0.0,0,0,0.0,0
09:30:28.604,82.809,FOCUSED,100.0,0.304,0.45,0.0,0,0,0.0,0
09:30:28.701,82.906,FOCUSED,100.0,0.303,0.45,0.0,0,0,0.0,0
09:30:28.816,83.021,FOCUSED,100.0,0.296,0.451,0.0,0,0,0.0,0
09:30:28.913,83.118,FOCUSED,100.0,0.301,0.45,0.0,0,0,0.0,0
09:30:29.003,83.208,FOCUSED,100.0,0.3,0.452,0.0,0,0,0.0,0
09:30:29.107,83.312,FOCUSED,100.0,0.295,0.452,0.0,0,0,0.0,0
09:30:29.207,83.412,FOCUSED,100.0,0.295,0.451,0.0,0,0,0.0,0
09:30:29.288,83.493,FOCUSED,100.0,0.299,0.454,0.0,0,0,0.0,0
09:30:29.373,83.578,FOCUSED,100.0,0.294,0.452,0.0,0,0,0.0,0
09:30:29.474,83.679,FOCUSED,100.0,0.299,0.452,0.0,0,0,0.0,0
09:30:29.581,83.787,FOCUSED,100.0,0.303,0.448,0.0,0,0,0.0,0
09:30:29.707,83.912,FOCUSED,100.0,0.304,0.451,0.0,0,0,0.0,0
09:30:29.814,84.019,FOCUSED,100.0,0.307,0.45,0.0,0,0,0.0,0
09:30:29.917,84.122,FOCUSED,100.0,0.303,0.451,0.0,0,0,0.0,0
09:30:30.023,84.228,FOCUSED,100.0,0.305,0.453,0.0,0,0,0.0,0
09:30:30.137,84.342,FOCUSED,100.0,0.307,0.451,0.0,0,0,0.0,0
09:30:30.248,84.453,FOCUSED,100.0,0.309,0.451,0.0,0,0,0.0,0
09:30:30.355,84.56,FOCUSED,100.0,0.303,0.452,0.0,0,0,0.0,0
09:30:30.453,84.658,FOCUSED,100.0,0.304,0.452,0.0,0,0,0.0,0
09:30:30.561,84.766,FOCUSED,100.0,0.3,0.452,0.0,0,0,0.0,0
09:30:30.664,84.869,FOCUSED,100.0,0.3,0.453,0.0,0,0,0.0,0
09:30:30.768,84.973,FOCUSED,100.0,0.302,0.451,0.0,0,0,0.0,0
09:30:30.860,85.065,FOCUSED,100.0,0.306,0.45,0.0,0,0,0.0,0
09:30:30.952,85.157,FOCUSED,100.0,0.306,0.452,0.0,0,0,0.0,0
09:30:31.045,85.25,FOCUSED,100.0,0.304,0.454,0.0,0,0,0.0,0
09:30:31.135,85.34,FOCUSED,100.0,0.322,0.458,0.0,0,0,0.0,0
09:30:31.227,85.432,FOCUSED,100.0,0.387,0.455,0.0,0,0,0.0,0
09:30:31.325,85.53,FOCUSED,100.0,0.373,0.458,0.0,0,0,0.0,0
09:30:31.411,85.617,FOCUSED,100.0,0.371,0.457,0.0,0,0,0.0,0
09:30:31.516,85.721,FOCUSED,100.0,0.372,0.46,0.0,0,0,0.0,0
09:30:31.620,85.826,FOCUSED,100.0,0.371,0.456,0.0,0,0,0.0,0
09:30:31.702,85.907,FOCUSED,100.0,0.37,0.455,0.0,0,0,0.0,0
09:30:31.806,86.011,FOCUSED,100.0,0.369,0.459,0.0,0,0,0.0,0
09:30:31.914,86.119,FOCUSED,100.0,0.369,0.46,0.0,0,0,0.0,0
09:30:32.002,86.207,FOCUSED,100.0,0.368,0.46,0.0,0,0,0.0,0
09:30:32.098,86.303,FOCUSED,100.0,0.368,0.462,0.0,0,0,0.0,0
09:30:32.183,86.389,FOCUSED,100.0,0.369,0.462,0.0,0,0,0.0,0
09:30:32.280,86.487,FOCUSED,100.0,0.367,0.46,0.0,0,0,0.0,0
09:30:32.377,86.582,FOCUSED,100.0,0.364,0.464,0.0,0,0,0.0,0
09:30:32.468,86.674,FOCUSED,100.0,0.364,0.46,0.0,0,0,0.0,0
09:30:32.560,86.765,FOCUSED,100.0,0.362,0.46,0.0,0,0,0.0,0
09:30:32.653,86.858,FOCUSED,100.0,0.37,0.46,0.0,0,0,0.0,0
09:30:32.750,86.955,FOCUSED,100.0,0.362,0.461,0.0,0,0,0.0,0
09:30:32.843,87.049,FOCUSED,100.0,0.365,0.458,0.0,0,0,0.0,0
09:30:32.935,87.141,FOCUSED,100.0,0.366,0.46,0.0,0,0,0.0,0
09:30:33.035,87.24,FOCUSED,100.0,0.356,0.461,0.0,0,0,0.0,0
09:30:33.142,87.347,FOCUSED,100.0,0.357,0.459,0.0,0,0,0.0,0
09:30:33.245,87.451,FOCUSED,100.0,0.359,0.458,0.0,0,0,0.0,0
09:30:33.335,87.54,FOCUSED,100.0,0.363,0.46,0.0,0,0,0.0,0
09:30:33.446,87.651,FOCUSED,100.0,0.359,0.461,0.0,0,0,0.0,0
09:30:33.566,87.771,FOCUSED,100.0,0.362,0.461,0.0,0,0,0.0,0
09:30:33.662,87.867,FOCUSED,100.0,0.362,0.459,0.0,0,0,0.0,0
09:30:33.772,87.977,FOCUSED,100.0,0.36,0.46,0.0,0,0,0.0,0
09:30:33.890,88.095,FOCUSED,100.0,0.357,0.458,0.0,0,0,0.0,0
09:30:34.011,88.216,FOCUSED,100.0,0.367,0.458,0.0,0,0,0.0,0
09:30:34.117,88.322,FOCUSED,100.0,0.362,0.46,0.0,0,0,0.0,0
09:30:34.210,88.415,FOCUSED,100.0,0.366,0.461,0.0,0,0,0.0,0
09:30:34.297,88.503,FOCUSED,100.0,0.354,0.459,0.0,0,0,0.0,0
09:30:34.393,88.598,FOCUSED,100.0,0.361,0.463,0.0,0,0,0.0,0
09:30:34.490,88.695,FOCUSED,100.0,0.356,0.458,0.0,0,0,0.0,0
09:30:34.575,88.78,FOCUSED,100.0,0.357,0.459,0.0,0,0,0.0,0
09:30:34.662,88.867,FOCUSED,100.0,0.357,0.46,0.0,0,0,0.0,0
09:30:34.838,89.043,FOCUSED,100.0,0.359,0.463,0.0,0,0,0.0,0
09:30:34.956,89.161,FOCUSED,100.0,0.358,0.461,0.0,0,0,0.0,0
09:30:35.093,89.298,FOCUSED,100.0,0.36,0.462,0.0,0,0,0.0,0
09:30:35.221,89.426,FOCUSED,100.0,0.362,0.462,0.0,0,0,0.0,0
09:30:35.337,89.542,FOCUSED,100.0,0.349,0.458,0.0,0,0,0.0,0
09:30:35.462,89.667,FOCUSED,100.0,0.091,0.44,0.0,0,0,0.6,0
09:30:35.595,89.8,FOCUSED,100.0,0.261,0.439,0.0,0,0,0.0,0
09:30:35.700,89.905,FOCUSED,100.0,0.27,0.442,0.0,0,0,0.0,0
09:30:35.814,90.019,FOCUSED,100.0,0.275,0.441,0.0,0,0,0.0,0
09:30:35.917,90.122,FOCUSED,100.0,0.28,0.437,0.0,0,0,0.0,0
09:30:36.027,90.232,FOCUSED,100.0,0.279,0.436,0.0,0,0,0.0,0
09:30:36.145,90.351,FOCUSED,100.0,0.282,0.437,0.0,0,0,0.0,0
09:30:36.248,90.453,FOCUSED,100.0,0.289,0.435,0.0,0,0,0.0,0
09:30:36.378,90.583,FOCUSED,100.0,0.28,0.438,0.0,0,0,0.0,0
09:30:36.477,90.682,FOCUSED,100.0,0.279,0.441,0.0,0,0,0.0,0
09:30:36.582,90.787,FOCUSED,100.0,0.284,0.438,0.0,0,0,0.0,0
09:30:36.683,90.889,FOCUSED,100.0,0.279,0.438,0.0,0,0,0.0,0
09:30:36.790,90.995,FOCUSED,100.0,0.279,0.436,0.0,0,0,0.0,0
09:30:36.891,91.096,FOCUSED,100.0,0.276,0.439,0.0,0,0,0.0,0
09:30:37.005,91.21,FOCUSED,100.0,0.28,0.44,0.0,0,0,0.0,0
09:30:37.153,91.358,FOCUSED,100.0,0.276,0.44,0.0,0,0,0.0,0
09:30:37.264,91.469,FOCUSED,100.0,0.281,0.443,0.0,0,0,0.0,0
09:30:37.381,91.586,FOCUSED,100.0,0.284,0.442,0.0,0,0,0.0,0
09:30:37.478,91.683,FOCUSED,100.0,0.28,0.44,0.0,0,0,0.0,0
09:30:37.601,91.807,FOCUSED,100.0,0.286,0.442,0.0,0,0,0.0,0
09:30:37.696,91.901,FOCUSED,100.0,0.292,0.443,0.0,0,0,0.0,0
09:30:37.806,92.011,FOCUSED,100.0,0.29,0.444,0.0,0,0,0.0,0
09:30:37.912,92.118,FOCUSED,100.0,0.285,0.443,0.0,0,0,0.0,0
09:30:38.012,92.218,FOCUSED,100.0,0.287,0.443,0.0,0,0,0.0,0
09:30:38.128,92.333,FOCUSED,100.0,0.278,0.447,0.0,0,0,0.0,0
09:30:38.260,92.466,FOCUSED,100.0,0.281,0.442,0.0,0,0,0.0,0
09:30:38.385,92.591,FOCUSED,100.0,0.278,0.444,0.0,0,0,0.0,0
09:30:38.495,92.701,FOCUSED,100.0,0.282,0.442,0.0,0,0,0.0,0
09:30:38.608,92.813,FOCUSED,100.0,0.281,0.439,0.0,0,0,0.0,0
09:30:38.697,92.902,FOCUSED,100.0,0.283,0.442,0.0,0,0,0.0,0
09:30:38.812,93.017,FOCUSED,100.0,0.295,0.433,0.0,0,0,0.0,0
09:30:38.927,93.133,FOCUSED,100.0,0.287,0.432,0.0,0,0,0.0,0
09:30:39.031,93.237,FOCUSED,100.0,0.277,0.424,0.0,0,0,0.0,0
09:30:39.149,93.354,FOCUSED,100.0,0.284,0.41,0.0,0,0,0.0,0
09:30:39.228,93.433,FOCUSED,100.0,0.284,0.414,0.0,0,0,0.0,0
09:30:39.345,93.55,FOCUSED,100.0,0.286,0.403,0.0,0,0,0.0,0
09:30:39.450,93.655,FOCUSED,100.0,0.293,0.395,0.0,0,0,0.0,0
09:30:39.550,93.756,FOCUSED,100.0,0.281,0.394,0.0,0,0,0.0,0
09:30:39.649,93.856,FOCUSED,100.0,0.28,0.395,0.0,0,0,0.0,0
09:30:39.766,93.971,FOCUSED,100.0,0.277,0.397,0.0,0,0,0.0,0
09:30:39.880,94.085,FOCUSED,100.0,0.33,0.408,0.0,0,0,0.0,0
09:30:39.979,94.184,FOCUSED,100.0,0.338,0.398,0.0,0,0,0.0,0
09:30:40.095,94.3,FOCUSED,100.0,0.355,0.393,0.0,0,0,0.0,0
09:30:40.193,94.398,FOCUSED,100.0,0.364,0.388,0.0,0,0,0.0,0
09:30:40.301,94.506,FOCUSED,100.0,0.347,0.387,0.0,0,0,0.0,0
09:30:40.385,94.59,FOCUSED,100.0,0.349,0.388,0.0,0,0,0.0,0
09:30:40.495,94.7,FOCUSED,100.0,0.364,0.382,0.0,0,0,0.0,0
09:30:40.589,94.795,FOCUSED,100.0,0.363,0.365,0.0,0,0,0.0,0
09:30:40.686,94.892,FOCUSED,100.0,0.357,0.361,0.0,0,0,0.0,0
09:30:40.792,94.997,FOCUSED,100.0,0.352,0.359,0.0,0,0,0.0,0
09:30:40.878,95.083,FOCUSED,100.0,0.231,0.348,0.0,0,0,0.0,0
09:30:40.964,95.169,FOCUSED,100.0,0.202,0.348,0.0,0,0,0.0,0
09:30:41.071,95.276,FOCUSED,100.0,0.257,0.366,0.0,0,0,0.0,0
09:30:41.183,95.388,FOCUSED,100.0,0.25,0.369,0.0,0,0,0.0,0
09:30:41.283,95.489,FOCUSED,100.0,0.254,0.369,0.0,0,0,0.0,0
09:30:41.397,95.603,FOCUSED,100.0,0.261,0.373,0.0,0,0,0.0,0
09:30:41.519,95.725,FOCUSED,100.0,0.266,0.377,0.0,0,0,0.0,0
09:30:41.633,95.838,FOCUSED,100.0,0.271,0.371,0.0,0,0,0.0,0
09:30:41.755,95.96,FOCUSED,100.0,0.268,0.374,0.0,0,0,0.0,0
09:30:41.875,96.08,FOCUSED,100.0,0.274,0.379,0.0,0,0,0.0,0
09:30:42.053,96.258,FOCUSED,100.0,0.274,0.385,0.0,0,0,0.0,0
09:30:42.162,96.368,FOCUSED,100.0,0.28,0.385,0.0,0,0,0.0,0
09:30:42.267,96.472,FOCUSED,100.0,0.269,0.375,0.0,0,0,0.0,0
09:30:42.390,96.595,FOCUSED,100.0,0.275,0.376,0.0,0,0,0.0,0
09:30:42.503,96.708,FOCUSED,100.0,0.269,0.379,0.0,0,0,0.0,0
09:30:42.610,96.815,FOCUSED,100.0,0.271,0.38,0.0,0,0,0.0,0
09:30:42.721,96.926,FOCUSED,100.0,0.275,0.378,0.0,0,0,0.0,0
09:30:42.818,97.023,FOCUSED,100.0,0.262,0.377,0.0,0,0,0.0,0
09:30:42.922,97.127,FOCUSED,100.0,0.267,0.375,0.0,0,0,0.0,0
09:30:43.021,97.227,FOCUSED,100.0,0.269,0.377,0.0,0,0,0.0,0
09:30:43.133,97.338,FOCUSED,100.0,0.267,0.376,0.0,0,0,0.0,0
09:30:43.232,97.437,FOCUSED,100.0,0.272,0.376,0.0,0,0,0.0,0
09:30:43.331,97.536,FOCUSED,100.0,0.265,0.377,0.0,0,0,0.0,0
09:30:43.421,97.627,FOCUSED,100.0,0.259,0.378,0.0,0,0,0.0,0
09:30:43.527,97.732,FOCUSED,100.0,0.267,0.378,0.0,0,0,0.0,0
09:30:43.632,97.837,FOCUSED,100.0,0.269,0.377,0.0,0,0,0.0,0
09:30:43.722,97.927,FOCUSED,100.0,0.266,0.381,0.0,0,0,0.0,0
09:30:43.825,98.03,FOCUSED,100.0,0.272,0.377,0.0,0,0,0.0,0
09:30:43.947,98.153,FOCUSED,100.0,0.265,0.377,0.0,0,0,0.0,0
09:30:44.057,98.263,FOCUSED,100.0,0.272,0.377,0.0,0,0,0.0,0
09:30:44.161,98.367,FOCUSED,100.0,0.27,0.379,0.0,0,0,0.0,0
09:30:44.271,98.476,FOCUSED,100.0,0.272,0.378,0.0,0,0,0.0,0
09:30:44.363,98.571,FOCUSED,100.0,0.27,0.376,0.0,0,0,0.0,0
09:30:44.462,98.667,FOCUSED,100.0,0.272,0.374,0.0,0,0,0.0,0
09:30:44.568,98.773,FOCUSED,100.0,0.275,0.376,0.0,0,0,0.0,0
09:30:44.673,98.878,FOCUSED,100.0,0.268,0.377,0.0,0,0,0.0,0
09:30:44.794,98.999,FOCUSED,100.0,0.275,0.378,0.0,0,0,0.0,0
09:30:44.930,99.136,FOCUSED,100.0,0.275,0.374,0.0,0,0,0.0,0
09:30:45.042,99.247,FOCUSED,100.0,0.271,0.373,0.0,0,0,0.0,0
09:30:45.148,99.353,FOCUSED,100.0,0.273,0.376,0.0,0,0,0.0,0
09:30:45.250,99.455,FOCUSED,100.0,0.275,0.38,0.0,0,0,0.0,0
09:30:45.345,99.55,FOCUSED,100.0,0.274,0.382,0.0,0,0,0.0,0
09:30:45.440,99.646,FOCUSED,100.0,0.27,0.383,0.0,0,0,0.0,0
09:30:45.545,99.75,FOCUSED,100.0,0.272,0.382,0.0,0,0,0.0,0
09:30:45.645,99.85,FOCUSED,100.0,0.261,0.381,0.0,0,0,0.0,0
09:30:45.746,99.951,FOCUSED,100.0,0.264,0.382,0.0,0,0,0.0,0
09:30:45.831,100.036,FOCUSED,100.0,0.27,0.383,0.0,0,0,0.0,0
09:30:45.921,100.126,FOCUSED,100.0,0.271,0.383,0.0,0,0,0.0,0
09:30:46.014,100.219,FOCUSED,100.0,0.272,0.387,0.0,0,0,0.0,0
09:30:46.120,100.325,FOCUSED,100.0,0.297,0.396,0.0,0,0,0.0,0
09:30:46.214,100.419,FOCUSED,100.0,0.295,0.394,0.0,0,0,0.0,0
09:30:46.311,100.516,FOCUSED,100.0,0.298,0.396,0.0,0,0,0.0,0
09:30:46.395,100.6,FOCUSED,100.0,0.294,0.397,0.0,0,0,0.0,0
09:30:46.492,100.697,FOCUSED,100.0,0.297,0.397,0.0,0,0,0.0,0
09:30:46.593,100.798,FOCUSED,100.0,0.296,0.403,0.0,0,0,0.0,0
09:30:46.685,100.891,FOCUSED,100.0,0.327,0.404,0.0,0,0,0.0,0
09:30:46.789,100.994,FOCUSED,100.0,0.333,0.405,0.0,0,0,0.0,0
09:30:46.898,101.103,FOCUSED,100.0,0.339,0.4,0.0,0,0,0.0,0
09:30:47.011,101.216,FOCUSED,100.0,0.332,0.403,0.0,0,0,0.0,0
09:30:47.106,101.311,FOCUSED,100.0,0.335,0.405,0.0,0,0,0.0,0
09:30:47.196,101.401,FOCUSED,100.0,0.337,0.407,0.0,0,0,0.0,0
09:30:47.305,101.51,FOCUSED,100.0,0.331,0.41,0.0,0,0,0.0,0
09:30:47.415,101.62,FOCUSED,100.0,0.335,0.412,0.0,0,0,0.0,0
09:30:47.522,101.727,FOCUSED,100.0,0.317,0.415,0.0,0,0,0.0,0
09:30:47.627,101.832,FOCUSED,100.0,0.326,0.417,0.0,0,0,0.0,0
09:30:47.735,101.94,FOCUSED,100.0,0.325,0.42,0.0,0,0,0.0,0
09:30:47.827,102.032,FOCUSED,100.0,0.329,0.421,0.0,0,0,0.0,0
09:30:47.914,102.119,FOCUSED,100.0,0.328,0.417,0.0,0,0,0.0,0
09:30:48.034,102.239,FOCUSED,100.0,0.325,0.417,0.0,0,0,0.0,0
09:30:48.134,102.341,FOCUSED,100.0,0.296,0.409,0.0,0,0,0.0,0
09:30:48.242,102.447,FOCUSED,100.0,0.303,0.408,0.0,0,0,0.0,0
09:30:48.348,102.553,FOCUSED,100.0,0.299,0.408,0.0,0,0,0.0,0
09:30:48.459,102.664,FOCUSED,100.0,0.3,0.412,0.0,0,0,0.0,0
09:30:48.551,102.756,FOCUSED,100.0,0.303,0.41,0.0,0,0,0.0,0
09:30:48.659,102.864,FOCUSED,100.0,0.299,0.41,0.0,0,0,0.0,0
09:30:48.786,102.991,FOCUSED,100.0,0.294,0.413,0.0,0,0,0.0,0
09:30:48.898,103.103,FOCUSED,100.0,0.299,0.412,0.0,0,0,0.0,0
09:30:49.022,103.227,FOCUSED,100.0,0.295,0.416,0.0,0,0,0.0,0
09:30:49.111,103.316,FOCUSED,100.0,0.289,0.414,0.0,0,0,0.0,0
09:30:49.220,103.425,FOCUSED,100.0,0.29,0.414,0.0,0,0,0.0,0
09:30:49.347,103.553,FOCUSED,100.0,0.297,0.413,0.0,0,0,0.0,0
09:30:49.456,103.661,FOCUSED,100.0,0.29,0.413,0.0,0,0,0.0,0
09:30:49.623,103.828,FOCUSED,100.0,0.295,0.413,0.0,0,0,0.0,0
09:30:49.725,103.93,FOCUSED,100.0,0.301,0.409,0.0,0,0,0.0,0
09:30:49.854,104.06,FOCUSED,100.0,0.293,0.413,0.0,0,0,0.0,0
09:30:49.980,104.185,FOCUSED,100.0,0.295,0.412,0.0,0,0,0.0,0
09:30:50.123,104.329,FOCUSED,100.0,0.301,0.41,0.0,0,0,0.0,0
09:30:50.212,104.417,FOCUSED,100.0,0.297,0.416,0.0,0,0,0.0,0
09:30:50.330,104.536,FOCUSED,100.0,0.3,0.414,0.0,0,0,0.0,0
09:30:50.438,104.644,FOCUSED,100.0,0.304,0.412,0.0,0,0,0.0,0
09:30:50.548,104.753,FOCUSED,100.0,0.305,0.413,0.0,0,0,0.0,0
09:30:50.671,104.876,FOCUSED,100.0,0.303,0.412,0.0,0,0,0.0,0
09:30:50.782,104.987,FOCUSED,100.0,0.306,0.412,0.0,0,0,0.0,0
09:30:50.895,105.101,FOCUSED,100.0,0.302,0.413,0.0,0,0,0.0,0
09:30:51.038,105.243,FOCUSED,100.0,0.312,0.414,0.0,0,0,0.0,0
09:30:51.181,105.386,FOCUSED,100.0,0.302,0.413,0.0,0,0,0.0,0
09:30:51.314,105.519,FOCUSED,100.0,0.298,0.419,0.0,0,0,0.0,0
09:30:51.433,105.638,FOCUSED,100.0,0.308,0.418,0.0,0,0,0.0,0
09:30:51.536,105.741,FOCUSED,100.0,0.306,0.415,0.0,0,0,0.0,0
09:30:51.652,105.857,FOCUSED,100.0,0.307,0.417,0.0,0,0,0.0,0
09:30:51.771,105.976,FOCUSED,100.0,0.304,0.419,0.0,0,0,0.0,0
09:30:51.882,106.088,FOCUSED,100.0,0.302,0.418,0.0,0,0,0.0,0
09:30:51.999,106.204,FOCUSED,100.0,0.311,0.416,0.0,0,0,0.0,0
09:30:52.127,106.332,FOCUSED,100.0,0.307,0.417,0.0,0,0,0.0,0
09:30:52.233,106.438,FOCUSED,100.0,0.315,0.418,0.0,0,0,0.0,0
09:30:52.347,106.552,FOCUSED,100.0,0.317,0.417,0.0,0,0,0.0,0
09:30:52.441,106.646,FOCUSED,100.0,0.316,0.417,0.0,0,0,0.0,0
09:30:52.561,106.766,FOCUSED,100.0,0.316,0.416,0.0,0,0,0.0,0
09:30:52.681,106.886,FOCUSED,100.0,0.316,0.415,0.0,0,0,0.0,0
09:30:52.795,107.0,FOCUSED,100.0,0.315,0.417,0.0,0,0,0.0,0
09:30:52.911,107.117,FOCUSED,100.0,0.316,0.418,0.0,0,0,0.0,0
09:30:53.014,107.219,FOCUSED,100.0,0.311,0.419,0.0,0,0,0.0,0
09:30:53.132,107.337,FOCUSED,100.0,0.317,0.417,0.0,0,0,0.0,0
09:30:53.254,107.459,FOCUSED,100.0,0.32,0.416,0.0,0,0,0.0,0
09:30:53.354,107.559,FOCUSED,100.0,0.312,0.415,0.0,0,0,0.0,0
09:30:53.448,107.653,FOCUSED,100.0,0.322,0.415,0.0,0,0,0.0,0
09:30:53.555,107.76,FOCUSED,100.0,0.314,0.413,0.0,0,0,0.0,0
09:30:53.681,107.886,FOCUSED,100.0,0.309,0.419,0.0,0,0,0.0,0
09:30:53.792,107.997,FOCUSED,100.0,0.317,0.418,0.0,0,0,0.0,0
09:30:53.912,108.117,FOCUSED,100.0,0.308,0.418,0.0,0,0,0.0,0
09:30:54.037,108.242,FOCUSED,100.0,0.312,0.419,0.0,0,0,0.0,0
09:30:54.235,108.44,FOCUSED,100.0,0.313,0.418,0.0,0,0,0.0,0
09:30:54.359,108.564,FOCUSED,100.0,0.308,0.419,0.0,0,0,0.0,0
09:30:54.475,108.68,FOCUSED,100.0,0.317,0.417,0.0,0,0,0.0,0
09:30:54.585,108.79,FOCUSED,100.0,0.311,0.418,0.0,0,0,0.0,0
09:30:54.698,108.903,FOCUSED,100.0,0.31,0.419,0.0,0,0,0.0,0
09:30:54.798,109.003,FOCUSED,100.0,0.311,0.418,0.0,0,0,0.0,0
09:30:54.912,109.118,FOCUSED,100.0,0.32,0.416,0.0,0,0,0.0,0
09:30:55.022,109.227,FOCUSED,100.0,0.307,0.418,0.0,0,0,0.0,0
09:30:55.124,109.329,FOCUSED,100.0,0.312,0.417,0.0,0,0,0.0,0
09:30:55.241,109.446,FOCUSED,100.0,0.315,0.417,0.0,0,0,0.0,0
09:30:55.354,109.559,FOCUSED,100.0,0.313,0.42,0.0,0,0,0.0,0
09:30:55.457,109.664,FOCUSED,100.0,0.312,0.418,0.0,0,0,0.0,0
09:30:55.558,109.763,FOCUSED,100.0,0.317,0.416,0.0,0,0,0.0,0
09:30:55.661,109.866,FOCUSED,100.0,0.311,0.415,0.0,0,0,0.0,0
09:30:55.756,109.961,FOCUSED,100.0,0.321,0.417,0.0,0,0,0.0,0
09:30:55.872,110.077,FOCUSED,100.0,0.308,0.414,0.0,0,0,0.0,0
09:30:55.980,110.186,FOCUSED,100.0,0.317,0.412,0.0,0,0,0.0,0
09:30:56.084,110.289,FOCUSED,100.0,0.321,0.415,0.0,0,0,0.0,0
09:30:56.184,110.389,FOCUSED,100.0,0.314,0.412,0.0,0,0,0.0,0
09:30:56.290,110.495,FOCUSED,100.0,0.32,0.416,0.0,0,0,0.0,0
09:30:56.409,110.614,FOCUSED,100.0,0.315,0.416,0.0,0,0,0.0,0
09:30:56.501,110.706,FOCUSED,100.0,0.314,0.416,0.0,0,0,0.0,0
09:30:56.597,110.802,FOCUSED,100.0,0.313,0.416,0.0,0,0,0.0,0
09:30:56.718,110.923,FOCUSED,100.0,0.313,0.415,0.0,0,0,0.0,0
09:30:56.817,111.022,FOCUSED,100.0,0.313,0.414,0.0,0,0,0.0,0
09:30:56.924,111.129,FOCUSED,100.0,0.319,0.414,0.0,0,0,0.0,0
09:30:57.029,111.235,FOCUSED,100.0,0.318,0.415,0.0,0,0,0.0,0
09:30:57.144,111.349,FOCUSED,100.0,0.318,0.415,0.0,0,0,0.0,0
09:30:57.264,111.47,FOCUSED,100.0,0.324,0.418,0.0,0,0,0.0,0
09:30:57.372,111.577,FOCUSED,100.0,0.325,0.416,0.0,0,0,0.0,0
09:30:57.492,111.698,FOCUSED,100.0,0.324,0.421,0.0,0,0,0.0,0
09:30:57.608,111.813,FOCUSED,100.0,0.323,0.418,0.0,0,0,0.0,0
09:30:57.710,111.915,FOCUSED,100.0,0.326,0.419,0.0,0,0,0.0,0
09:30:57.828,112.034,FOCUSED,100.0,0.326,0.416,0.0,0,0,0.0,0
09:30:57.923,112.128,FOCUSED,100.0,0.323,0.419,0.0,0,0,0.0,0
09:30:58.027,112.232,FOCUSED,100.0,0.324,0.416,0.0,0,0,0.0,0
09:30:58.128,112.333,FOCUSED,100.0,0.326,0.417,0.0,0,0,0.0,0
09:30:58.245,112.45,FOCUSED,100.0,0.325,0.42,0.0,0,0,0.0,0
09:30:58.347,112.552,FOCUSED,100.0,0.321,0.418,0.0,0,0,0.0,0
09:30:58.458,112.663,FOCUSED,100.0,0.324,0.418,0.0,0,0,0.0,0
09:30:58.583,112.788,FOCUSED,100.0,0.318,0.418,0.0,0,0,0.0,0
09:30:58.685,112.891,FOCUSED,100.0,0.323,0.418,0.0,0,0,0.0,0
09:30:58.805,113.01,FOCUSED,100.0,0.319,0.415,0.0,0,0,0.0,0
09:30:58.910,113.115,FOCUSED,100.0,0.321,0.416,0.0,0,0,0.0,0
09:30:58.998,113.203,FOCUSED,100.0,0.325,0.415,0.0,0,0,0.0,0
09:30:59.119,113.324,FOCUSED,100.0,0.323,0.418,0.0,0,0,0.0,0
09:30:59.228,113.433,FOCUSED,100.0,0.324,0.418,0.0,0,0,0.0,0
09:30:59.358,113.563,FOCUSED,100.0,0.328,0.42,0.0,0,0,0.0,0
09:30:59.453,113.659,FOCUSED,100.0,0.324,0.419,0.0,0,0,0.0,0
09:30:59.566,113.771,FOCUSED,100.0,0.323,0.419,0.0,0,0,0.0,0
09:30:59.658,113.864,FOCUSED,100.0,0.324,0.418,0.0,0,0,0.0,0
09:30:59.769,113.974,FOCUSED,100.0,0.323,0.416,0.0,0,0,0.0,0
09:30:59.882,114.087,FOCUSED,100.0,0.324,0.417,0.0,0,0,0.0,0
09:30:59.984,114.189,FOCUSED,100.0,0.317,0.417,0.0,0,0,0.0,0
09:31:00.092,114.297,FOCUSED,100.0,0.327,0.415,0.0,0,0,0.0,0
09:31:00.202,114.407,FOCUSED,100.0,0.322,0.415,0.0,0,0,0.0,0
09:31:00.308,114.513,FOCUSED,100.0,0.324,0.417,0.0,0,0,0.0,0
09:31:00.417,114.622,FOCUSED,100.0,0.321,0.415,0.0,0,0,0.0,0
09:31:00.526,114.731,FOCUSED,100.0,0.321,0.416,0.0,0,0,0.0,0
09:31:00.625,114.83,FOCUSED,100.0,0.322,0.419,0.0,0,0,0.0,0
09:31:00.731,114.936,FOCUSED,100.0,0.319,0.42,0.0,0,0,0.0,0
09:31:00.839,115.044,FOCUSED,100.0,0.315,0.42,0.0,0,0,0.0,0
09:31:00.947,115.152,FOCUSED,100.0,0.323,0.423,0.0,0,0,0.0,0
09:31:01.055,115.26,FOCUSED,100.0,0.326,0.419,0.0,0,0,0.0,0
09:31:01.162,115.367,FOCUSED,100.0,0.32,0.418,0.0,0,0,0.0,0
09:31:01.288,115.493,FOCUSED,100.0,0.319,0.422,0.0,0,0,0.0,0
09:31:01.394,115.599,FOCUSED,100.0,0.315,0.422,0.0,0,0,0.0,0
09:31:01.489,115.694,FOCUSED,100.0,0.318,0.42,0.0,0,0,0.0,0
09:31:01.616,115.821,FOCUSED,100.0,0.313,0.421,0.0,0,0,0.0,0
09:31:01.726,115.931,FOCUSED,100.0,0.318,0.422,0.0,0,0,0.0,0
09:31:01.844,116.049,FOCUSED,100.0,0.313,0.423,0.0,0,0,0.0,0
09:31:01.968,116.173,FOCUSED,100.0,0.318,0.419,0.0,0,0,0.0,0
09:31:02.083,116.288,FOCUSED,100.0,0.32,0.42,0.0,0,0,0.0,0
09:31:02.186,116.392,FOCUSED,100.0,0.318,0.422,0.0,0,0,0.0,0
09:31:02.294,116.499,FOCUSED,100.0,0.322,0.423,0.0,0,0,0.0,0
09:31:02.391,116.596,FOCUSED,100.0,0.323,0.42,0.0,0,0,0.0,0
09:31:02.489,116.694,FOCUSED,100.0,0.317,0.423,0.0,0,0,0.0,0
09:31:02.605,116.811,FOCUSED,100.0,0.326,0.424,0.0,0,0,0.0,0
09:31:02.709,116.914,FOCUSED,100.0,0.328,0.416,0.0,0,0,0.0,0
09:31:02.821,117.027,FOCUSED,100.0,0.328,0.417,0.0,0,0,0.0,0
09:31:02.936,117.141,FOCUSED,100.0,0.323,0.417,0.0,0,0,0.0,0
09:31:03.042,117.247,FOCUSED,100.0,0.318,0.418,0.0,0,0,0.0,0
09:31:03.139,117.345,FOCUSED,100.0,0.317,0.415,0.0,0,0,0.0,0
09:31:03.237,117.442,FOCUSED,100.0,0.314,0.415,0.0,0,0,0.0,0
09:31:03.341,117.546,FOCUSED,100.0,0.32,0.416,0.0,0,0,0.0,0
09:31:03.453,117.658,FOCUSED,100.0,0.321,0.416,0.0,0,0,0.0,0
09:31:03.564,117.769,FOCUSED,100.0,0.322,0.413,0.0,0,0,0.0,0
09:31:03.668,117.874,FOCUSED,100.0,0.315,0.414,0.0,0,0,0.0,0
09:31:03.783,117.989,FOCUSED,100.0,0.321,0.416,0.0,0,0,0.0,0
09:31:03.899,118.104,FOCUSED,100.0,0.322,0.415,0.0,0,0,0.0,0
09:31:04.004,118.209,FOCUSED,100.0,0.314,0.415,0.0,0,0,0.0,0
09:31:04.107,118.312,FOCUSED,100.0,0.318,0.411,0.0,0,0,0.0,0
09:31:04.200,118.405,FOCUSED,100.0,0.321,0.412,0.0,0,0,0.0,0
09:31:04.303,118.508,FOCUSED,100.0,0.319,0.413,0.0,0,0,0.0,0
09:31:04.414,118.619,FOCUSED,100.0,0.312,0.414,0.0,0,0,0.0,0
09:31:04.535,118.74,FOCUSED,100.0,0.319,0.413,0.0,0,0,0.0,0
09:31:04.634,118.839,FOCUSED,100.0,0.319,0.413,0.0,0,0,0.0,0
09:31:04.725,118.93,FOCUSED,100.0,0.325,0.413,0.0,0,0,0.0,0
09:31:04.854,119.06,FOCUSED,100.0,0.322,0.414,0.0,0,0,0.0,0
09:31:04.956,119.161,FOCUSED,100.0,0.324,0.413,0.0,0,0,0.0,0
09:31:05.084,119.289,FOCUSED,100.0,0.326,0.421,0.0,0,0,0.0,0
09:31:05.188,119.393,FOCUSED,100.0,0.354,0.421,0.0,0,0,0.0,0
09:31:05.298,119.503,FOCUSED,100.0,0.362,0.419,0.0,0,0,0.0,0
09:31:05.399,119.605,FOCUSED,100.0,0.362,0.423,0.0,0,0,0.0,0
09:31:05.523,119.729,FOCUSED,100.0,0.358,0.423,0.0,0,0,0.0,0
09:31:05.647,119.852,FOCUSED,100.0,0.353,0.421,0.0,0,0,0.0,0
09:31:05.777,119.982,FOCUSED,100.0,0.356,0.42,0.0,0,0,0.0,0
09:31:05.890,120.095,FOCUSED,100.0,0.354,0.421,0.0,0,0,0.0,0
09:31:05.998,120.203,FOCUSED,100.0,0.353,0.426,0.0,0,0,0.0,0
09:31:06.120,120.325,FOCUSED,100.0,0.355,0.424,0.0,0,0,0.0,0
09:31:06.222,120.427,FOCUSED,100.0,0.354,0.422,0.0,0,0,0.0,0
09:31:06.334,120.539,FOCUSED,100.0,0.36,0.424,0.0,0,0,0.0,0
09:31:06.444,120.649,FOCUSED,100.0,0.359,0.426,0.0,0,0,0.0,0
09:31:06.565,120.77,FOCUSED,100.0,0.358,0.426,0.0,0,0,0.0,0
09:31:06.667,120.872,FOCUSED,100.0,0.359,0.426,0.0,0,0,0.0,0
09:31:06.777,120.982,FOCUSED,100.0,0.356,0.425,0.0,0,0,0.0,0
09:31:06.902,121.107,FOCUSED,100.0,0.351,0.428,0.0,0,0,0.0,0
09:31:07.010,121.215,FOCUSED,100.0,0.357,0.427,0.0,0,0,0.0,0
09:31:07.116,121.321,FOCUSED,100.0,0.315,0.42,0.0,0,0,0.0,0
09:31:07.210,121.415,FOCUSED,100.0,0.308,0.408,0.0,0,0,0.0,0
09:31:07.295,121.5,FOCUSED,100.0,0.295,0.408,0.0,0,0,0.0,0
09:31:07.401,121.606,FOCUSED,100.0,0.305,0.407,0.0,0,0,0.0,0
09:31:07.519,121.725,FOCUSED,100.0,0.306,0.408,0.0,0,0,0.0,0
09:31:07.642,121.848,FOCUSED,100.0,0.298,0.413,0.0,0,0,0.0,0
09:31:07.779,121.984,FOCUSED,100.0,0.307,0.411,0.0,0,0,0.0,0
09:31:07.895,122.1,FOCUSED,100.0,0.3,0.411,0.0,0,0,0.0,0
09:31:08.002,122.207,FOCUSED,100.0,0.297,0.408,0.0,0,0,0.0,0
09:31:08.107,122.312,FOCUSED,100.0,0.295,0.408,0.0,0,0,0.0,0
09:31:08.219,122.425,FOCUSED,100.0,0.3,0.408,0.0,0,0,0.0,0
09:31:08.324,122.53,FOCUSED,100.0,0.275,0.409,0.0,0,0,0.0,0
09:31:08.438,122.643,FOCUSED,100.0,0.293,0.414,0.0,0,0,0.0,0
09:31:08.543,122.748,FOCUSED,100.0,0.289,0.411,0.0,0,0,0.0,0
09:31:08.669,122.874,FOCUSED,100.0,0.287,0.412,0.0,0,0,0.0,0
09:31:08.777,122.982,FOCUSED,100.0,0.297,0.411,0.0,0,0,0.0,0
09:31:08.896,123.101,FOCUSED,100.0,0.288,0.413,0.0,0,0,0.0,0
09:31:08.995,123.2,FOCUSED,100.0,0.296,0.417,0.0,0,0,0.0,0
09:31:09.101,123.306,FOCUSED,100.0,0.293,0.411,0.0,0,0,0.0,0
09:31:09.204,123.41,FOCUSED,100.0,0.294,0.41,0.0,0,0,0.0,0
09:31:09.307,123.512,FOCUSED,100.0,0.298,0.41,0.0,0,0,0.0,0
09:31:09.409,123.615,FOCUSED,100.0,0.292,0.41,0.0,0,0,0.0,0
09:31:09.522,123.727,FOCUSED,100.0,0.293,0.409,0.0,0,0,0.0,0
09:31:09.627,123.832,FOCUSED,100.0,0.297,0.409,0.0,0,0,0.0,0
09:31:09.721,123.926,FOCUSED,100.0,0.29,0.406,0.0,0,0,0.0,0
09:31:09.839,124.044,FOCUSED,100.0,0.285,0.408,0.0,0,0,0.0,0
09:31:09.948,124.154,FOCUSED,100.0,0.286,0.408,0.0,0,0,0.0,0
09:31:10.050,124.256,FOCUSED,100.0,0.29,0.405,0.0,0,0,0.0,0
09:31:10.144,124.349,FOCUSED,100.0,0.292,0.405,0.0,0,0,0.0,0
09:31:10.258,124.463,FOCUSED,100.0,0.271,0.406,0.0,0,0,0.0,0
09:31:10.365,124.57,FOCUSED,100.0,0.286,0.408,0.0,0,0,0.0,0
09:31:10.473,124.678,FOCUSED,100.0,0.277,0.408,0.0,0,0,0.0,0
09:31:10.570,124.776,FOCUSED,100.0,0.273,0.409,0.0,0,0,0.0,0
09:31:10.666,124.871,FOCUSED,100.0,0.279,0.412,0.0,0,0,0.0,0
09:31:10.797,125.002,FOCUSED,100.0,0.28,0.411,0.0,0,0,0.0,0
09:31:10.908,125.113,FOCUSED,100.0,0.283,0.41,0.0,0,0,0.0,0
09:31:11.003,125.208,FOCUSED,100.0,0.286,0.409,0.0,0,0,0.0,0
09:31:11.110,125.315,FOCUSED,100.0,0.287,0.41,0.0,0,0,0.0,0
09:31:11.200,125.406,FOCUSED,100.0,0.286,0.409,0.0,0,0,0.0,0
09:31:11.302,125.507,FOCUSED,100.0,0.29,0.41,0.0,0,0,0.0,0
09:31:11.403,125.608,FOCUSED,100.0,0.286,0.411,0.0,0,0,0.0,0
09:31:11.515,125.721,FOCUSED,100.0,0.286,0.409,0.0,0,0,0.0,0
09:31:11.609,125.814,FOCUSED,100.0,0.285,0.411,0.0,0,0,0.0,0
09:31:11.705,125.911,FOCUSED,100.0,0.279,0.415,0.0,0,0,0.0,0
09:31:11.810,126.015,FOCUSED,100.0,0.283,0.414,0.0,0,0,0.0,0
09:31:11.926,126.132,FOCUSED,100.0,0.284,0.415,0.0,0,0,0.0,0
09:31:12.029,126.234,FOCUSED,100.0,0.287,0.414,0.0,0,0,0.0,0
09:31:12.121,126.327,FOCUSED,100.0,0.29,0.416,0.0,0,0,0.0,0
09:31:12.222,126.427,FOCUSED,100.0,0.303,0.417,0.0,0,0,0.0,0
09:31:12.334,126.539,FOCUSED,100.0,0.297,0.417,0.0,0,0,0.0,0
09:31:12.456,126.661,FOCUSED,100.0,0.27,0.417,0.0,0,0,0.0,0
09:31:12.572,126.777,FOCUSED,100.0,0.324,0.42,0.0,0,0,0.0,0
09:31:12.682,126.887,FOCUSED,100.0,0.342,0.429,0.0,0,0,0.0,0
09:31:12.782,126.987,FOCUSED,100.0,0.364,0.429,0.0,0,0,0.0,0
09:31:12.898,127.103,FOCUSED,100.0,0.189,0.412,0.0,0,0,0.0,0
09:31:13.006,127.212,FOCUSED,100.0,0.312,0.429,0.0,0,0,0.0,0
09:31:13.111,127.316,FOCUSED,100.0,0.342,0.428,0.0,0,0,0.0,0
09:31:13.216,127.422,FOCUSED,100.0,0.342,0.433,0.0,0,0,0.0,0
09:31:13.323,127.529,FOCUSED,100.0,0.344,0.432,0.0,0,0,0.0,0
09:31:13.430,127.635,FOCUSED,100.0,0.339,0.43,0.0,0,0,0.0,0
09:31:13.525,127.73,FOCUSED,100.0,0.333,0.432,0.0,0,0,0.0,0
09:31:13.627,127.832,FOCUSED,100.0,0.345,0.431,0.0,0,0,0.0,0
09:31:13.736,127.941,FOCUSED,100.0,0.351,0.431,0.0,0,0,0.0,0
09:31:13.838,128.044,FOCUSED,100.0,0.338,0.43,0.0,0,0,0.0,0
09:31:13.948,128.153,FOCUSED,100.0,0.349,0.43,0.0,0,0,0.0,0
09:31:14.063,128.268,FOCUSED,100.0,0.351,0.433,0.0,0,0,0.0,0
09:31:14.169,128.374,FOCUSED,100.0,0.367,0.433,0.0,0,0,0.0,0
09:31:14.278,128.483,FOCUSED,100.0,0.371,0.433,0.0,0,0,0.0,0
09:31:14.383,128.588,FOCUSED,100.0,0.355,0.435,0.0,0,0,0.0,0
09:31:14.510,128.715,FOCUSED,100.0,0.345,0.437,0.0,0,0,0.0,0
09:31:14.630,128.835,FOCUSED,100.0,0.362,0.436,0.0,0,0,0.0,0
09:31:14.732,128.937,FOCUSED,100.0,0.347,0.434,0.0,0,0,0.0,0
09:31:14.838,129.043,FOCUSED,100.0,0.351,0.434,0.0,0,0,0.0,0
09:31:14.958,129.163,FOCUSED,100.0,0.354,0.435,0.0,0,0,0.0,0
09:31:15.075,129.281,FOCUSED,100.0,0.358,0.435,0.0,0,0,0.0,0
09:31:15.172,129.377,FOCUSED,100.0,0.36,0.432,0.0,0,0,0.0,0
09:31:15.280,129.485,FOCUSED,100.0,0.35,0.433,0.0,0,0,0.0,0
09:31:15.375,129.58,FOCUSED,100.0,0.355,0.434,0.0,0,0,0.0,0
09:31:15.473,129.678,FOCUSED,100.0,0.358,0.436,0.0,0,0,0.0,0
09:31:15.582,129.787,FOCUSED,100.0,0.365,0.435,0.0,0,0,0.0,0
09:31:15.700,129.905,FOCUSED,100.0,0.363,0.435,0.0,0,0,0.0,0
09:31:15.812,130.018,FOCUSED,100.0,0.345,0.434,0.0,0,0,0.0,0
09:31:15.934,130.139,FOCUSED,100.0,0.342,0.43,0.0,0,0,0.0,0
09:31:16.052,130.258,FOCUSED,100.0,0.345,0.431,0.0,0,0,0.0,0
09:31:16.155,130.361,FOCUSED,100.0,0.349,0.432,0.0,0,0,0.0,0
09:31:16.275,130.48,FOCUSED,100.0,0.352,0.431,0.0,0,0,0.0,0
09:31:16.373,130.578,FOCUSED,100.0,0.353,0.432,0.0,0,0,0.0,0
09:31:16.473,130.678,FOCUSED,100.0,0.358,0.432,0.0,0,0,0.0,0
09:31:16.579,130.784,FOCUSED,100.0,0.357,0.43,0.0,0,0,0.0,0
09:31:16.696,130.902,FOCUSED,100.0,0.362,0.432,0.0,0,0,0.0,0
09:31:16.820,131.025,FOCUSED,100.0,0.277,0.425,0.0,0,0,0.0,0
09:31:16.928,131.133,FOCUSED,100.0,0.12,0.415,0.0,0,0,0.6,0
09:31:17.045,131.25,FOCUSED,100.0,0.254,0.409,0.0,0,0,0.0,0
09:31:17.144,131.349,FOCUSED,100.0,0.259,0.41,0.0,0,0,0.0,0
09:31:17.240,131.445,FOCUSED,100.0,0.271,0.407,0.0,0,0,0.0,0
09:31:17.339,131.544,FOCUSED,100.0,0.274,0.408,0.0,0,0,0.0,0
09:31:17.437,131.642,FOCUSED,100.0,0.277,0.41,0.0,0,0,0.0,0
09:31:17.543,131.748,FOCUSED,100.0,0.295,0.415,0.0,0,0,0.0,0
09:31:17.643,131.849,FOCUSED,100.0,0.288,0.414,0.0,0,0,0.0,0
09:31:17.756,131.961,FOCUSED,100.0,0.292,0.414,0.0,0,0,0.0,0
09:31:17.855,132.06,FOCUSED,100.0,0.298,0.413,0.0,0,0,0.0,0
09:31:17.966,132.171,FOCUSED,100.0,0.294,0.413,0.0,0,0,0.0,0
09:31:18.059,132.264,FOCUSED,100.0,0.3,0.416,0.0,0,0,0.0,0
09:31:18.178,132.383,FOCUSED,100.0,0.301,0.416,0.0,0,0,0.0,0
09:31:18.288,132.494,FOCUSED,100.0,0.294,0.414,0.0,0,0,0.0,0
09:31:18.389,132.595,FOCUSED,100.0,0.299,0.419,0.0,0,0,0.0,0
09:31:18.499,132.704,FOCUSED,100.0,0.295,0.418,0.0,0,0,0.0,0
09:31:18.621,132.826,FOCUSED,100.0,0.299,0.42,0.0,0,0,0.0,0
09:31:18.740,132.945,FOCUSED,100.0,0.304,0.42,0.0,0,0,0.0,0
09:31:18.849,133.054,FOCUSED,100.0,0.314,0.42,0.0,0,0,0.0,0
09:31:18.975,133.18,FOCUSED,100.0,0.311,0.42,0.0,0,0,0.0,0
09:31:19.083,133.289,FOCUSED,100.0,0.31,0.418,0.0,0,0,0.0,0
09:31:19.183,133.388,FOCUSED,100.0,0.309,0.421,0.0,0,0,0.0,0
09:31:19.280,133.486,FOCUSED,100.0,0.316,0.419,0.0,0,0,0.0,0
09:31:19.382,133.587,FOCUSED,100.0,0.31,0.42,0.0,0,0,0.0,0
09:31:19.492,133.698,FOCUSED,100.0,0.302,0.421,0.0,0,0,0.0,0
09:31:19.600,133.805,FOCUSED,100.0,0.314,0.421,0.0,0,0,0.0,0
09:31:19.701,133.907,FOCUSED,100.0,0.312,0.421,0.0,0,0,0.0,0
09:31:19.840,134.045,FOCUSED,100.0,0.315,0.421,0.0,0,0,0.0,0
09:31:19.965,134.17,FOCUSED,100.0,0.31,0.419,0.0,0,0,0.0,0
09:31:20.077,134.282,FOCUSED,100.0,0.316,0.419,0.0,0,0,0.0,0
09:31:20.198,134.403,FOCUSED,100.0,0.314,0.418,0.0,0,0,0.0,0
09:31:20.318,134.523,FOCUSED,100.0,0.316,0.42,0.0,0,0,0.0,0
09:31:20.427,134.632,FOCUSED,100.0,0.315,0.417,0.0,0,0,0.0,0
09:31:20.516,134.721,FOCUSED,100.0,0.324,0.419,0.0,0,0,0.0,0
09:31:20.646,134.852,FOCUSED,100.0,0.322,0.419,0.0,0,0,0.0,0
09:31:20.754,134.96,FOCUSED,100.0,0.325,0.418,0.0,0,0,0.0,0
09:31:20.875,135.08,FOCUSED,100.0,0.321,0.419,0.0,0,0,0.0,0
09:31:20.977,135.182,FOCUSED,100.0,0.327,0.42,0.0,0,0,0.0,0
09:31:21.079,135.284,FOCUSED,100.0,0.32,0.416,0.0,0,0,0.0,0
09:31:21.181,135.386,FOCUSED,100.0,0.31,0.412,0.0,0,0,0.0,0
09:31:21.285,135.49,FOCUSED,100.0,0.304,0.409,0.0,0,0,0.0,0
09:31:21.377,135.584,FOCUSED,100.0,0.313,0.409,0.0,0,0,0.0,0
09:31:21.475,135.68,FOCUSED,100.0,0.312,0.41,0.0,0,0,0.0,0
09:31:21.574,135.779,FOCUSED,100.0,0.308,0.411,0.0,0,0,0.0,0
09:31:21.677,135.882,FOCUSED,100.0,0.31,0.41,0.0,0,0,0.0,0
09:31:21.795,136.0,FOCUSED,100.0,0.316,0.411,0.0,0,0,0.0,0
09:31:21.898,136.103,FOCUSED,100.0,0.317,0.411,0.0,0,0,0.0,0
09:31:21.992,136.197,FOCUSED,100.0,0.318,0.411,0.0,0,0,0.0,0
09:31:22.106,136.311,FOCUSED,100.0,0.308,0.409,0.0,0,0,0.0,0
09:31:22.203,136.41,FOCUSED,100.0,0.316,0.408,0.0,0,0,0.0,0
09:31:22.306,136.511,FOCUSED,100.0,0.298,0.405,0.0,0,0,0.0,0
09:31:22.405,136.61,FOCUSED,100.0,0.309,0.405,0.0,0,0,0.0,0
09:31:22.521,136.726,FOCUSED,100.0,0.298,0.406,0.0,0,0,0.0,0
09:31:22.623,136.828,FOCUSED,100.0,0.305,0.406,0.0,0,0,0.0,0
09:31:22.722,136.927,FOCUSED,100.0,0.312,0.409,0.0,0,0,0.0,0
09:31:22.828,137.034,FOCUSED,100.0,0.307,0.409,0.0,0,0,0.0,0
09:31:22.936,137.141,FOCUSED,100.0,0.31,0.409,0.0,0,0,0.0,0
09:31:23.038,137.243,FOCUSED,100.0,0.305,0.409,0.0,0,0,0.0,0
09:31:23.140,137.345,FOCUSED,100.0,0.314,0.411,0.0,0,0,0.0,0
09:31:23.249,137.455,FOCUSED,100.0,0.306,0.415,0.0,0,0,0.0,0
09:31:23.357,137.562,FOCUSED,100.0,0.303,0.415,0.0,0,0,0.0,0
09:31:23.465,137.67,FOCUSED,100.0,0.295,0.412,0.0,0,0,0.0,0
09:31:23.574,137.779,FOCUSED,100.0,0.292,0.411,0.0,0,0,0.0,0
09:31:23.677,137.882,FOCUSED,100.0,0.292,0.411,0.0,0,0,0.0,0
09:31:23.815,138.021,FOCUSED,100.0,0.3,0.413,0.0,0,0,0.0,0
09:31:23.917,138.122,FOCUSED,100.0,0.297,0.412,0.0,0,0,0.0,0
09:31:24.030,138.235,FOCUSED,100.0,0.303,0.41,0.0,0,0,0.0,0
09:31:24.121,138.326,FOCUSED,100.0,0.301,0.411,0.0,0,0,0.0,0
09:31:24.219,138.424,FOCUSED,100.0,0.303,0.415,0.0,0,0,0.0,0
09:31:24.328,138.533,FOCUSED,100.0,0.304,0.418,0.0,0,0,0.0,0
09:31:24.438,138.643,FOCUSED,100.0,0.336,0.426,0.0,0,0,0.0,0
09:31:24.541,138.747,FOCUSED,100.0,0.323,0.426,0.0,0,0,0.0,0
09:31:24.639,138.844,FOCUSED,100.0,0.32,0.422,0.0,0,0,0.0,0
09:31:24.750,138.955,FOCUSED,100.0,0.248,0.413,0.0,0,0,0.0,0
09:31:24.836,139.041,FOCUSED,100.0,0.276,0.411,0.0,0,0,0.0,0
09:31:24.935,139.141,FOCUSED,100.0,0.28,0.411,0.0,0,0,0.0,0
09:31:25.032,139.238,FOCUSED,100.0,0.277,0.41,0.0,0,0,0.0,0
09:31:25.124,139.329,FOCUSED,100.0,0.285,0.411,0.0,0,0,0.0,0
09:31:25.232,139.437,FOCUSED,100.0,0.28,0.406,0.0,0,0,0.0,0
09:31:25.336,139.542,FOCUSED,100.0,0.289,0.409,0.0,0,0,0.0,0
09:31:25.430,139.635,FOCUSED,100.0,0.289,0.409,0.0,0,0,0.0,0
09:31:25.552,139.757,FOCUSED,100.0,0.294,0.411,0.0,0,0,0.0,0
09:31:25.647,139.852,FOCUSED,100.0,0.299,0.412,0.0,0,0,0.0,0
09:31:25.754,139.959,FOCUSED,100.0,0.297,0.412,0.0,0,0,0.0,0
09:31:25.864,140.069,FOCUSED,100.0,0.296,0.412,0.0,0,0,0.0,0
09:31:25.962,140.168,FOCUSED,100.0,0.292,0.41,0.0,0,0,0.0,0
09:31:26.054,140.259,FOCUSED,100.0,0.293,0.412,0.0,0,0,0.0,0
09:31:26.145,140.35,FOCUSED,100.0,0.298,0.41,0.0,0,0,0.0,0
09:31:26.245,140.45,FOCUSED,100.0,0.298,0.41,0.0,0,0,0.0,0
09:31:26.342,140.547,FOCUSED,100.0,0.299,0.412,0.0,0,0,0.0,0
09:31:26.427,140.632,FOCUSED,100.0,0.296,0.411,0.0,0,0,0.0,0
09:31:26.505,140.71,FOCUSED,100.0,0.3,0.412,0.0,0,0,0.0,0
09:31:26.587,140.792,FOCUSED,100.0,0.304,0.416,0.0,0,0,0.0,0
09:31:26.663,140.868,FOCUSED,100.0,0.308,0.415,0.0,0,0,0.0,0
09:31:26.747,140.952,FOCUSED,100.0,0.309,0.418,0.0,0,0,0.0,0
09:31:26.827,141.032,FOCUSED,100.0,0.306,0.417,0.0,0,0,0.0,0
09:31:26.901,141.106,FOCUSED,100.0,0.26,0.415,0.0,0,0,0.0,0
09:31:26.976,141.182,FOCUSED,100.0,0.168,0.409,0.0,0,0,0.6,0
09:31:27.059,141.264,FOCUSED,100.0,0.296,0.424,0.0,0,0,0.0,0
09:31:27.141,141.346,FOCUSED,100.0,0.324,0.422,0.0,0,0,0.0,0
09:31:27.213,141.418,FOCUSED,100.0,0.332,0.425,0.0,0,0,0.0,0
09:31:27.308,141.514,FOCUSED,100.0,0.334,0.422,0.0,0,0,0.0,0
09:31:27.393,141.598,FOCUSED,100.0,0.342,0.418,0.0,0,0,0.0,0
09:31:27.466,141.672,FOCUSED,100.0,0.334,0.413,0.0,0,0,0.0,0
09:31:27.539,141.745,FOCUSED,100.0,0.333,0.416,0.0,0,0,0.0,0
09:31:27.617,141.822,FOCUSED,100.0,0.339,0.408,0.0,0,0,0.0,0
09:31:27.715,141.92,FOCUSED,100.0,0.333,0.408,0.0,0,0,0.0,0
09:31:27.800,142.005,FOCUSED,100.0,0.339,0.406,0.0,0,0,0.0,0
09:31:27.913,142.118,FOCUSED,100.0,0.331,0.407,0.0,0,0,0.0,0
09:31:28.013,142.219,FOCUSED,100.0,0.329,0.412,0.303,1,0,0.0,0
09:31:28.085,142.29,FOCUSED,100.0,0.322,0.412,0.0,0,0,0.0,0
09:31:28.170,142.375,FOCUSED,100.0,0.325,0.43,0.0,0,0,0.0,0
09:31:28.254,142.459,FOCUSED,100.0,0.323,0.43,0.0,0,0,0.0,0
09:31:28.344,142.549,FOCUSED,100.0,0.321,0.437,0.0,0,0,0.0,0
09:31:28.436,142.641,FOCUSED,100.0,0.313,0.44,0.0,0,0,0.0,0
09:31:28.539,142.744,FOCUSED,100.0,0.313,0.445,0.0,0,0,0.0,0
09:31:28.644,142.849,FOCUSED,100.0,0.326,0.433,0.0,0,0,0.0,0
09:31:28.760,142.965,FOCUSED,100.0,0.323,0.435,0.0,0,0,0.0,0
09:31:28.856,143.061,FOCUSED,100.0,0.324,0.426,0.0,0,0,0.0,0
09:31:28.949,143.154,FOCUSED,100.0,0.331,0.426,0.0,0,0,0.0,0
09:31:29.074,143.279,FOCUSED,100.0,0.332,0.436,0.0,0,0,0.0,0
09:31:29.216,143.422,FOCUSED,100.0,0.324,0.443,0.0,0,0,0.0,0
09:31:29.318,143.523,FOCUSED,100.0,0.326,0.45,0.0,0,0,0.0,0
09:31:29.423,143.629,FOCUSED,100.0,0.336,0.445,0.0,0,0,0.0,0
09:31:29.521,143.727,FOCUSED,100.0,0.33,0.445,0.0,0,0,0.0,0
09:31:29.624,143.829,FOCUSED,100.0,0.337,0.439,0.0,0,0,0.0,0
09:31:29.715,143.921,FOCUSED,100.0,0.343,0.433,0.0,0,0,0.0,0
09:31:29.807,144.013,FOCUSED,100.0,0.316,0.43,0.0,0,0,0.0,0
09:31:29.899,144.104,FOCUSED,100.0,0.319,0.415,0.0,0,0,0.0,0
09:31:29.982,144.187,FOCUSED,100.0,0.319,0.406,0.0,0,0,0.0,0
09:31:30.092,144.297,FOCUSED,100.0,0.349,0.397,0.0,0,0,0.0,0
09:31:30.184,144.389,FOCUSED,100.0,0.348,0.393,0.0,0,0,0.0,0
09:31:30.274,144.479,FOCUSED,100.0,0.337,0.396,0.0,0,0,0.0,0
09:31:30.365,144.57,FOCUSED,100.0,0.325,0.387,0.0,0,0,0.0,0
09:31:30.457,144.663,FOCUSED,100.0,0.338,0.378,0.0,0,0,0.0,0
09:31:30.550,144.755,FOCUSED,100.0,0.336,0.366,0.0,0,0,0.0,0
09:31:30.639,144.845,FOCUSED,100.0,0.347,0.352,0.0,0,0,0.0,0
09:31:30.741,144.946,FOCUSED,100.0,0.331,0.351,0.0,0,0,0.0,0
09:31:30.804,145.01,FOCUSED,100.0,0.338,0.352,0.0,0,0,0.0,0
09:31:30.874,145.08,FOCUSED,100.0,0.324,0.36,0.0,0,0,0.0,0
09:31:30.958,145.164,FOCUSED,100.0,0.337,0.364,0.0,0,0,0.0,0
09:31:31.067,145.273,FOCUSED,100.0,0.341,0.37,0.0,0,0,0.0,0
09:31:31.139,145.344,FOCUSED,100.0,0.322,0.371,0.0,0,0,0.0,0
09:31:31.230,145.435,FOCUSED,100.0,0.336,0.373,0.0,0,0,0.0,0
09:31:31.330,145.536,FOCUSED,100.0,0.331,0.373,0.0,0,0,0.0,0
09:31:31.423,145.628,FOCUSED,100.0,0.327,0.373,0.0,0,0,0.0,0
09:31:31.512,145.717,FOCUSED,100.0,0.08,0.344,0.0,0,0,0.6,0
09:31:31.592,145.797,FOCUSED,100.0,0.029,0.339,0.0,0,0,0.6,0
09:31:31.681,145.886,FOCUSED,100.0,0.253,0.349,0.0,0,0,0.0,0
09:31:31.788,145.993,FOCUSED,100.0,0.31,0.352,0.0,0,0,0.0,0
09:31:31.877,146.082,FOCUSED,100.0,0.319,0.359,0.0,0,0,0.0,0
09:31:31.962,146.167,FOCUSED,100.0,0.339,0.366,0.0,0,0,0.0,0
09:31:32.038,146.243,FOCUSED,100.0,0.318,0.359,0.0,0,0,0.0,0
09:31:32.113,146.318,FOCUSED,100.0,0.314,0.359,0.0,0,0,0.0,0
09:31:32.187,146.392,FOCUSED,100.0,0.31,0.363,0.0,0,0,0.0,0
09:31:32.260,146.465,FOCUSED,100.0,0.3,0.369,0.0,0,0,0.0,0
09:31:32.341,146.547,FOCUSED,100.0,0.302,0.361,0.0,0,0,0.0,0
09:31:32.416,146.621,FOCUSED,100.0,0.3,0.36,0.0,0,0,0.0,0
09:31:32.498,146.703,FOCUSED,100.0,0.305,0.361,0.0,0,0,0.0,0
09:31:32.586,146.791,FOCUSED,100.0,0.298,0.362,0.0,0,0,0.0,0
09:31:32.677,146.883,FOCUSED,100.0,0.291,0.362,0.0,0,0,0.0,0
09:31:32.756,146.961,FOCUSED,100.0,0.299,0.368,0.0,0,0,0.0,0
09:31:32.835,147.04,FOCUSED,100.0,0.256,0.367,0.0,0,0,0.0,0
09:31:32.913,147.118,FOCUSED,100.0,0.034,0.356,0.0,0,0,0.6,0
09:31:32.992,147.198,FOCUSED,100.0,0.052,0.361,0.0,0,0,0.6,0
09:31:33.070,147.275,FOCUSED,100.0,0.205,0.372,0.0,0,0,0.0,0
09:31:33.149,147.354,FOCUSED,100.0,0.256,0.377,0.0,0,0,0.0,0
09:31:33.221,147.426,FOCUSED,100.0,0.284,0.373,0.0,0,0,0.0,0
09:31:33.311,147.517,FOCUSED,100.0,0.295,0.374,0.0,0,0,0.0,0
09:31:33.390,147.595,FOCUSED,100.0,0.303,0.375,0.0,0,0,0.0,0
09:31:33.471,147.676,FOCUSED,100.0,0.293,0.375,0.0,0,0,0.0,0
09:31:33.556,147.762,FOCUSED,100.0,0.296,0.373,0.0,0,0,0.0,0
09:31:33.639,147.844,FOCUSED,100.0,0.304,0.375,0.0,0,0,0.0,0
09:31:33.731,147.936,FOCUSED,100.0,0.304,0.379,0.0,0,0,0.0,0
09:31:33.828,148.033,FOCUSED,100.0,0.302,0.381,0.0,0,0,0.0,0
09:31:33.917,148.122,FOCUSED,100.0,0.288,0.377,0.0,0,0,0.0,0
09:31:34.007,148.212,FOCUSED,100.0,0.281,0.377,0.0,0,0,0.0,0
09:31:34.093,148.299,FOCUSED,100.0,0.283,0.381,0.0,0,0,0.0,0
09:31:34.185,148.39,FOCUSED,100.0,0.28,0.383,0.0,0,0,0.0,0
09:31:34.278,148.483,FOCUSED,100.0,0.276,0.382,0.0,0,0,0.0,0
09:31:34.371,148.576,FOCUSED,100.0,0.28,0.383,0.0,0,0,0.0,0
09:31:34.453,148.658,FOCUSED,100.0,0.281,0.381,0.0,0,0,0.0,0
09:31:34.533,148.738,FOCUSED,100.0,0.279,0.38,0.0,0,0,0.0,0
09:31:34.619,148.824,FOCUSED,100.0,0.278,0.38,0.0,0,0,0.0,0
09:31:34.694,148.899,FOCUSED,100.0,0.275,0.379,0.0,0,0,0.0,0
09:31:34.778,148.983,FOCUSED,100.0,0.265,0.376,0.0,0,0,0.0,0
09:31:34.870,149.076,FOCUSED,100.0,0.266,0.377,0.0,0,0,0.0,0
09:31:34.960,149.165,FOCUSED,100.0,0.26,0.377,0.0,0,0,0.0,0
09:31:35.048,149.253,FOCUSED,100.0,0.259,0.379,0.0,0,0,0.0,0
09:31:35.163,149.368,FOCUSED,100.0,0.26,0.379,0.0,0,0,0.0,0
09:31:35.260,149.465,FOCUSED,100.0,0.26,0.382,0.0,0,0,0.0,0
09:31:35.357,149.562,FOCUSED,100.0,0.265,0.378,0.0,0,0,0.0,0
09:31:35.446,149.651,FOCUSED,100.0,0.258,0.377,0.0,0,0,0.0,0
09:31:35.537,149.742,FOCUSED,100.0,0.255,0.379,0.0,0,0,0.0,0
09:31:35.622,149.827,FOCUSED,100.0,0.258,0.374,0.0,0,0,0.0,0
09:31:35.719,149.924,FOCUSED,100.0,0.257,0.375,0.0,0,0,0.0,0
09:31:35.828,150.033,FOCUSED,100.0,0.264,0.376,0.0,0,0,0.0,0
09:31:35.946,150.152,FOCUSED,100.0,0.282,0.38,0.0,0,0,0.0,0
09:31:36.066,150.271,FOCUSED,100.0,0.274,0.386,0.0,0,0,0.0,0
09:31:36.171,150.376,FOCUSED,100.0,0.29,0.39,0.0,0,0,0.0,0
09:31:36.271,150.476,FOCUSED,100.0,0.298,0.39,0.0,0,0,0.0,0
09:31:36.358,150.563,FOCUSED,100.0,0.307,0.395,0.0,0,0,0.0,0
09:31:36.473,150.678,FOCUSED,100.0,0.291,0.391,0.0,0,0,0.0,0
09:31:36.600,150.805,FOCUSED,100.0,0.287,0.392,0.0,0,0,0.0,0
09:31:36.714,150.92,FOCUSED,100.0,0.296,0.394,0.0,0,0,0.0,0
09:31:36.842,151.048,FOCUSED,100.0,0.294,0.393,0.0,0,0,0.0,0
09:31:36.946,151.151,FOCUSED,100.0,0.291,0.387,0.0,0,0,0.0,0
09:31:37.055,151.26,FOCUSED,100.0,0.28,0.388,0.0,0,0,0.0,0
09:31:37.190,151.395,FOCUSED,100.0,0.282,0.389,0.0,0,0,0.0,0
09:31:37.313,151.519,FOCUSED,100.0,0.281,0.389,0.0,0,0,0.0,0
09:31:37.429,151.634,FOCUSED,100.0,0.286,0.389,0.0,0,0,0.0,0
09:31:37.536,151.741,FOCUSED,100.0,0.283,0.388,0.0,0,0,0.0,0
09:31:37.634,151.839,FOCUSED,100.0,0.278,0.39,0.0,0,0,0.0,0
09:31:37.748,151.953,FOCUSED,100.0,0.278,0.389,0.0,0,0,0.0,0
09:31:37.873,152.078,FOCUSED,100.0,0.28,0.389,0.0,0,0,0.0,0
09:31:37.991,152.196,FOCUSED,100.0,0.275,0.386,0.0,0,0,0.0,0
09:31:38.103,152.308,FOCUSED,100.0,0.282,0.39,0.0,0,0,0.0,0
09:31:38.222,152.427,FOCUSED,100.0,0.266,0.388,0.0,0,0,0.0,0
09:31:38.318,152.523,FOCUSED,100.0,0.281,0.39,0.0,0,0,0.0,0
09:31:38.441,152.646,FOCUSED,100.0,0.267,0.388,0.0,0,0,0.0,0
09:31:38.570,152.775,FOCUSED,100.0,0.272,0.387,0.0,0,0,0.0,0
09:31:38.697,152.902,FOCUSED,100.0,0.271,0.39,0.0,0,0,0.0,0
09:31:38.824,153.029,FOCUSED,100.0,0.271,0.39,0.0,0,0,0.0,0
09:31:38.948,153.154,FOCUSED,100.0,0.268,0.388,0.0,0,0,0.0,0
09:31:39.068,153.273,FOCUSED,100.0,0.273,0.39,0.0,0,0,0.0,0
09:31:39.199,153.404,FOCUSED,100.0,0.272,0.388,0.0,0,0,0.0,0
09:31:39.331,153.537,FOCUSED,100.0,0.27,0.389,0.0,0,0,0.0,0
09:31:39.454,153.66,FOCUSED,100.0,0.272,0.39,0.0,0,0,0.0,0
09:31:39.586,153.791,FOCUSED,100.0,0.267,0.387,0.0,0,0,0.0,0
09:31:39.707,153.913,FOCUSED,100.0,0.265,0.385,0.0,0,0,0.0,0
09:31:39.811,154.017,FOCUSED,100.0,0.266,0.385,0.0,0,0,0.0,0
09:31:39.909,154.114,FOCUSED,100.0,0.266,0.386,0.0,0,0,0.0,0
09:31:40.005,154.211,FOCUSED,100.0,0.265,0.385,0.0,0,0,0.0,0
09:31:40.131,154.336,FOCUSED,100.0,0.264,0.383,0.0,0,0,0.0,0
09:31:40.234,154.44,FOCUSED,100.0,0.268,0.385,0.0,0,0,0.0,0
09:31:40.351,154.556,FOCUSED,100.0,0.27,0.384,0.0,0,0,0.0,0
09:31:40.452,154.658,FOCUSED,100.0,0.271,0.38,0.0,0,0,0.0,0
09:31:40.546,154.752,FOCUSED,100.0,0.266,0.381,0.0,0,0,0.0,0
09:31:40.657,154.862,FOCUSED,100.0,0.266,0.383,0.0,0,0,0.0,0
09:31:40.766,154.971,FOCUSED,100.0,0.283,0.386,0.0,0,0,0.0,0
09:31:40.900,155.105,FOCUSED,100.0,0.28,0.386,0.0,0,0,0.0,0
09:31:41.008,155.213,FOCUSED,100.0,0.285,0.386,0.0,0,0,0.0,0
09:31:41.133,155.338,FOCUSED,100.0,0.292,0.384,0.0,0,0,0.0,0
09:31:41.256,155.461,FOCUSED,100.0,0.295,0.382,0.0,0,0,0.0,0
09:31:41.376,155.581,FOCUSED,100.0,0.287,0.385,0.0,0,0,0.0,0
09:31:41.480,155.685,FOCUSED,100.0,0.305,0.386,0.0,0,0,0.0,0
09:31:41.613,155.819,FOCUSED,100.0,0.303,0.384,0.0,0,0,0.0,0
09:31:41.726,155.931,FOCUSED,100.0,0.306,0.382,0.0,0,0,0.0,0
09:31:41.831,156.036,FOCUSED,100.0,0.304,0.382,0.0,0,0,0.0,0
09:31:41.935,156.14,FOCUSED,100.0,0.297,0.378,0.0,0,0,0.0,0
09:31:42.045,156.251,FOCUSED,100.0,0.289,0.38,0.0,0,0,0.0,0
09:31:42.172,156.377,FOCUSED,100.0,0.029,0.35,0.0,0,0,0.6,0
09:31:42.285,156.49,FOCUSED,100.0,0.243,0.354,0.0,0,0,0.0,0
09:31:42.389,156.594,FOCUSED,100.0,0.278,0.34,0.0,0,0,0.0,0
09:31:42.497,156.702,FOCUSED,100.0,0.294,0.328,0.0,0,0,0.0,0
09:31:42.603,156.808,FOCUSED,100.0,0.305,0.318,0.0,0,0,0.0,0
09:31:42.744,156.949,FOCUSED,100.0,0.278,0.308,0.0,0,0,0.0,0
09:31:42.895,157.1,FOCUSED,100.0,0.302,0.318,0.0,0,0,0.0,0
09:31:43.050,157.256,FOCUSED,100.0,0.302,0.327,0.0,0,0,0.0,0
09:31:43.136,157.342,FOCUSED,100.0,0.314,0.329,0.0,0,0,0.0,0
09:31:43.252,157.458,FOCUSED,100.0,0.328,0.338,0.0,0,0,0.0,0
09:31:43.396,157.602,FOCUSED,100.0,0.32,0.344,0.0,0,0,0.0,0
09:31:43.517,157.722,FOCUSED,100.0,0.339,0.359,0.0,0,0,0.0,0
09:31:43.638,157.843,FOCUSED,100.0,0.342,0.368,0.0,0,0,0.0,0
09:31:43.853,158.059,FOCUSED,100.0,0.342,0.369,0.0,0,0,0.0,0
09:31:44.007,158.212,FOCUSED,100.0,0.337,0.371,0.0,0,0,0.0,0
09:31:44.156,158.361,FOCUSED,100.0,0.336,0.377,0.0,0,0,0.0,0
09:31:44.286,158.491,FOCUSED,100.0,0.33,0.384,0.0,0,0,0.0,0
09:31:44.445,158.651,FOCUSED,100.0,0.319,0.391,0.0,0,0,0.0,0
09:31:44.605,158.811,FOCUSED,100.0,0.32,0.396,0.0,0,0,0.0,0
09:31:44.741,158.946,FOCUSED,100.0,0.322,0.395,0.0,0,0,0.0,0
09:31:44.847,159.052,FOCUSED,100.0,0.311,0.384,0.0,0,0,0.0,0
09:31:44.947,159.152,FOCUSED,100.0,0.303,0.384,0.0,0,0,0.0,0
09:31:45.046,159.251,FOCUSED,100.0,0.307,0.386,0.0,0,0,0.0,0
09:31:45.170,159.375,FOCUSED,100.0,0.306,0.385,0.0,0,0,0.0,0
09:31:45.270,159.475,FOCUSED,100.0,0.316,0.381,0.0,0,0,0.0,0
09:31:45.377,159.582,FOCUSED,100.0,0.318,0.382,0.0,0,0,0.0,0
09:31:45.478,159.683,FOCUSED,100.0,0.32,0.378,0.0,0,0,0.0,0
09:31:45.595,159.8,FOCUSED,100.0,0.317,0.38,0.0,0,0,0.0,0
09:31:45.709,159.914,FOCUSED,100.0,0.321,0.373,0.0,0,0,0.0,0
09:31:45.809,160.014,FOCUSED,100.0,0.31,0.363,0.0,0,0,0.0,0
09:31:45.910,160.115,FOCUSED,100.0,0.309,0.344,0.0,0,0,0.0,0
09:31:46.053,160.258,FOCUSED,100.0,0.312,0.313,0.0,0,0,0.0,0
09:31:46.197,160.403,FOCUSED,100.0,0.293,0.291,0.0,0,0,0.0,0
09:31:46.340,160.545,FOCUSED,100.0,0.244,0.237,0.255,1,0,0.0,0
09:31:46.444,160.649,FOCUSED,100.0,0.332,0.29,0.773,1,0,0.0,0
09:31:46.609,160.814,FOCUSED,100.0,0.325,0.206,0.657,1,0,0.0,0
09:31:46.731,160.936,FOCUSED,100.0,0.321,0.169,0.0,0,0,0.0,0
09:31:46.867,161.073,FOCUSED,100.0,0.285,0.071,0.0,0,0,0.0,0
09:31:47.018,161.224,FOCUSED,100.0,0.26,0.249,0.0,0,0,0.0,0
09:31:47.148,161.353,FOCUSED,100.0,0.282,0.323,0.0,0,0,0.0,0
09:31:47.274,161.479,FOCUSED,100.0,0.268,0.318,0.0,0,0,0.0,0
09:31:47.376,161.581,FOCUSED,100.0,0.252,0.238,0.0,0,0,0.0,0
09:31:47.471,161.676,FOCUSED,100.0,0.283,0.203,0.0,0,0,0.0,0
09:31:47.572,161.778,FOCUSED,100.0,0.281,0.197,0.0,0,0,0.0,0
09:31:47.673,161.878,FOCUSED,100.0,0.282,0.222,0.0,0,0,0.0,0
09:31:47.777,161.982,FOCUSED,100.0,0.291,0.246,0.0,0,0,0.0,0
09:31:47.874,162.079,FOCUSED,100.0,0.291,0.299,0.0,0,0,0.0,0
09:31:47.969,162.175,FOCUSED,100.0,0.266,0.39,0.0,0,0,0.0,0
09:31:48.090,162.295,FOCUSED,100.0,0.246,0.277,0.0,0,0,0.0,0
09:31:48.202,162.408,FOCUSED,100.0,0.182,0.249,0.0,0,0,0.0,0
09:31:48.317,162.522,FOCUSED,100.0,0.186,0.188,0.0,0,0,0.0,0
09:31:48.445,162.65,FOCUSED,100.0,0.227,0.065,0.0,0,0,0.0,0
09:31:48.593,162.798,FOCUSED,100.0,0.224,0.156,0.273,1,0,0.0,0
09:31:48.742,162.947,FOCUSED,100.0,0.191,0.27,0.0,0,0,0.0,0
09:31:48.883,163.088,FOCUSED,100.0,0.173,0.374,0.0,0,0,0.6,0
09:31:48.988,163.194,FOCUSED,100.0,0.179,0.437,0.0,0,0,0.6,0
09:31:49.104,163.309,FOCUSED,100.0,0.144,0.397,0.0,0,0,0.6,0
09:31:49.208,163.413,FOCUSED,100.0,0.084,0.396,0.0,0,0,0.6,0
09:31:49.306,163.512,FOCUSED,100.0,0.173,0.4,0.0,0,0,0.6,0
09:31:49.419,163.624,FOCUSED,100.0,0.157,0.391,0.0,0,0,0.6,0
09:31:49.531,163.736,FOCUSED,100.0,0.153,0.387,0.0,0,0,0.6,0
09:31:49.649,163.855,FOCUSED,100.0,0.146,0.388,0.0,0,0,0.6,0
09:31:49.759,163.964,FOCUSED,100.0,0.072,0.39,0.0,0,0,0.6,0
09:31:49.906,164.111,FOCUSED,100.0,0.258,0.398,0.0,0,0,0.0,0
09:31:50.014,164.22,FOCUSED,100.0,0.274,0.391,0.0,0,0,0.0,0
09:31:50.138,164.343,FOCUSED,100.0,0.266,0.363,0.0,0,0,0.0,0
09:31:50.245,164.45,FOCUSED,100.0,0.258,0.354,0.0,0,0,0.0,0
09:31:50.346,164.551,FOCUSED,100.0,0.265,0.342,0.0,0,0,0.0,0
09:31:50.449,164.654,FOCUSED,100.0,0.257,0.359,0.0,0,0,0.0,0
09:31:50.544,164.749,FOCUSED,100.0,0.266,0.364,0.0,0,0,0.0,0
09:31:50.652,164.857,FOCUSED,100.0,0.281,0.369,0.0,0,0,0.0,0
09:31:50.763,164.968,FOCUSED,100.0,0.271,0.371,0.0,0,0,0.0,0
09:31:50.885,165.09,FOCUSED,100.0,0.259,0.367,0.0,0,0,0.0,0
09:31:50.997,165.202,FOCUSED,100.0,0.261,0.378,0.0,0,0,0.0,0
09:31:51.110,165.316,FOCUSED,100.0,0.287,0.376,0.0,0,0,0.0,0
09:31:51.227,165.432,FOCUSED,100.0,0.272,0.37,0.0,0,0,0.0,0
09:31:51.336,165.541,FOCUSED,100.0,0.278,0.371,0.0,0,0,0.0,0
09:31:51.438,165.644,FOCUSED,100.0,0.282,0.369,0.0,0,0,0.0,0
09:31:51.543,165.749,FOCUSED,100.0,0.218,0.35,0.0,0,0,0.0,0
09:31:51.657,165.862,FOCUSED,100.0,0.196,0.36,0.0,0,0,0.0,0
09:31:51.754,165.959,FOCUSED,100.0,0.304,0.369,0.0,0,0,0.0,0
09:31:51.855,166.06,FOCUSED,100.0,0.333,0.362,0.0,0,0,0.0,0
09:31:51.975,166.181,FOCUSED,100.0,0.331,0.361,0.0,0,0,0.0,0
09:31:52.086,166.291,FOCUSED,100.0,0.329,0.363,0.0,0,0,0.0,0
09:31:52.193,166.398,FOCUSED,100.0,0.346,0.366,0.0,0,0,0.0,0
09:31:52.305,166.51,FOCUSED,100.0,0.352,0.365,0.0,0,0,0.0,0
09:31:52.398,166.603,FOCUSED,100.0,0.345,0.356,0.0,0,0,0.0,0
09:31:52.500,166.705,FOCUSED,100.0,0.331,0.348,0.0,0,0,0.0,0
09:31:52.606,166.811,FOCUSED,100.0,0.34,0.339,0.0,0,0,0.0,0
09:31:52.712,166.917,FOCUSED,100.0,0.351,0.352,0.0,0,0,0.0,0
09:31:52.820,167.025,FOCUSED,100.0,0.342,0.351,0.0,0,0,0.0,0
09:31:52.928,167.133,FOCUSED,100.0,0.346,0.354,0.0,0,0,0.0,0
09:31:53.021,167.226,FOCUSED,100.0,0.34,0.355,0.0,0,0,0.0,0
09:31:53.124,167.33,FOCUSED,100.0,0.344,0.358,0.0,0,0,0.0,0
09:31:53.241,167.446,FOCUSED,100.0,0.353,0.359,0.0,0,0,0.0,0
09:31:53.356,167.561,FOCUSED,100.0,0.35,0.365,0.0,0,0,0.0,0
09:31:53.464,167.669,FOCUSED,100.0,0.35,0.365,0.0,0,0,0.0,0
09:31:53.572,167.778,FOCUSED,100.0,0.356,0.36,0.0,0,0,0.0,0
09:31:53.677,167.882,FOCUSED,100.0,0.347,0.363,0.0,0,0,0.0,0
09:31:53.790,167.995,FOCUSED,100.0,0.357,0.36,0.0,0,0,0.0,0
09:31:53.885,168.09,FOCUSED,100.0,0.352,0.358,0.0,0,0,0.0,0
09:31:53.997,168.202,FOCUSED,100.0,0.341,0.357,0.0,0,0,0.0,0
09:31:54.101,168.307,FOCUSED,100.0,0.344,0.357,0.0,0,0,0.0,0
09:31:54.217,168.422,FOCUSED,100.0,0.35,0.359,0.0,0,0,0.0,0
09:31:54.320,168.526,FOCUSED,100.0,0.351,0.362,0.0,0,0,0.0,0
09:31:54.433,168.638,FOCUSED,100.0,0.344,0.359,0.0,0,0,0.0,0
09:31:54.550,168.755,FOCUSED,100.0,0.351,0.361,0.0,0,0,0.0,0
09:31:54.653,168.858,FOCUSED,100.0,0.346,0.36,0.0,0,0,0.0,0
09:31:54.761,168.966,FOCUSED,100.0,0.353,0.359,0.0,0,0,0.0,0
09:31:54.878,169.083,FOCUSED,100.0,0.352,0.361,0.0,0,0,0.0,0
09:31:55.006,169.211,FOCUSED,100.0,0.352,0.358,0.0,0,0,0.0,0
09:31:55.110,169.316,FOCUSED,100.0,0.333,0.359,0.0,0,0,0.0,0
09:31:55.209,169.414,FOCUSED,100.0,0.344,0.36,0.0,0,0,0.0,0
09:31:55.330,169.535,FOCUSED,100.0,0.345,0.363,0.0,0,0,0.0,0
09:31:55.435,169.64,FOCUSED,100.0,0.339,0.365,0.0,0,0,0.0,0
09:31:55.546,169.751,FOCUSED,100.0,0.346,0.366,0.0,0,0,0.0,0
09:31:55.663,169.868,FOCUSED,100.0,0.343,0.366,0.0,0,0,0.0,0
09:31:55.755,169.96,FOCUSED,100.0,0.343,0.367,0.0,0,0,0.0,0
09:31:55.855,170.06,FOCUSED,100.0,0.352,0.365,0.0,0,0,0.0,0
09:31:55.973,170.178,FOCUSED,100.0,0.349,0.367,0.0,0,0,0.0,0
09:31:56.088,170.293,FOCUSED,100.0,0.347,0.368,0.0,0,0,0.0,0
09:31:56.195,170.4,FOCUSED,100.0,0.347,0.366,0.0,0,0,0.0,0
09:31:56.297,170.502,FOCUSED,100.0,0.345,0.364,0.0,0,0,0.0,0
09:31:56.401,170.606,FOCUSED,100.0,0.349,0.363,0.0,0,0,0.0,0
09:31:56.494,170.699,FOCUSED,100.0,0.351,0.363,0.0,0,0,0.0,0
09:31:56.614,170.82,FOCUSED,100.0,0.353,0.365,0.0,0,0,0.0,0
09:31:56.724,170.929,FOCUSED,100.0,0.35,0.363,0.0,0,0,0.0,0
09:31:56.831,171.036,FOCUSED,100.0,0.35,0.364,0.0,0,0,0.0,0
09:31:56.943,171.148,FOCUSED,100.0,0.353,0.365,0.0,0,0,0.0,0
09:31:57.042,171.248,FOCUSED,100.0,0.359,0.364,0.0,0,0,0.0,0
09:31:57.141,171.346,FOCUSED,100.0,0.357,0.362,0.0,0,0,0.0,0
09:31:57.242,171.447,FOCUSED,100.0,0.354,0.362,0.0,0,0,0.0,0
09:31:57.350,171.555,FOCUSED,100.0,0.358,0.361,0.0,0,0,0.0,0
09:31:57.453,171.658,FOCUSED,100.0,0.357,0.362,0.0,0,0,0.0,0
09:31:57.564,171.769,FOCUSED,100.0,0.357,0.362,0.0,0,0,0.0,0
09:31:57.684,171.889,FOCUSED,100.0,0.36,0.364,0.0,0,0,0.0,0
09:31:57.798,172.003,FOCUSED,100.0,0.359,0.363,0.0,0,0,0.0,0
09:31:57.886,172.091,FOCUSED,100.0,0.362,0.363,0.0,0,0,0.0,0
09:31:58.000,172.205,FOCUSED,100.0,0.354,0.366,0.0,0,0,0.0,0
09:31:58.122,172.327,FOCUSED,100.0,0.364,0.366,0.0,0,0,0.0,0
09:31:58.214,172.419,FOCUSED,100.0,0.358,0.364,0.0,0,0,0.0,0
09:31:58.326,172.531,FOCUSED,100.0,0.358,0.365,0.0,0,0,0.0,0
09:31:58.428,172.633,FOCUSED,100.0,0.35,0.365,0.0,0,0,0.0,0
09:31:58.541,172.746,FOCUSED,100.0,0.345,0.362,0.0,0,0,0.0,0
09:31:58.646,172.851,FOCUSED,100.0,0.354,0.365,0.0,0,0,0.0,0
09:31:58.755,172.961,FOCUSED,100.0,0.361,0.367,0.0,0,0,0.0,0
09:31:58.874,173.079,FOCUSED,100.0,0.351,0.364,0.0,0,0,0.0,0
09:31:58.990,173.195,FOCUSED,100.0,0.355,0.368,0.0,0,0,0.0,0
09:31:59.118,173.323,FOCUSED,100.0,0.343,0.367,0.0,0,0,0.0,0
09:31:59.235,173.441,FOCUSED,100.0,0.354,0.368,0.0,0,0,0.0,0
09:31:59.338,173.543,FOCUSED,100.0,0.358,0.368,0.0,0,0,0.0,0
09:31:59.434,173.639,FOCUSED,100.0,0.364,0.366,0.0,0,0,0.0,0
09:31:59.551,173.756,FOCUSED,100.0,0.362,0.365,0.0,0,0,0.0,0
09:31:59.656,173.862,FOCUSED,100.0,0.361,0.365,0.0,0,0,0.0,0
09:31:59.763,173.968,FOCUSED,100.0,0.361,0.365,0.0,0,0,0.0,0
09:31:59.875,174.08,FOCUSED,100.0,0.352,0.367,0.0,0,0,0.0,0
09:31:59.991,174.197,FOCUSED,100.0,0.353,0.367,0.0,0,0,0.0,0
09:32:00.095,174.3,FOCUSED,100.0,0.356,0.367,0.0,0,0,0.0,0
09:32:00.211,174.416,FOCUSED,100.0,0.351,0.365,0.0,0,0,0.0,0
09:32:00.314,174.519,FOCUSED,100.0,0.357,0.369,0.0,0,0,0.0,0
09:32:00.414,174.619,FOCUSED,100.0,0.353,0.364,0.0,0,0,0.0,0
09:32:00.531,174.736,FOCUSED,100.0,0.357,0.368,0.0,0,0,0.0,0
09:32:00.648,174.853,FOCUSED,100.0,0.357,0.369,0.0,0,0,0.0,0
09:32:00.759,174.964,FOCUSED,100.0,0.361,0.367,0.0,0,0,0.0,0
09:32:00.870,175.075,FOCUSED,100.0,0.355,0.368,0.0,0,0,0.0,0
09:32:00.994,175.199,FOCUSED,100.0,0.358,0.367,0.0,0,0,0.0,0
09:32:01.089,175.294,FOCUSED,100.0,0.356,0.368,0.0,0,0,0.0,0
09:32:01.185,175.391,FOCUSED,100.0,0.363,0.368,0.0,0,0,0.0,0
09:32:01.286,175.491,FOCUSED,100.0,0.349,0.369,0.0,0,0,0.0,0
09:32:01.391,175.596,FOCUSED,100.0,0.345,0.369,0.0,0,0,0.0,0
09:32:01.491,175.696,FOCUSED,100.0,0.345,0.366,0.0,0,0,0.0,0
09:32:01.601,175.807,FOCUSED,100.0,0.344,0.368,0.0,0,0,0.0,0
09:32:01.704,175.909,FOCUSED,100.0,0.347,0.368,0.0,0,0,0.0,0
09:32:01.798,176.003,FOCUSED,100.0,0.349,0.37,0.0,0,0,0.0,0
09:32:01.895,176.101,FOCUSED,100.0,0.349,0.368,0.0,0,0,0.0,0
09:32:01.995,176.2,FOCUSED,100.0,0.355,0.367,0.0,0,0,0.0,0
09:32:02.106,176.311,FOCUSED,100.0,0.357,0.372,0.0,0,0,0.0,0
09:32:02.205,176.41,FOCUSED,100.0,0.348,0.375,0.0,0,0,0.0,0
09:32:02.307,176.512,FOCUSED,100.0,0.347,0.374,0.0,0,0,0.0,0
09:32:02.409,176.614,FOCUSED,100.0,0.352,0.375,0.0,0,0,0.0,0
09:32:02.513,176.718,FOCUSED,100.0,0.352,0.376,0.0,0,0,0.0,0
09:32:02.616,176.821,FOCUSED,100.0,0.348,0.375,0.0,0,0,0.0,0
09:32:02.724,176.929,FOCUSED,100.0,0.352,0.373,0.0,0,0,0.0,0
09:32:02.841,177.046,FOCUSED,100.0,0.354,0.375,0.0,0,0,0.0,0
09:32:02.955,177.16,FOCUSED,100.0,0.353,0.372,0.0,0,0,0.0,0
09:32:03.063,177.268,FOCUSED,100.0,0.152,0.35,0.0,0,0,0.6,0
09:32:03.169,177.374,FOCUSED,100.0,0.291,0.365,0.0,0,0,0.0,0
09:32:03.285,177.49,FOCUSED,100.0,0.338,0.37,0.0,0,0,0.0,0
09:32:03.387,177.592,FOCUSED,100.0,0.349,0.37,0.0,0,0,0.0,0
09:32:03.495,177.7,FOCUSED,100.0,0.359,0.371,0.0,0,0,0.0,0
09:32:03.599,177.804,FOCUSED,100.0,0.36,0.37,0.0,0,0,0.0,0
09:32:03.736,177.941,FOCUSED,100.0,0.36,0.368,0.0,0,0,0.0,0
09:32:03.864,178.069,FOCUSED,100.0,0.36,0.367,0.0,0,0,0.0,0
09:32:03.996,178.201,FOCUSED,100.0,0.365,0.368,0.0,0,0,0.0,0
09:32:04.110,178.315,FOCUSED,100.0,0.364,0.371,0.0,0,0,0.0,0
09:32:04.209,178.415,FOCUSED,100.0,0.366,0.373,0.0,0,0,0.0,0
09:32:04.314,178.52,FOCUSED,100.0,0.367,0.37,0.0,0,0,0.0,0
09:32:04.419,178.624,FOCUSED,100.0,0.309,0.365,0.0,0,0,0.0,0
09:32:04.537,178.743,FOCUSED,100.0,0.303,0.361,0.0,0,0,0.0,0
09:32:04.653,178.858,FOCUSED,100.0,0.296,0.361,0.0,0,0,0.0,0
09:32:04.761,178.966,FOCUSED,100.0,0.3,0.364,0.0,0,0,0.0,0
09:32:04.870,179.075,FOCUSED,100.0,0.301,0.364,0.0,0,0,0.0,0
09:32:04.983,179.188,FOCUSED,100.0,0.301,0.363,0.0,0,0,0.0,0
09:32:05.097,179.302,FOCUSED,100.0,0.31,0.367,0.0,0,0,0.0,0
09:32:05.213,179.418,FOCUSED,100.0,0.313,0.367,0.0,0,0,0.0,0
09:32:05.326,179.531,FOCUSED,100.0,0.313,0.368,0.0,0,0,0.0,0
09:32:05.441,179.646,FOCUSED,100.0,0.308,0.366,0.0,0,0,0.0,0
09:32:05.561,179.766,FOCUSED,100.0,0.309,0.369,0.0,0,0,0.0,0
09:32:05.681,179.886,FOCUSED,100.0,0.323,0.364,0.0,0,0,0.0,0
09:32:05.793,179.999,FOCUSED,100.0,0.313,0.367,0.0,0,0,0.0,0
09:32:05.887,180.092,FOCUSED,100.0,0.314,0.366,0.0,0,0,0.0,0
09:32:05.987,180.192,FOCUSED,100.0,0.306,0.363,0.0,0,0,0.0,0
09:32:06.101,180.306,FOCUSED,100.0,0.304,0.362,0.0,0,0,0.0,0
09:32:06.206,180.411,FOCUSED,100.0,0.311,0.366,0.0,0,0,0.0,0
09:32:06.314,180.519,FOCUSED,100.0,0.315,0.363,0.0,0,0,0.0,0
09:32:06.425,180.63,FOCUSED,100.0,0.311,0.363,0.0,0,0,0.0,0
09:32:06.539,180.744,FOCUSED,100.0,0.308,0.366,0.0,0,0,0.0,0
09:32:06.644,180.849,FOCUSED,100.0,0.31,0.368,0.0,0,0,0.0,0
09:32:06.745,180.951,FOCUSED,100.0,0.316,0.364,0.0,0,0,0.0,0
09:32:06.854,181.059,FOCUSED,100.0,0.314,0.363,0.0,0,0,0.0,0
09:32:06.952,181.157,FOCUSED,100.0,0.316,0.366,0.0,0,0,0.0,0
09:32:07.072,181.278,FOCUSED,100.0,0.322,0.366,0.0,0,0,0.0,0
09:32:07.165,181.37,FOCUSED,100.0,0.323,0.367,0.0,0,0,0.0,0
09:32:07.270,181.475,FOCUSED,100.0,0.326,0.367,0.0,0,0,0.0,0
09:32:07.361,181.566,FOCUSED,100.0,0.317,0.366,0.0,0,0,0.0,0
09:32:07.480,181.685,FOCUSED,100.0,0.314,0.366,0.0,0,0,0.0,0
09:32:07.593,181.798,FOCUSED,100.0,0.313,0.365,0.0,0,0,0.0,0
09:32:07.686,181.891,FOCUSED,100.0,0.31,0.36,0.0,0,0,0.0,0
09:32:07.796,182.002,FOCUSED,100.0,0.303,0.356,0.0,0,0,0.0,0
09:32:07.902,182.107,FOCUSED,100.0,0.312,0.357,0.0,0,0,0.0,0
09:32:08.021,182.226,FOCUSED,100.0,0.309,0.356,0.0,0,0,0.0,0
09:32:08.122,182.328,FOCUSED,100.0,0.309,0.357,0.0,0,0,0.0,0
09:32:08.225,182.431,FOCUSED,100.0,0.311,0.358,0.0,0,0,0.0,0
09:32:08.338,182.543,FOCUSED,100.0,0.309,0.358,0.0,0,0,0.0,0
09:32:08.439,182.644,FOCUSED,100.0,0.315,0.353,0.0,0,0,0.0,0
09:32:08.563,182.768,FOCUSED,100.0,0.31,0.356,0.0,0,0,0.0,0
09:32:08.674,182.879,FOCUSED,100.0,0.309,0.356,0.0,0,0,0.0,0
09:32:08.797,183.002,FOCUSED,100.0,0.311,0.358,0.0,0,0,0.0,0
09:32:08.916,183.121,FOCUSED,100.0,0.313,0.358,0.0,0,0,0.0,0
09:32:09.038,183.243,FOCUSED,100.0,0.313,0.361,0.0,0,0,0.0,0
09:32:09.157,183.363,FOCUSED,100.0,0.312,0.358,0.0,0,0,0.0,0
09:32:09.265,183.47,FOCUSED,100.0,0.318,0.358,0.0,0,0,0.0,0
09:32:09.382,183.588,FOCUSED,100.0,0.32,0.358,0.0,0,0,0.0,0
09:32:09.492,183.697,FOCUSED,100.0,0.321,0.356,0.0,0,0,0.0,0
09:32:09.607,183.812,FOCUSED,100.0,0.317,0.358,0.0,0,0,0.0,0
09:32:09.697,183.902,FOCUSED,100.0,0.316,0.358,0.0,0,0,0.0,0
09:32:09.791,183.996,FOCUSED,100.0,0.302,0.361,0.0,0,0,0.0,0
09:32:09.892,184.098,FOCUSED,100.0,0.306,0.359,0.0,0,0,0.0,0
09:32:09.996,184.201,FOCUSED,100.0,0.313,0.363,0.0,0,0,0.0,0
09:32:10.117,184.322,FOCUSED,100.0,0.311,0.361,0.0,0,0,0.0,0
09:32:10.217,184.423,FOCUSED,100.0,0.311,0.362,0.0,0,0,0.0,0
09:32:10.338,184.544,FOCUSED,100.0,0.311,0.36,0.0,0,0,0.0,0
09:32:10.450,184.655,FOCUSED,100.0,0.314,0.361,0.0,0,0,0.0,0
09:32:10.558,184.763,FOCUSED,100.0,0.305,0.36,0.0,0,0,0.0,0
09:32:10.670,184.875,FOCUSED,100.0,0.312,0.361,0.0,0,0,0.0,0
09:32:10.781,184.986,FOCUSED,100.0,0.311,0.359,0.0,0,0,0.0,0
09:32:10.896,185.101,FOCUSED,100.0,0.308,0.362,0.0,0,0,0.0,0
09:32:10.998,185.203,FOCUSED,100.0,0.307,0.363,0.0,0,0,0.0,0
09:32:11.112,185.317,FOCUSED,100.0,0.305,0.366,0.0,0,0,0.0,0
09:32:11.239,185.444,FOCUSED,100.0,0.299,0.365,0.0,0,0,0.0,0
09:32:11.338,185.543,FOCUSED,100.0,0.299,0.362,0.0,0,0,0.0,0
09:32:11.437,185.643,FOCUSED,100.0,0.302,0.361,0.0,0,0,0.0,0
09:32:11.545,185.75,FOCUSED,100.0,0.301,0.363,0.0,0,0,0.0,0
09:32:11.644,185.849,FOCUSED,100.0,0.3,0.364,0.0,0,0,0.0,0
09:32:11.759,185.965,FOCUSED,100.0,0.308,0.364,0.0,0,0,0.0,0
09:32:11.883,186.088,FOCUSED,100.0,0.301,0.364,0.0,0,0,0.0,0
09:32:12.010,186.215,FOCUSED,100.0,0.304,0.365,0.0,0,0,0.0,0
09:32:12.116,186.321,FOCUSED,100.0,0.309,0.365,0.0,0,0,0.0,0
09:32:12.231,186.437,FOCUSED,100.0,0.297,0.367,0.0,0,0,0.0,0
09:32:12.330,186.535,FOCUSED,100.0,0.303,0.367,0.0,0,0,0.0,0
09:32:12.425,186.63,FOCUSED,100.0,0.308,0.366,0.0,0,0,0.0,0
09:32:12.522,186.727,FOCUSED,100.0,0.308,0.366,0.0,0,0,0.0,0
09:32:12.614,186.819,FOCUSED,100.0,0.31,0.366,0.0,0,0,0.0,0
09:32:12.716,186.921,FOCUSED,100.0,0.312,0.365,0.0,0,0,0.0,0
09:32:12.828,187.033,FOCUSED,100.0,0.303,0.364,0.0,0,0,0.0,0
09:32:12.923,187.128,FOCUSED,100.0,0.304,0.369,0.0,0,0,0.0,0
09:32:13.027,187.232,FOCUSED,100.0,0.306,0.367,0.0,0,0,0.0,0
09:32:13.138,187.343,FOCUSED,100.0,0.296,0.367,0.0,0,0,0.0,0
09:32:13.264,187.469,FOCUSED,100.0,0.29,0.366,0.0,0,0,0.0,0
09:32:13.371,187.576,FOCUSED,100.0,0.052,0.357,0.0,0,0,0.6,0
09:32:13.498,187.704,FOCUSED,100.0,0.265,0.365,0.0,0,0,0.0,0
09:32:13.592,187.797,FOCUSED,100.0,0.278,0.369,0.0,0,0,0.0,0
09:32:13.688,187.893,FOCUSED,100.0,0.292,0.369,0.0,0,0,0.0,0
09:32:13.802,188.007,FOCUSED,100.0,0.302,0.368,0.0,0,0,0.0,0
09:32:13.913,188.118,FOCUSED,100.0,0.302,0.368,0.0,0,0,0.0,0
09:32:14.028,188.233,FOCUSED,100.0,0.303,0.365,0.0,0,0,0.0,0
09:32:14.117,188.322,FOCUSED,100.0,0.308,0.367,0.0,0,0,0.0,0
09:32:14.226,188.431,FOCUSED,100.0,0.313,0.365,0.0,0,0,0.0,0
09:32:14.333,188.538,FOCUSED,100.0,0.311,0.363,0.0,0,0,0.0,0
09:32:14.427,188.632,FOCUSED,100.0,0.311,0.362,0.0,0,0,0.0,0
09:32:14.573,188.778,FOCUSED,100.0,0.312,0.364,0.0,0,0,0.0,0
09:32:14.678,188.883,FOCUSED,100.0,0.309,0.363,0.0,0,0,0.0,0
09:32:14.796,189.001,FOCUSED,100.0,0.313,0.364,0.0,0,0,0.0,0
09:32:14.917,189.122,FOCUSED,100.0,0.31,0.364,0.0,0,0,0.0,0
09:32:15.015,189.22,FOCUSED,100.0,0.314,0.363,0.0,0,0,0.0,0
09:32:15.121,189.326,FOCUSED,100.0,0.319,0.364,0.0,0,0,0.0,0
09:32:15.216,189.422,FOCUSED,100.0,0.311,0.363,0.0,0,0,0.0,0
09:32:15.309,189.514,FOCUSED,100.0,0.318,0.364,0.0,0,0,0.0,0
09:32:15.420,189.625,FOCUSED,100.0,0.314,0.363,0.0,0,0,0.0,0
09:32:15.529,189.734,FOCUSED,100.0,0.316,0.364,0.0,0,0,0.0,0
09:32:15.639,189.845,FOCUSED,100.0,0.313,0.362,0.0,0,0,0.0,0
09:32:15.747,189.953,FOCUSED,100.0,0.312,0.364,0.0,0,0,0.0,0
09:32:15.848,190.053,FOCUSED,100.0,0.308,0.365,0.0,0,0,0.0,0
09:32:15.958,190.163,FOCUSED,100.0,0.306,0.366,0.0,0,0,0.0,0
09:32:16.061,190.266,FOCUSED,100.0,0.315,0.366,0.0,0,0,0.0,0
09:32:16.169,190.374,FOCUSED,100.0,0.319,0.365,0.0,0,0,0.0,0
09:32:16.268,190.473,FOCUSED,100.0,0.316,0.364,0.0,0,0,0.0,0
09:32:16.372,190.577,FOCUSED,100.0,0.315,0.363,0.0,0,0,0.0,0
09:32:16.470,190.675,FOCUSED,100.0,0.31,0.366,0.0,0,0,0.0,0
09:32:16.576,190.781,FOCUSED,100.0,0.314,0.366,0.0,0,0,0.0,0
09:32:16.677,190.882,FOCUSED,100.0,0.317,0.364,0.0,0,0,0.0,0
09:32:16.786,190.991,FOCUSED,100.0,0.319,0.367,0.0,0,0,0.0,0
09:32:16.894,191.099,FOCUSED,100.0,0.318,0.368,0.0,0,0,0.0,0
09:32:17.006,191.212,FOCUSED,100.0,0.314,0.366,0.0,0,0,0.0,0
09:32:17.107,191.312,FOCUSED,100.0,0.313,0.367,0.0,0,0,0.0,0
09:32:17.216,191.421,FOCUSED,100.0,0.317,0.368,0.0,0,0,0.0,0
09:32:17.331,191.537,FOCUSED,100.0,0.314,0.365,0.0,0,0,0.0,0
09:32:17.437,191.642,FOCUSED,100.0,0.314,0.368,0.0,0,0,0.0,0
09:32:17.548,191.753,FOCUSED,100.0,0.32,0.368,0.0,0,0,0.0,0
09:32:17.652,191.857,FOCUSED,100.0,0.318,0.368,0.0,0,0,0.0,0
09:32:17.765,191.97,FOCUSED,100.0,0.31,0.367,0.0,0,0,0.0,0
09:32:17.883,192.088,FOCUSED,100.0,0.31,0.367,0.0,0,0,0.0,0
09:32:18.003,192.208,FOCUSED,100.0,0.312,0.367,0.0,0,0,0.0,0
09:32:18.120,192.325,FOCUSED,100.0,0.318,0.367,0.0,0,0,0.0,0
09:32:18.224,192.429,FOCUSED,100.0,0.318,0.366,0.0,0,0,0.0,0
09:32:18.333,192.538,FOCUSED,100.0,0.325,0.368,0.0,0,0,0.0,0
09:32:18.430,192.636,FOCUSED,100.0,0.315,0.367,0.0,0,0,0.0,0
09:32:18.548,192.753,FOCUSED,100.0,0.319,0.366,0.0,0,0,0.0,0
09:32:18.655,192.861,FOCUSED,100.0,0.322,0.365,0.0,0,0,0.0,0
09:32:18.755,192.96,FOCUSED,100.0,0.317,0.363,0.0,0,0,0.0,0
09:32:18.854,193.059,FOCUSED,100.0,0.313,0.367,0.0,0,0,0.0,0
09:32:18.961,193.167,FOCUSED,100.0,0.321,0.366,0.0,0,0,0.0,0
09:32:19.064,193.269,FOCUSED,100.0,0.319,0.367,0.0,0,0,0.0,0
09:32:19.159,193.364,FOCUSED,100.0,0.314,0.367,0.0,0,0,0.0,0
09:32:19.257,193.462,FOCUSED,100.0,0.316,0.367,0.0,0,0,0.0,0
09:32:19.385,193.591,FOCUSED,100.0,0.321,0.366,0.0,0,0,0.0,0
09:32:19.508,193.714,FOCUSED,100.0,0.308,0.361,0.0,0,0,0.0,0
09:32:19.612,193.817,FOCUSED,100.0,0.323,0.364,0.0,0,0,0.0,0
09:32:19.716,193.921,FOCUSED,100.0,0.314,0.364,0.0,0,0,0.0,0
09:32:19.815,194.02,FOCUSED,100.0,0.323,0.367,0.0,0,0,0.0,0
09:32:19.930,194.136,FOCUSED,100.0,0.32,0.363,0.0,0,0,0.0,0
09:32:20.042,194.247,FOCUSED,100.0,0.326,0.365,0.0,0,0,0.0,0
09:32:20.205,194.41,FOCUSED,100.0,0.324,0.366,0.0,0,0,0.0,0
09:32:20.315,194.52,FOCUSED,100.0,0.318,0.368,0.0,0,0,0.0,0
09:32:20.413,194.618,FOCUSED,100.0,0.31,0.368,0.0,0,0,0.0,0
09:32:20.525,194.73,FOCUSED,100.0,0.321,0.366,0.0,0,0,0.0,0
09:32:20.629,194.834,FOCUSED,100.0,0.319,0.366,0.0,0,0,0.0,0
09:32:20.740,194.945,FOCUSED,100.0,0.316,0.365,0.0,0,0,0.0,0
09:32:20.834,195.04,FOCUSED,100.0,0.315,0.364,0.0,0,0,0.0,0
09:32:20.946,195.152,FOCUSED,100.0,0.311,0.361,0.0,0,0,0.0,0
09:32:21.079,195.284,FOCUSED,100.0,0.316,0.363,0.0,0,0,0.0,0
09:32:21.185,195.39,FOCUSED,100.0,0.313,0.364,0.0,0,0,0.0,0
09:32:21.298,195.504,FOCUSED,100.0,0.314,0.364,0.0,0,0,0.0,0
09:32:21.398,195.603,FOCUSED,100.0,0.323,0.364,0.0,0,0,0.0,0
09:32:21.494,195.699,FOCUSED,100.0,0.315,0.365,0.0,0,0,0.0,0
09:32:21.574,195.779,FOCUSED,100.0,0.313,0.364,0.0,0,0,0.0,0
09:32:21.686,195.892,FOCUSED,100.0,0.317,0.363,0.0,0,0,0.0,0
09:32:21.786,195.992,FOCUSED,100.0,0.315,0.364,0.0,0,0,0.0,0
09:32:21.892,196.097,FOCUSED,100.0,0.323,0.363,0.0,0,0,0.0,0
09:32:22.006,196.211,FOCUSED,100.0,0.324,0.362,0.0,0,0,0.0,0
09:32:22.116,196.321,FOCUSED,100.0,0.316,0.362,0.0,0,0,0.0,0
09:32:22.232,196.437,FOCUSED,100.0,0.317,0.361,0.0,0,0,0.0,0
09:32:22.340,196.545,FOCUSED,100.0,0.317,0.359,0.0,0,0,0.0,0
09:32:22.436,196.642,FOCUSED,100.0,0.313,0.36,0.0,0,0,0.0,0
09:32:22.557,196.763,FOCUSED,100.0,0.321,0.362,0.0,0,0,0.0,0
09:32:22.675,196.881,FOCUSED,100.0,0.319,0.361,0.0,0,0,0.0,0
09:32:22.779,196.984,FOCUSED,100.0,0.318,0.366,0.0,0,0,0.0,0
09:32:22.893,197.098,FOCUSED,100.0,0.316,0.362,0.0,0,0,0.0,0
09:32:23.007,197.212,FOCUSED,100.0,0.322,0.365,0.0,0,0,0.0,0
09:32:23.109,197.314,FOCUSED,100.0,0.314,0.364,0.0,0,0,0.0,0
09:32:23.223,197.428,FOCUSED,100.0,0.318,0.365,0.0,0,0,0.0,0
09:32:23.319,197.525,FOCUSED,100.0,0.319,0.365,0.0,0,0,0.0,0
09:32:23.426,197.631,FOCUSED,100.0,0.315,0.364,0.0,0,0,0.0,0
09:32:23.529,197.735,FOCUSED,100.0,0.316,0.364,0.0,0,0,0.0,0
09:32:23.647,197.852,FOCUSED,100.0,0.321,0.363,0.0,0,0,0.0,0
09:32:23.763,197.969,FOCUSED,100.0,0.313,0.362,0.0,0,0,0.0,0
09:32:23.869,198.074,FOCUSED,100.0,0.316,0.364,0.0,0,0,0.0,0
09:32:23.978,198.183,FOCUSED,100.0,0.315,0.364,0.0,0,0,0.0,0
09:32:24.098,198.304,FOCUSED,100.0,0.316,0.364,0.0,0,0,0.0,0
09:32:24.199,198.405,FOCUSED,100.0,0.314,0.362,0.0,0,0,0.0,0
09:32:24.315,198.52,FOCUSED,100.0,0.318,0.362,0.0,0,0,0.0,0
09:32:24.413,198.618,FOCUSED,100.0,0.324,0.361,0.0,0,0,0.0,0
09:32:24.527,198.732,FOCUSED,100.0,0.324,0.361,0.0,0,0,0.0,0
09:32:24.642,198.847,FOCUSED,100.0,0.32,0.36,0.0,0,0,0.0,0
09:32:24.743,198.948,FOCUSED,100.0,0.32,0.365,0.0,0,0,0.0,0
09:32:24.841,199.046,FOCUSED,100.0,0.32,0.361,0.0,0,0,0.0,0
09:32:24.950,199.155,FOCUSED,100.0,0.319,0.361,0.0,0,0,0.0,0
09:32:25.050,199.255,FOCUSED,100.0,0.323,0.363,0.0,0,0,0.0,0
09:32:25.162,199.367,FOCUSED,100.0,0.325,0.363,0.0,0,0,0.0,0
09:32:25.268,199.473,FOCUSED,100.0,0.326,0.362,0.0,0,0,0.0,0
09:32:25.370,199.575,FOCUSED,100.0,0.319,0.361,0.0,0,0,0.0,0
09:32:25.469,199.674,FOCUSED,100.0,0.318,0.363,0.0,0,0,0.0,0
09:32:25.586,199.791,FOCUSED,100.0,0.32,0.361,0.0,0,0,0.0,0
09:32:25.684,199.889,FOCUSED,100.0,0.334,0.363,0.0,0,0,0.0,0
09:32:25.796,200.001,FOCUSED,100.0,0.314,0.361,0.0,0,0,0.0,0
09:32:25.913,200.118,FOCUSED,100.0,0.313,0.363,0.0,0,0,0.0,0
09:32:26.000,200.205,FOCUSED,100.0,0.322,0.362,0.0,0,0,0.0,0
09:32:26.099,200.304,FOCUSED,100.0,0.322,0.363,0.0,0,0,0.0,0
09:32:26.220,200.425,FOCUSED,100.0,0.317,0.36,0.0,0,0,0.0,0
09:32:26.331,200.536,FOCUSED,100.0,0.325,0.364,0.0,0,0,0.0,0
09:32:26.440,200.645,FOCUSED,100.0,0.316,0.362,0.0,0,0,0.0,0
09:32:26.558,200.763,FOCUSED,100.0,0.323,0.36,0.0,0,0,0.0,0
09:32:26.669,200.874,FOCUSED,100.0,0.316,0.364,0.0,0,0,0.0,0
09:32:26.783,200.989,FOCUSED,100.0,0.322,0.365,0.0,0,0,0.0,0
09:32:26.893,201.098,FOCUSED,100.0,0.314,0.364,0.0,0,0,0.0,0
09:32:27.005,201.21,FOCUSED,100.0,0.329,0.363,0.0,0,0,0.0,0
09:32:27.127,201.332,FOCUSED,100.0,0.323,0.362,0.0,0,0,0.0,0
09:32:27.224,201.429,FOCUSED,100.0,0.327,0.362,0.0,0,0,0.0,0
09:32:27.330,201.535,FOCUSED,100.0,0.314,0.359,0.0,0,0,0.0,0
09:32:27.452,201.657,FOCUSED,100.0,0.308,0.359,0.0,0,0,0.0,0
09:32:27.558,201.763,FOCUSED,100.0,0.315,0.358,0.0,0,0,0.0,0
09:32:27.669,201.874,FOCUSED,100.0,0.319,0.361,0.0,0,0,0.0,0
09:32:27.770,201.975,FOCUSED,100.0,0.319,0.361,0.0,0,0,0.0,0
09:32:27.873,202.078,FOCUSED,100.0,0.317,0.361,0.0,0,0,0.0,0
09:32:27.964,202.17,FOCUSED,100.0,0.323,0.361,0.0,0,0,0.0,0
09:32:28.079,202.284,FOCUSED,100.0,0.313,0.361,0.0,0,0,0.0,0
09:32:28.193,202.398,FOCUSED,100.0,0.32,0.359,0.0,0,0,0.0,0
09:32:28.295,202.501,FOCUSED,100.0,0.319,0.362,0.0,0,0,0.0,0
09:32:28.406,202.611,FOCUSED,100.0,0.318,0.357,0.0,0,0,0.0,0
09:32:28.522,202.727,FOCUSED,100.0,0.319,0.36,0.0,0,0,0.0,0
09:32:28.640,202.845,FOCUSED,100.0,0.324,0.36,0.0,0,0,0.0,0
09:32:28.747,202.952,FOCUSED,100.0,0.323,0.359,0.0,0,0,0.0,0
09:32:28.857,203.062,FOCUSED,100.0,0.322,0.361,0.0,0,0,0.0,0
09:32:28.969,203.174,FOCUSED,100.0,0.319,0.362,0.0,0,0,0.0,0
09:32:29.082,203.287,FOCUSED,100.0,0.326,0.36,0.0,0,0,0.0,0
09:32:29.192,203.397,FOCUSED,100.0,0.319,0.359,0.0,0,0,0.0,0
09:32:29.297,203.502,FOCUSED,100.0,0.327,0.359,0.0,0,0,0.0,0
09:32:29.410,203.615,FOCUSED,100.0,0.325,0.359,0.0,0,0,0.0,0
09:32:29.516,203.721,FOCUSED,100.0,0.327,0.36,0.0,0,0,0.0,0
09:32:29.616,203.821,FOCUSED,100.0,0.324,0.358,0.0,0,0,0.0,0
09:32:29.720,203.925,FOCUSED,100.0,0.327,0.362,0.0,0,0,0.0,0
09:32:29.829,204.034,FOCUSED,100.0,0.318,0.361,0.0,0,0,0.0,0
09:32:29.944,204.15,FOCUSED,100.0,0.319,0.358,0.0,0,0,0.0,0
09:32:30.054,204.26,FOCUSED,100.0,0.325,0.357,0.0,0,0,0.0,0
09:32:30.152,204.357,FOCUSED,100.0,0.33,0.359,0.0,0,0,0.0,0
09:32:30.258,204.463,FOCUSED,100.0,0.325,0.361,0.0,0,0,0.0,0
09:32:30.360,204.566,FOCUSED,100.0,0.321,0.36,0.0,0,0,0.0,0
09:32:30.475,204.68,FOCUSED,100.0,0.288,0.362,0.0,0,0,0.0,0
09:32:30.575,204.78,FOCUSED,100.0,0.049,0.354,0.0,0,0,0.6,0
09:32:30.686,204.891,FOCUSED,100.0,0.264,0.365,0.0,0,0,0.0,0
09:32:30.790,204.995,FOCUSED,100.0,0.294,0.364,0.0,0,0,0.0,0
09:32:30.889,205.094,FOCUSED,100.0,0.309,0.368,0.0,0,0,0.0,0
09:32:30.996,205.201,FOCUSED,100.0,0.312,0.365,0.0,0,0,0.0,0
09:32:31.098,205.303,FOCUSED,100.0,0.309,0.365,0.0,0,0,0.0,0
09:32:31.210,205.415,FOCUSED,100.0,0.314,0.368,0.0,0,0,0.0,0
09:32:31.316,205.521,FOCUSED,100.0,0.31,0.365,0.0,0,0,0.0,0
09:32:31.427,205.632,FOCUSED,100.0,0.314,0.365,0.0,0,0,0.0,0
09:32:31.521,205.726,FOCUSED,100.0,0.31,0.365,0.0,0,0,0.0,0
09:32:31.631,205.836,FOCUSED,100.0,0.31,0.371,0.0,0,0,0.0,0
09:32:31.748,205.953,FOCUSED,100.0,0.299,0.363,0.0,0,0,0.0,0
09:32:31.840,206.045,FOCUSED,100.0,0.3,0.37,0.0,0,0,0.0,0
09:32:31.951,206.156,FOCUSED,100.0,0.318,0.369,0.0,0,0,0.0,0
09:32:32.064,206.269,FOCUSED,100.0,0.311,0.378,0.0,0,0,0.0,0
09:32:32.180,206.385,FOCUSED,100.0,0.321,0.381,0.0,0,0,0.0,0
09:32:32.295,206.501,FOCUSED,100.0,0.306,0.39,0.0,0,0,0.0,0
09:32:32.414,206.619,FOCUSED,100.0,0.294,0.379,0.0,0,0,0.0,0
09:32:32.533,206.738,FOCUSED,100.0,0.296,0.373,0.0,0,0,0.0,0
09:32:32.637,206.842,FOCUSED,100.0,0.3,0.345,0.0,0,0,0.0,0
09:32:32.754,206.959,FOCUSED,100.0,0.298,0.343,0.0,0,0,0.0,0
09:32:32.866,207.071,FOCUSED,100.0,0.297,0.361,0.0,0,0,0.0,0
09:32:32.961,207.167,FOCUSED,100.0,0.301,0.377,0.0,0,0,0.0,0
09:32:33.052,207.257,FOCUSED,100.0,0.304,0.375,0.0,0,0,0.0,0
09:32:33.156,207.361,FOCUSED,100.0,0.306,0.384,0.0,0,0,0.0,0
09:32:33.257,207.462,FOCUSED,100.0,0.306,0.379,0.0,0,0,0.0,0
09:32:33.364,207.57,FOCUSED,100.0,0.307,0.372,0.0,0,0,0.0,0
09:32:33.467,207.672,FOCUSED,100.0,0.295,0.366,0.0,0,0,0.0,0
09:32:33.569,207.774,FOCUSED,100.0,0.315,0.371,0.0,0,0,0.0,0
09:32:33.692,207.897,FOCUSED,100.0,0.311,0.375,0.0,0,0,0.0,0
09:32:33.820,208.026,FOCUSED,100.0,0.298,0.383,0.0,0,0,0.0,0
09:32:33.936,208.141,FOCUSED,100.0,0.296,0.385,0.0,0,0,0.0,0
09:32:34.061,208.266,FOCUSED,100.0,0.294,0.387,0.0,0,0,0.0,0
09:32:34.165,208.37,FOCUSED,100.0,0.299,0.381,0.0,0,0,0.0,0
09:32:34.278,208.483,FOCUSED,100.0,0.312,0.378,0.0,0,0,0.0,0
09:32:34.374,208.579,FOCUSED,100.0,0.311,0.372,0.0,0,0,0.0,0
09:32:34.481,208.686,FOCUSED,100.0,0.314,0.373,0.0,0,0,0.0,0
09:32:34.587,208.792,FOCUSED,100.0,0.313,0.373,0.0,0,0,0.0,0
09:32:34.692,208.897,FOCUSED,100.0,0.304,0.373,0.0,0,0,0.0,0
09:32:34.794,209.0,FOCUSED,100.0,0.306,0.375,0.0,0,0,0.0,0
09:32:34.905,209.11,FOCUSED,100.0,0.318,0.375,0.0,0,0,0.0,0
09:32:35.066,209.271,FOCUSED,100.0,0.318,0.379,0.0,0,0,0.0,0
09:32:35.271,209.476,FOCUSED,100.0,0.32,0.378,0.0,0,0,0.0,0
09:32:35.399,209.604,FOCUSED,100.0,0.294,0.371,0.0,0,0,0.0,0
09:32:35.505,209.711,FOCUSED,100.0,0.284,0.371,0.0,0,0,0.0,0
09:32:35.612,209.817,FOCUSED,100.0,0.288,0.372,0.0,0,0,0.0,0
09:32:35.722,209.928,FOCUSED,100.0,0.289,0.371,0.0,0,0,0.0,0
09:32:35.831,210.036,FOCUSED,100.0,0.286,0.371,0.0,0,0,0.0,0
09:32:35.947,210.152,FOCUSED,100.0,0.295,0.374,0.0,0,0,0.0,0
09:32:36.058,210.263,FOCUSED,100.0,0.288,0.373,0.0,0,0,0.0,0
09:32:36.166,210.371,FOCUSED,100.0,0.291,0.372,0.0,0,0,0.0,0
09:32:36.277,210.482,FOCUSED,100.0,0.289,0.373,0.0,0,0,0.0,0
09:32:36.384,210.589,FOCUSED,100.0,0.289,0.372,0.0,0,0,0.0,0
09:32:36.494,210.699,FOCUSED,100.0,0.293,0.37,0.0,0,0,0.0,0
09:32:36.597,210.802,FOCUSED,100.0,0.297,0.373,0.0,0,0,0.0,0
09:32:36.729,210.934,FOCUSED,100.0,0.289,0.372,0.0,0,0,0.0,0
09:32:36.829,211.035,FOCUSED,100.0,0.297,0.373,0.0,0,0,0.0,0
09:32:36.931,211.136,FOCUSED,100.0,0.297,0.372,0.0,0,0,0.0,0
09:32:37.075,211.281,FOCUSED,100.0,0.293,0.37,0.0,0,0,0.0,0
09:32:37.181,211.387,FOCUSED,100.0,0.294,0.37,0.0,0,0,0.0,0
09:32:37.289,211.494,FOCUSED,100.0,0.283,0.37,0.0,0,0,0.0,0
09:32:37.390,211.595,FOCUSED,100.0,0.283,0.371,0.0,0,0,0.0,0
09:32:37.494,211.699,FOCUSED,100.0,0.27,0.37,0.0,0,0,0.0,0
09:32:37.620,211.825,FOCUSED,100.0,0.273,0.371,0.0,0,0,0.0,0
09:32:37.730,211.935,FOCUSED,100.0,0.277,0.37,0.0,0,0,0.0,0
09:32:37.827,212.032,FOCUSED,100.0,0.275,0.37,0.0,0,0,0.0,0
09:32:37.925,212.13,FOCUSED,100.0,0.276,0.367,0.0,0,0,0.0,0
09:32:38.024,212.229,FOCUSED,100.0,0.273,0.368,0.0,0,0,0.0,0
09:32:38.128,212.333,FOCUSED,100.0,0.276,0.369,0.0,0,0,0.0,0
09:32:38.228,212.433,FOCUSED,100.0,0.275,0.369,0.0,0,0,0.0,0
09:32:38.348,212.554,FOCUSED,100.0,0.275,0.366,0.0,0,0,0.0,0
09:32:38.464,212.669,FOCUSED,100.0,0.269,0.369,0.0,0,0,0.0,0
09:32:38.571,212.777,FOCUSED,100.0,0.273,0.367,0.0,0,0,0.0,0
09:32:38.671,212.876,FOCUSED,100.0,0.276,0.368,0.0,0,0,0.0,0
09:32:38.780,212.986,FOCUSED,100.0,0.282,0.369,0.0,0,0,0.0,0
09:32:38.901,213.107,FOCUSED,100.0,0.288,0.37,0.0,0,0,0.0,0
09:32:39.032,213.237,FOCUSED,100.0,0.29,0.37,0.0,0,0,0.0,0
09:32:39.132,213.337,FOCUSED,100.0,0.288,0.369,0.0,0,0,0.0,0
09:32:39.248,213.453,FOCUSED,100.0,0.289,0.37,0.0,0,0,0.0,0
09:32:39.369,213.574,FOCUSED,100.0,0.298,0.369,0.0,0,0,0.0,0
09:32:39.489,213.694,FOCUSED,100.0,0.294,0.373,0.0,0,0,0.0,0
09:32:39.593,213.798,FOCUSED,100.0,0.296,0.373,0.0,0,0,0.0,0
09:32:39.712,213.917,FOCUSED,100.0,0.295,0.371,0.0,0,0,0.0,0
09:32:39.828,214.033,FOCUSED,100.0,0.295,0.37,0.0,0,0,0.0,0
09:32:39.955,214.16,FOCUSED,100.0,0.295,0.373,0.0,0,0,0.0,0
09:32:40.060,214.265,FOCUSED,100.0,0.294,0.371,0.0,0,0,0.0,0
09:32:40.175,214.381,FOCUSED,100.0,0.297,0.372,0.0,0,0,0.0,0
09:32:40.278,214.483,FOCUSED,100.0,0.292,0.374,0.0,0,0,0.0,0
09:32:40.379,214.584,FOCUSED,100.0,0.291,0.374,0.0,0,0,0.0,0
09:32:40.475,214.68,FOCUSED,100.0,0.285,0.372,0.0,0,0,0.0,0
09:32:40.577,214.782,FOCUSED,100.0,0.294,0.373,0.0,0,0,0.0,0
09:32:40.682,214.887,FOCUSED,100.0,0.29,0.376,0.0,0,0,0.0,0
09:32:40.791,214.997,FOCUSED,100.0,0.301,0.376,0.0,0,0,0.0,0
09:32:40.901,215.106,FOCUSED,100.0,0.304,0.374,0.0,0,0,0.0,0
09:32:41.014,215.22,FOCUSED,100.0,0.296,0.371,0.0,0,0,0.0,0
09:32:41.118,215.323,FOCUSED,100.0,0.304,0.37,0.0,0,0,0.0,0
09:32:41.223,215.428,FOCUSED,100.0,0.311,0.367,0.0,0,0,0.0,0
09:32:41.323,215.528,FOCUSED,100.0,0.308,0.368,0.0,0,0,0.0,0
09:32:41.438,215.643,FOCUSED,100.0,0.304,0.366,0.0,0,0,0.0,0
09:32:41.548,215.754,FOCUSED,100.0,0.31,0.37,0.0,0,0,0.0,0
09:32:41.655,215.86,FOCUSED,100.0,0.307,0.368,0.0,0,0,0.0,0
09:32:41.748,215.954,FOCUSED,100.0,0.308,0.368,0.0,0,0,0.0,0
09:32:41.864,216.069,FOCUSED,100.0,0.308,0.367,0.0,0,0,0.0,0
09:32:41.963,216.168,FOCUSED,100.0,0.302,0.366,0.0,0,0,0.0,0
09:32:42.072,216.277,FOCUSED,100.0,0.303,0.368,0.0,0,0,0.0,0
09:32:42.161,216.366,FOCUSED,100.0,0.307,0.367,0.0,0,0,0.0,0
09:32:42.266,216.472,FOCUSED,100.0,0.306,0.366,0.0,0,0,0.0,0
09:32:42.374,216.579,FOCUSED,100.0,0.302,0.365,0.0,0,0,0.0,0
09:32:42.473,216.678,FOCUSED,100.0,0.315,0.362,0.0,0,0,0.0,0
09:32:42.568,216.773,FOCUSED,100.0,0.309,0.36,0.0,0,0,0.0,0
09:32:42.678,216.883,FOCUSED,100.0,0.305,0.356,0.0,0,0,0.0,0
09:32:42.794,216.999,FOCUSED,100.0,0.299,0.355,0.0,0,0,0.0,0
09:32:42.928,217.133,FOCUSED,100.0,0.296,0.357,0.0,0,0,0.0,0
09:32:43.029,217.234,FOCUSED,100.0,0.283,0.358,0.0,0,0,0.0,0
09:32:43.138,217.344,FOCUSED,100.0,0.286,0.358,0.0,0,0,0.0,0
09:32:43.243,217.449,FOCUSED,100.0,0.286,0.358,0.0,0,0,0.0,0
09:32:43.341,217.546,FOCUSED,100.0,0.284,0.357,0.0,0,0,0.0,0
09:32:43.437,217.643,FOCUSED,100.0,0.282,0.358,0.0,0,0,0.0,0
09:32:43.541,217.747,FOCUSED,100.0,0.282,0.356,0.0,0,0,0.0,0
09:32:43.649,217.854,FOCUSED,100.0,0.285,0.357,0.0,0,0,0.0,0
09:32:43.819,218.024,FOCUSED,100.0,0.288,0.356,0.0,0,0,0.0,0
09:32:43.939,218.144,FOCUSED,100.0,0.307,0.356,0.0,0,0,0.0,0
09:32:44.067,218.272,FOCUSED,100.0,0.301,0.361,0.0,0,0,0.0,0
09:32:44.184,218.389,FOCUSED,100.0,0.294,0.357,0.0,0,0,0.0,0
09:32:44.316,218.521,FOCUSED,100.0,0.293,0.358,0.0,0,0,0.0,0
09:32:44.421,218.627,FOCUSED,100.0,0.293,0.357,0.0,0,0,0.0,0
09:32:44.529,218.734,FOCUSED,100.0,0.29,0.359,0.0,0,0,0.0,0
09:32:44.629,218.834,FOCUSED,100.0,0.295,0.361,0.0,0,0,0.0,0
09:32:44.737,218.943,FOCUSED,100.0,0.281,0.36,0.0,0,0,0.0,0
09:32:44.834,219.039,FOCUSED,100.0,0.286,0.361,0.0,0,0,0.0,0
09:32:44.937,219.142,FOCUSED,100.0,0.271,0.359,0.0,0,0,0.0,0
09:32:45.030,219.235,FOCUSED,100.0,0.267,0.357,0.0,0,0,0.0,0
09:32:45.140,219.345,FOCUSED,100.0,0.263,0.358,0.0,0,0,0.0,0
09:32:45.247,219.453,FOCUSED,100.0,0.266,0.359,0.0,0,0,0.0,0
09:32:45.369,219.574,FOCUSED,100.0,0.291,0.358,0.0,0,0,0.0,0
09:32:45.476,219.681,FOCUSED,100.0,0.29,0.36,0.0,0,0,0.0,0
09:32:45.594,219.799,FOCUSED,100.0,0.278,0.358,0.0,0,0,0.0,0
09:32:45.710,219.915,FOCUSED,100.0,0.278,0.36,0.0,0,0,0.0,0
09:32:45.827,220.032,FOCUSED,100.0,0.278,0.36,0.0,0,0,0.0,0
09:32:45.933,220.139,FOCUSED,100.0,0.277,0.362,0.0,0,0,0.0,0
09:32:46.058,220.263,FOCUSED,100.0,0.278,0.361,0.0,0,0,0.0,0
09:32:46.165,220.37,FOCUSED,100.0,0.278,0.36,0.0,0,0,0.0,0
09:32:46.280,220.485,FOCUSED,100.0,0.279,0.364,0.0,0,0,0.0,0
09:32:46.382,220.587,FOCUSED,100.0,0.277,0.362,0.0,0,0,0.0,0
09:32:46.488,220.694,FOCUSED,100.0,0.271,0.363,0.0,0,0,0.0,0
09:32:46.587,220.793,FOCUSED,100.0,0.263,0.363,0.0,0,0,0.0,0
09:32:46.699,220.904,FOCUSED,100.0,0.287,0.37,0.0,0,0,0.0,0
09:32:46.815,221.02,FOCUSED,100.0,0.29,0.368,0.0,0,0,0.0,0
09:32:46.935,221.141,FOCUSED,100.0,0.289,0.368,0.0,0,0,0.0,0
09:32:47.060,221.266,FOCUSED,100.0,0.291,0.368,0.0,0,0,0.0,0
09:32:47.162,221.367,FOCUSED,100.0,0.29,0.365,0.0,0,0,0.0,0
09:32:47.275,221.48,FOCUSED,100.0,0.292,0.366,0.0,0,0,0.0,0
09:32:47.370,221.575,FOCUSED,100.0,0.291,0.365,0.0,0,0,0.0,0
09:32:47.507,221.712,FOCUSED,100.0,0.292,0.363,0.0,0,0,0.0,0
09:32:47.622,221.827,FOCUSED,100.0,0.294,0.363,0.0,0,0,0.0,0
09:32:47.736,221.941,FOCUSED,100.0,0.297,0.364,0.0,0,0,0.0,0
09:32:47.853,222.058,FOCUSED,100.0,0.296,0.361,0.0,0,0,0.0,0
09:32:47.954,222.159,FOCUSED,100.0,0.298,0.364,0.0,0,0,0.0,0
09:32:48.071,222.276,FOCUSED,100.0,0.292,0.364,0.0,0,0,0.0,0
09:32:48.196,222.402,FOCUSED,100.0,0.296,0.363,0.0,0,0,0.0,0
09:32:48.296,222.501,FOCUSED,100.0,0.291,0.363,0.0,0,0,0.0,0
09:32:48.407,222.612,FOCUSED,100.0,0.294,0.364,0.0,0,0,0.0,0
09:32:48.521,222.726,FOCUSED,100.0,0.302,0.366,0.0,0,0,0.0,0
09:32:48.621,222.826,FOCUSED,100.0,0.236,0.36,0.0,0,0,0.0,0
09:32:48.730,222.935,FOCUSED,100.0,0.247,0.357,0.0,0,0,0.0,0
09:32:48.846,223.051,FOCUSED,100.0,0.288,0.363,0.0,0,0,0.0,0
09:32:48.974,223.18,FOCUSED,100.0,0.303,0.366,0.0,0,0,0.0,0
09:32:49.086,223.292,FOCUSED,100.0,0.301,0.368,0.0,0,0,0.0,0
09:32:49.194,223.399,FOCUSED,100.0,0.304,0.369,0.0,0,0,0.0,0
09:32:49.318,223.524,FOCUSED,100.0,0.307,0.367,0.0,0,0,0.0,0
09:32:49.435,223.641,FOCUSED,100.0,0.311,0.367,0.0,0,0,0.0,0
09:32:49.566,223.771,FOCUSED,100.0,0.31,0.369,0.0,0,0,0.0,0
09:32:49.671,223.876,FOCUSED,100.0,0.321,0.368,0.0,0,0,0.0,0
09:32:49.778,223.983,FOCUSED,100.0,0.321,0.367,0.0,0,0,0.0,0
09:32:49.900,224.105,FOCUSED,100.0,0.322,0.369,0.0,0,0,0.0,0
09:32:50.047,224.252,FOCUSED,100.0,0.301,0.369,0.0,0,0,0.0,0
09:32:50.152,224.358,FOCUSED,100.0,0.309,0.366,0.0,0,0,0.0,0
09:32:50.265,224.47,FOCUSED,100.0,0.301,0.362,0.0,0,0,0.0,0
09:32:50.371,224.576,FOCUSED,100.0,0.31,0.362,0.0,0,0,0.0,0
09:32:50.468,224.674,FOCUSED,100.0,0.313,0.363,0.0,0,0,0.0,0
09:32:50.568,224.773,FOCUSED,100.0,0.316,0.363,0.0,0,0,0.0,0
09:32:50.698,224.903,FOCUSED,100.0,0.316,0.365,0.0,0,0,0.0,0
09:32:50.816,225.021,FOCUSED,100.0,0.312,0.365,0.0,0,0,0.0,0
09:32:50.912,225.117,FOCUSED,100.0,0.314,0.364,0.0,0,0,0.0,0
09:32:51.020,225.226,FOCUSED,100.0,0.311,0.364,0.0,0,0,0.0,0
09:32:51.128,225.333,FOCUSED,100.0,0.313,0.365,0.0,0,0,0.0,0
09:32:51.233,225.438,FOCUSED,100.0,0.311,0.363,0.0,0,0,0.0,0
09:32:51.360,225.565,FOCUSED,100.0,0.31,0.363,0.0,0,0,0.0,0
09:32:51.456,225.662,FOCUSED,100.0,0.317,0.364,0.0,0,0,0.0,0
09:32:51.564,225.769,FOCUSED,100.0,0.32,0.366,0.0,0,0,0.0,0
09:32:51.673,225.879,FOCUSED,100.0,0.306,0.368,0.0,0,0,0.0,0
09:32:51.765,225.971,FOCUSED,100.0,0.32,0.367,0.0,0,0,0.0,0
09:32:51.875,226.08,FOCUSED,100.0,0.313,0.366,0.0,0,0,0.0,0
09:32:51.993,226.198,FOCUSED,100.0,0.313,0.366,0.0,0,0,0.0,0
09:32:52.116,226.321,FOCUSED,100.0,0.309,0.367,0.0,0,0,0.0,0
09:32:52.221,226.426,FOCUSED,100.0,0.318,0.368,0.0,0,0,0.0,0
09:32:52.325,226.53,FOCUSED,100.0,0.323,0.369,0.0,0,0,0.0,0
09:32:52.428,226.633,FOCUSED,100.0,0.318,0.368,0.0,0,0,0.0,0
09:32:52.526,226.731,FOCUSED,100.0,0.321,0.368,0.0,0,0,0.0,0
09:32:52.648,226.854,FOCUSED,100.0,0.326,0.37,0.0,0,0,0.0,0
09:32:52.748,226.953,FOCUSED,100.0,0.33,0.371,0.0,0,0,0.0,0
09:32:52.862,227.067,FOCUSED,100.0,0.324,0.371,0.0,0,0,0.0,0
09:32:52.973,227.178,FOCUSED,100.0,0.324,0.369,0.0,0,0,0.0,0
09:32:53.089,227.294,FOCUSED,100.0,0.325,0.369,0.0,0,0,0.0,0
09:32:53.192,227.398,FOCUSED,100.0,0.322,0.367,0.0,0,0,0.0,0
09:32:53.295,227.5,FOCUSED,100.0,0.308,0.369,0.0,0,0,0.0,0
09:32:53.401,227.606,FOCUSED,100.0,0.316,0.37,0.0,0,0,0.0,0
09:32:53.498,227.703,FOCUSED,100.0,0.313,0.367,0.0,0,0,0.0,0
09:32:53.602,227.807,FOCUSED,100.0,0.315,0.367,0.0,0,0,0.0,0
09:32:53.723,227.928,FOCUSED,100.0,0.318,0.368,0.0,0,0,0.0,0
09:32:53.829,228.034,FOCUSED,100.0,0.311,0.367,0.0,0,0,0.0,0
09:32:53.936,228.141,FOCUSED,100.0,0.313,0.368,0.0,0,0,0.0,0
09:32:54.045,228.25,FOCUSED,100.0,0.309,0.365,0.0,0,0,0.0,0
09:32:54.148,228.353,FOCUSED,100.0,0.318,0.368,0.0,0,0,0.0,0
09:32:54.255,228.46,FOCUSED,100.0,0.316,0.365,0.0,0,0,0.0,0
09:32:54.357,228.562,FOCUSED,100.0,0.317,0.365,0.0,0,0,0.0,0
09:32:54.483,228.688,FOCUSED,100.0,0.317,0.366,0.0,0,0,0.0,0
09:32:54.590,228.796,FOCUSED,100.0,0.316,0.368,0.0,0,0,0.0,0
09:32:54.696,228.902,FOCUSED,100.0,0.315,0.364,0.0,0,0,0.0,0
09:32:54.802,229.008,FOCUSED,100.0,0.317,0.365,0.0,0,0,0.0,0
09:32:54.914,229.119,FOCUSED,100.0,0.317,0.367,0.0,0,0,0.0,0
09:32:55.013,229.218,FOCUSED,100.0,0.322,0.367,0.0,0,0,0.0,0
09:32:55.126,229.332,FOCUSED,100.0,0.302,0.364,0.0,0,0,0.0,0
09:32:55.222,229.427,FOCUSED,100.0,0.311,0.359,0.0,0,0,0.0,0
09:32:55.327,229.532,FOCUSED,100.0,0.306,0.364,0.0,0,0,0.0,0
09:32:55.443,229.649,FOCUSED,100.0,0.305,0.361,0.0,0,0,0.0,0
09:32:55.545,229.75,FOCUSED,100.0,0.303,0.362,0.0,0,0,0.0,0
09:32:55.636,229.842,FOCUSED,100.0,0.3,0.364,0.0,0,0,0.0,0
09:32:55.725,229.93,FOCUSED,100.0,0.306,0.364,0.0,0,0,0.0,0
09:32:55.829,230.034,FOCUSED,100.0,0.305,0.366,0.0,0,0,0.0,0
09:32:55.930,230.135,FOCUSED,100.0,0.311,0.365,0.0,0,0,0.0,0
09:32:56.044,230.249,FOCUSED,100.0,0.31,0.366,0.0,0,0,0.0,0
09:32:56.156,230.361,FOCUSED,100.0,0.25,0.355,0.0,0,0,0.0,0
09:32:56.256,230.461,FOCUSED,100.0,0.259,0.354,0.0,0,0,0.0,0
09:32:56.367,230.572,FOCUSED,100.0,0.263,0.354,0.0,0,0,0.0,0
09:32:56.469,230.674,FOCUSED,100.0,0.262,0.351,0.0,0,0,0.0,0
09:32:56.595,230.8,FOCUSED,100.0,0.267,0.349,0.0,0,0,0.0,0
09:32:56.687,230.892,FOCUSED,100.0,0.26,0.347,0.0,0,0,0.0,0
09:32:56.781,230.986,FOCUSED,100.0,0.255,0.348,0.0,0,0,0.0,0
09:32:56.892,231.098,FOCUSED,100.0,0.256,0.346,0.0,0,0,0.0,0
09:32:56.987,231.193,FOCUSED,100.0,0.255,0.345,0.0,0,0,0.0,0
09:32:57.105,231.31,FOCUSED,100.0,0.254,0.341,0.0,0,0,0.0,0
09:32:57.224,231.429,FOCUSED,100.0,0.26,0.34,0.0,0,0,0.0,0
09:32:57.315,231.521,FOCUSED,100.0,0.252,0.343,0.0,0,0,0.0,0
09:32:57.417,231.622,FOCUSED,100.0,0.246,0.337,0.0,0,0,0.0,0
09:32:57.528,231.734,FOCUSED,100.0,0.249,0.345,0.0,0,0,0.0,0
09:32:57.630,231.835,FOCUSED,100.0,0.02,0.331,0.0,0,0,0.6,0
09:32:57.741,231.947,FOCUSED,100.0,0.156,0.333,0.0,0,0,0.6,0
09:32:57.858,232.063,FOCUSED,100.0,0.233,0.34,0.0,0,0,0.0,0
09:32:57.970,232.175,FOCUSED,100.0,0.234,0.33,0.0,0,0,0.0,0
09:32:58.076,232.281,FOCUSED,100.0,0.231,0.331,0.0,0,0,0.0,0
09:32:58.167,232.373,FOCUSED,100.0,0.232,0.324,0.0,0,0,0.0,0
09:32:58.270,232.475,FOCUSED,100.0,0.244,0.32,0.0,0,0,0.0,0
09:32:58.380,232.585,FOCUSED,100.0,0.248,0.32,0.0,0,0,0.0,0
09:32:58.489,232.694,FOCUSED,100.0,0.234,0.317,0.0,0,0,0.0,0
09:32:58.597,232.802,FOCUSED,100.0,0.243,0.308,0.0,0,0,0.0,0
09:32:58.693,232.898,FOCUSED,100.0,0.248,0.31,0.0,0,0,0.0,0
09:32:58.799,233.004,FOCUSED,100.0,0.242,0.313,0.0,0,0,0.0,0
09:32:58.924,233.129,FOCUSED,100.0,0.25,0.306,0.0,0,0,0.0,0
09:32:59.048,233.253,FOCUSED,100.0,0.175,0.307,0.0,0,0,0.6,0
09:32:59.164,233.37,FOCUSED,100.0,0.146,0.312,0.0,0,0,0.6,0
09:32:59.273,233.479,FOCUSED,100.0,0.302,0.311,0.0,0,0,0.0,0
09:32:59.378,233.583,FOCUSED,100.0,0.303,0.304,0.0,0,0,0.0,0
09:32:59.493,233.698,FOCUSED,100.0,0.316,0.298,0.0,0,0,0.0,0
09:32:59.615,233.82,FOCUSED,100.0,0.346,0.288,0.0,0,0,0.0,0
09:32:59.722,233.927,FOCUSED,100.0,0.334,0.269,0.0,0,0,0.0,0
09:32:59.829,234.034,FOCUSED,100.0,0.329,0.252,0.0,0,0,0.0,0
09:32:59.923,234.128,FOCUSED,100.0,0.315,0.241,0.0,0,0,0.0,0
09:33:00.032,234.237,FOCUSED,100.0,0.311,0.249,0.0,0,0,0.0,0
09:33:00.143,234.348,FOCUSED,100.0,0.316,0.251,0.0,0,0,0.0,0
09:33:00.253,234.458,FOCUSED,100.0,0.303,0.262,0.0,0,0,0.0,0
09:33:00.372,234.577,FOCUSED,100.0,0.311,0.27,0.0,0,0,0.0,0
09:33:00.461,234.666,FOCUSED,100.0,0.301,0.279,0.0,0,0,0.0,0
09:33:00.590,234.796,FOCUSED,100.0,0.307,0.289,0.0,0,0,0.0,0
09:33:00.717,234.922,FOCUSED,100.0,0.312,0.283,0.0,0,0,0.0,0
09:33:00.831,235.036,FOCUSED,100.0,0.313,0.291,0.0,0,0,0.0,0
09:33:00.948,235.153,FOCUSED,100.0,0.306,0.294,0.0,0,0,0.0,0
09:33:01.055,235.26,FOCUSED,100.0,0.313,0.286,0.0,0,0,0.0,0
09:33:01.155,235.36,FOCUSED,100.0,0.311,0.291,0.0,0,0,0.0,0
09:33:01.265,235.47,FOCUSED,100.0,0.303,0.285,0.0,0,0,0.0,0
09:33:01.367,235.572,FOCUSED,100.0,0.299,0.284,0.0,0,0,0.0,0
09:33:01.474,235.68,FOCUSED,100.0,0.312,0.281,0.0,0,0,0.0,0
09:33:01.594,235.799,FOCUSED,100.0,0.307,0.273,0.0,0,0,0.0,0
09:33:01.692,235.897,FOCUSED,100.0,0.311,0.272,0.0,0,0,0.0,0
09:33:01.802,236.007,FOCUSED,100.0,0.308,0.278,0.0,0,0,0.0,0
09:33:01.896,236.101,FOCUSED,100.0,0.311,0.278,0.0,0,0,0.0,0
09:33:01.997,236.203,FOCUSED,100.0,0.319,0.287,0.0,0,0,0.0,0
09:33:02.107,236.312,FOCUSED,100.0,0.32,0.293,0.0,0,0,0.0,0
09:33:02.228,236.433,FOCUSED,100.0,0.328,0.292,0.0,0,0,0.0,0
09:33:02.325,236.53,FOCUSED,100.0,0.317,0.287,0.0,0,0,0.0,0
09:33:02.429,236.634,FOCUSED,100.0,0.315,0.28,0.0,0,0,0.0,0
09:33:02.524,236.729,FOCUSED,100.0,0.326,0.273,0.0,0,0,0.0,0
09:33:02.640,236.845,FOCUSED,100.0,0.328,0.269,0.0,0,0,0.0,0
09:33:02.734,236.939,FOCUSED,100.0,0.327,0.262,0.0,0,0,0.0,0
09:33:02.835,237.04,FOCUSED,100.0,0.331,0.254,0.0,0,0,0.0,0
09:33:02.940,237.145,FOCUSED,100.0,0.328,0.249,0.0,0,0,0.0,0
09:33:03.042,237.248,FOCUSED,100.0,0.34,0.249,0.0,0,0,0.0,0
09:33:03.159,237.364,FOCUSED,100.0,0.34,0.245,0.0,0,0,0.0,0
09:33:03.263,237.468,FOCUSED,100.0,0.322,0.239,0.0,0,0,0.0,0
09:33:03.364,237.569,FOCUSED,100.0,0.323,0.235,0.0,0,0,0.0,0
09:33:03.469,237.674,FOCUSED,100.0,0.323,0.239,0.0,0,0,0.0,0
09:33:03.581,237.787,FOCUSED,100.0,0.318,0.236,0.0,0,0,0.0,0
09:33:03.693,237.899,FOCUSED,100.0,0.325,0.245,0.0,0,0,0.0,0
09:33:03.842,238.047,FOCUSED,100.0,0.335,0.269,0.0,0,0,0.0,0
09:33:03.963,238.168,FOCUSED,100.0,0.353,0.305,0.0,0,0,0.0,0
09:33:04.115,238.32,FOCUSED,100.0,0.355,0.306,0.0,0,0,0.0,0
09:33:04.257,238.462,FOCUSED,100.0,0.358,0.318,0.0,0,0,0.0,0
09:33:04.391,238.596,FOCUSED,100.0,0.36,0.283,0.0,0,0,0.0,0
09:33:04.557,238.762,FOCUSED,100.0,0.362,0.297,0.0,0,0,0.0,0
09:33:04.683,238.888,FOCUSED,100.0,0.365,0.293,0.0,0,0,0.0,0
09:33:04.824,239.029,FOCUSED,100.0,0.362,0.287,0.0,0,0,0.0,0
09:33:04.940,239.145,FOCUSED,100.0,0.384,0.278,0.0,0,0,0.0,0
09:33:05.180,239.385,FOCUSED,100.0,0.39,0.277,0.0,0,0,0.0,0
09:33:05.340,239.545,FOCUSED,100.0,0.38,0.273,0.0,0,0,0.0,0
09:33:05.477,239.683,FOCUSED,100.0,0.366,0.265,0.0,0,0,0.0,0
09:33:05.625,239.831,FOCUSED,100.0,0.372,0.269,0.0,0,0,0.0,0
09:33:05.752,239.957,FOCUSED,100.0,0.377,0.277,0.0,0,0,0.0,0
09:33:05.891,240.096,FOCUSED,100.0,0.366,0.287,0.0,0,0,0.0,0
09:33:06.024,240.229,FOCUSED,100.0,0.369,0.268,0.0,0,0,0.0,0
09:33:06.154,240.36,FOCUSED,100.0,0.377,0.261,0.0,0,0,0.0,0
09:33:06.280,240.485,FOCUSED,100.0,0.338,0.26,0.0,0,0,0.0,0
09:33:06.431,240.636,FOCUSED,100.0,0.344,0.26,0.0,0,0,0.0,0
09:33:06.549,240.755,FOCUSED,100.0,0.332,0.256,0.0,0,0,0.0,0
09:33:06.645,240.85,FOCUSED,100.0,0.248,0.226,0.0,0,0,0.0,0
09:33:06.762,240.967,FOCUSED,100.0,0.299,0.237,0.0,0,0,0.0,0
09:33:06.853,241.058,FOCUSED,100.0,0.304,0.235,0.0,0,0,0.0,0
09:33:06.953,241.158,FOCUSED,100.0,0.299,0.231,0.0,0,0,0.0,0
09:33:07.062,241.267,FOCUSED,100.0,0.309,0.227,0.0,0,0,0.0,0
09:33:07.168,241.373,FOCUSED,100.0,0.293,0.243,0.0,0,0,0.0,0
09:33:07.300,241.505,FOCUSED,100.0,0.301,0.235,0.0,0,0,0.0,0
09:33:07.406,241.611,FOCUSED,100.0,0.309,0.236,0.0,0,0,0.0,0
09:33:07.523,241.728,FOCUSED,100.0,0.298,0.244,0.0,0,0,0.0,0
09:33:07.639,241.844,FOCUSED,100.0,0.32,0.239,0.0,0,0,0.0,0
09:33:07.749,241.954,FOCUSED,100.0,0.319,0.237,0.0,0,0,0.0,0
09:33:07.863,242.069,FOCUSED,100.0,0.303,0.239,0.0,0,0,0.0,0
09:33:07.964,242.169,FOCUSED,100.0,0.306,0.258,0.0,0,0,0.0,0
09:33:08.091,242.296,FOCUSED,100.0,0.318,0.266,0.0,0,0,0.0,0
09:33:08.189,242.394,FOCUSED,100.0,0.322,0.263,0.0,0,0,0.0,0
09:33:08.295,242.5,FOCUSED,100.0,0.321,0.288,0.0,0,0,0.0,0
09:33:08.407,242.612,FOCUSED,100.0,0.333,0.29,0.0,0,0,0.0,0
09:33:08.514,242.719,FOCUSED,100.0,0.33,0.314,0.0,0,0,0.0,0
09:33:08.625,242.83,FOCUSED,100.0,0.324,0.297,0.0,0,0,0.0,0
09:33:08.724,242.929,FOCUSED,100.0,0.337,0.306,0.0,0,0,0.0,0
09:33:08.829,243.034,FOCUSED,100.0,0.339,0.311,0.0,0,0,0.0,0
09:33:08.930,243.135,FOCUSED,100.0,0.338,0.311,0.0,0,0,0.0,0
09:33:09.072,243.277,FOCUSED,100.0,0.332,0.305,0.0,0,0,0.0,0
09:33:09.182,243.387,FOCUSED,100.0,0.334,0.302,0.0,0,0,0.0,0
09:33:09.290,243.495,FOCUSED,100.0,0.334,0.303,0.0,0,0,0.0,0
09:33:09.396,243.601,FOCUSED,100.0,0.31,0.298,0.0,0,0,0.0,0
09:33:09.525,243.73,FOCUSED,100.0,0.314,0.297,0.0,0,0,0.0,0
09:33:09.629,243.834,FOCUSED,100.0,0.324,0.288,0.0,0,0,0.0,0
09:33:09.733,243.939,FOCUSED,100.0,0.332,0.297,0.0,0,0,0.0,0
09:33:09.840,244.045,FOCUSED,100.0,0.331,0.302,0.0,0,0,0.0,0
09:33:09.937,244.142,FOCUSED,100.0,0.331,0.294,0.0,0,0,0.0,0
09:33:10.037,244.242,FOCUSED,100.0,0.325,0.297,0.0,0,0,0.0,0
09:33:10.141,244.346,FOCUSED,100.0,0.334,0.304,0.0,0,0,0.0,0
09:33:10.258,244.463,FOCUSED,100.0,0.327,0.293,0.0,0,0,0.0,0
09:33:10.372,244.577,FOCUSED,100.0,0.325,0.29,0.0,0,0,0.0,0
09:33:10.486,244.692,FOCUSED,100.0,0.329,0.297,0.0,0,0,0.0,0
09:33:10.589,244.794,FOCUSED,100.0,0.325,0.296,0.0,0,0,0.0,0
09:33:10.698,244.903,FOCUSED,100.0,0.331,0.293,0.0,0,0,0.0,0
09:33:10.794,244.999,FOCUSED,100.0,0.337,0.303,0.0,0,0,0.0,0
09:33:10.912,245.117,FOCUSED,100.0,0.319,0.304,0.0,0,0,0.0,0
09:33:11.008,245.213,FOCUSED,100.0,0.332,0.311,0.0,0,0,0.0,0
09:33:11.136,245.342,FOCUSED,100.0,0.336,0.312,0.0,0,0,0.0,0
09:33:11.244,245.449,FOCUSED,100.0,0.321,0.31,0.0,0,0,0.0,0
09:33:11.355,245.561,FOCUSED,100.0,0.328,0.305,0.0,0,0,0.0,0
09:33:11.441,245.647,FOCUSED,100.0,0.325,0.301,0.0,0,0,0.0,0
09:33:11.552,245.758,FOCUSED,100.0,0.325,0.301,0.0,0,0,0.0,0
09:33:11.664,245.869,FOCUSED,100.0,0.313,0.299,0.0,0,0,0.0,0
09:33:11.814,246.02,FOCUSED,100.0,0.321,0.293,0.0,0,0,0.0,0
09:33:11.912,246.118,FOCUSED,100.0,0.328,0.291,0.0,0,0,0.0,0
09:33:12.022,246.227,FOCUSED,100.0,0.32,0.292,0.0,0,0,0.0,0
09:33:12.124,246.329,FOCUSED,100.0,0.317,0.29,0.0,0,0,0.0,0
09:33:12.216,246.421,FOCUSED,100.0,0.315,0.294,0.0,0,0,0.0,0
09:33:12.313,246.519,FOCUSED,100.0,0.319,0.294,0.0,0,0,0.0,0
09:33:12.425,246.63,FOCUSED,100.0,0.323,0.296,0.0,0,0,0.0,0
09:33:12.522,246.728,FOCUSED,100.0,0.326,0.298,0.0,0,0,0.0,0
09:33:12.624,246.829,FOCUSED,100.0,0.322,0.298,0.0,0,0,0.0,0
09:33:12.732,246.937,FOCUSED,100.0,0.322,0.303,0.0,0,0,0.0,0
09:33:12.834,247.039,FOCUSED,100.0,0.33,0.307,0.0,0,0,0.0,0
09:33:12.940,247.145,FOCUSED,100.0,0.335,0.306,0.0,0,0,0.0,0
09:33:13.038,247.243,FOCUSED,100.0,0.331,0.31,0.0,0,0,0.0,0
09:33:13.142,247.348,FOCUSED,100.0,0.321,0.31,0.0,0,0,0.0,0
09:33:13.239,247.444,FOCUSED,100.0,0.326,0.305,0.0,0,0,0.0,0
09:33:13.350,247.555,FOCUSED,100.0,0.326,0.3,0.0,0,0,0.0,0
09:33:13.445,247.65,FOCUSED,100.0,0.324,0.302,0.0,0,0,0.0,0
09:33:13.574,247.779,FOCUSED,100.0,0.329,0.3,0.0,0,0,0.0,0
09:33:13.695,247.9,FOCUSED,100.0,0.324,0.293,0.0,0,0,0.0,0
09:33:13.798,248.003,FOCUSED,100.0,0.325,0.294,0.0,0,0,0.0,0
09:33:13.899,248.104,FOCUSED,100.0,0.333,0.292,0.0,0,0,0.0,0
09:33:13.998,248.203,FOCUSED,100.0,0.339,0.291,0.0,0,0,0.0,0
09:33:14.102,248.307,FOCUSED,100.0,0.335,0.288,0.0,0,0,0.0,0
09:33:14.220,248.426,FOCUSED,100.0,0.342,0.284,0.0,0,0,0.0,0
09:33:14.342,248.547,FOCUSED,100.0,0.327,0.285,0.0,0,0,0.0,0
09:33:14.452,248.657,FOCUSED,100.0,0.324,0.284,0.0,0,0,0.0,0
09:33:14.559,248.764,FOCUSED,100.0,0.328,0.276,0.0,0,0,0.0,0
09:33:14.661,248.866,FOCUSED,100.0,0.323,0.278,0.0,0,0,0.0,0
09:33:14.772,248.977,FOCUSED,100.0,0.328,0.281,0.0,0,0,0.0,0
09:33:14.864,249.069,FOCUSED,100.0,0.328,0.281,0.0,0,0,0.0,0
09:33:14.975,249.18,FOCUSED,100.0,0.329,0.279,0.0,0,0,0.0,0
09:33:15.073,249.279,FOCUSED,100.0,0.326,0.279,0.0,0,0,0.0,0
09:33:15.171,249.377,FOCUSED,100.0,0.332,0.285,0.0,0,0,0.0,0
09:33:15.268,249.473,FOCUSED,100.0,0.338,0.283,0.0,0,0,0.0,0
09:33:15.378,249.583,FOCUSED,100.0,0.332,0.288,0.0,0,0,0.0,0
09:33:15.493,249.698,FOCUSED,100.0,0.332,0.287,0.0,0,0,0.0,0
09:33:15.609,249.814,FOCUSED,100.0,0.331,0.283,0.0,0,0,0.0,0
09:33:15.733,249.938,FOCUSED,100.0,0.329,0.284,0.0,0,0,0.0,0
09:33:15.843,250.048,FOCUSED,100.0,0.322,0.284,0.0,0,0,0.0,0
09:33:15.939,250.144,FOCUSED,100.0,0.316,0.283,0.0,0,0,0.0,0
09:33:16.033,250.238,FOCUSED,100.0,0.323,0.283,0.0,0,0,0.0,0
09:33:16.126,250.331,FOCUSED,100.0,0.321,0.29,0.0,0,0,0.0,0
09:33:16.240,250.446,FOCUSED,100.0,0.334,0.285,0.0,0,0,0.0,0
09:33:16.339,250.544,FOCUSED,100.0,0.335,0.282,0.0,0,0,0.0,0
09:33:16.434,250.639,FOCUSED,100.0,0.327,0.283,0.0,0,0,0.0,0
09:33:16.568,250.774,FOCUSED,100.0,0.321,0.282,0.0,0,0,0.0,0
09:33:16.685,250.89,FOCUSED,100.0,0.328,0.284,0.0,0,0,0.0,0
09:33:16.818,251.023,FOCUSED,100.0,0.321,0.285,0.0,0,0,0.0,0
09:33:16.914,251.119,FOCUSED,100.0,0.33,0.284,0.0,0,0,0.0,0
09:33:17.020,251.225,FOCUSED,100.0,0.322,0.281,0.0,0,0,0.0,0
09:33:17.132,251.337,FOCUSED,100.0,0.333,0.277,0.0,0,0,0.0,0
09:33:17.240,251.445,FOCUSED,100.0,0.334,0.28,0.0,0,0,0.0,0
09:33:17.352,251.557,FOCUSED,100.0,0.036,0.262,0.0,0,0,0.6,0
09:33:17.467,251.672,FOCUSED,100.0,0.257,0.28,0.0,0,0,0.0,0
09:33:17.569,251.774,FOCUSED,100.0,0.316,0.279,0.0,0,0,0.0,0
09:33:17.688,251.893,FOCUSED,100.0,0.312,0.285,0.0,0,0,0.0,0
09:33:17.793,251.998,FOCUSED,100.0,0.322,0.282,0.0,0,0,0.0,0
09:33:17.903,252.108,FOCUSED,100.0,0.322,0.283,0.0,0,0,0.0,0
09:33:18.008,252.213,FOCUSED,100.0,0.324,0.286,0.0,0,0,0.0,0
09:33:18.116,252.322,FOCUSED,100.0,0.333,0.288,0.0,0,0,0.0,0
09:33:18.211,252.416,FOCUSED,100.0,0.331,0.285,0.0,0,0,0.0,0
09:33:18.324,252.529,FOCUSED,100.0,0.336,0.289,0.0,0,0,0.0,0
09:33:18.423,252.628,FOCUSED,100.0,0.332,0.286,0.0,0,0,0.0,0
09:33:18.539,252.744,FOCUSED,100.0,0.328,0.287,0.0,0,0,0.0,0
09:33:18.634,252.839,FOCUSED,100.0,0.333,0.287,0.0,0,0,0.0,0
09:33:18.732,252.937,FOCUSED,100.0,0.336,0.288,0.0,0,0,0.0,0
09:33:18.832,253.038,FOCUSED,100.0,0.343,0.287,0.0,0,0,0.0,0
09:33:18.924,253.13,FOCUSED,100.0,0.338,0.286,0.0,0,0,0.0,0
09:33:19.058,253.263,FOCUSED,100.0,0.344,0.288,0.0,0,0,0.0,0
09:33:19.160,253.365,FOCUSED,100.0,0.339,0.29,0.0,0,0,0.0,0
09:33:19.266,253.471,FOCUSED,100.0,0.333,0.291,0.0,0,0,0.0,0
09:33:19.370,253.576,FOCUSED,100.0,0.337,0.292,0.0,0,0,0.0,0
09:33:19.477,253.682,FOCUSED,100.0,0.343,0.292,0.0,0,0,0.0,0
09:33:19.608,253.813,FOCUSED,100.0,0.325,0.29,0.0,0,0,0.0,0
09:33:19.766,253.971,FOCUSED,100.0,0.335,0.291,0.0,0,0,0.0,0
09:33:19.894,254.1,FOCUSED,100.0,0.341,0.293,0.0,0,0,0.0,0
09:33:20.022,254.227,FOCUSED,100.0,0.331,0.289,0.0,0,0,0.0,0
09:33:20.157,254.363,FOCUSED,100.0,0.33,0.293,0.0,0,0,0.0,0
09:33:20.265,254.471,FOCUSED,100.0,0.332,0.287,0.0,0,0,0.0,0
09:33:20.362,254.567,FOCUSED,100.0,0.339,0.291,0.0,0,0,0.0,0
09:33:20.472,254.678,FOCUSED,100.0,0.341,0.29,0.0,0,0,0.0,0
09:33:20.578,254.783,FOCUSED,100.0,0.338,0.289,0.0,0,0,0.0,0
09:33:20.690,254.895,FOCUSED,100.0,0.342,0.291,0.0,0,0,0.0,0
09:33:20.801,255.007,FOCUSED,100.0,0.327,0.292,0.0,0,0,0.0,0
09:33:20.908,255.114,FOCUSED,100.0,0.338,0.293,0.0,0,0,0.0,0
09:33:21.010,255.216,FOCUSED,100.0,0.332,0.294,0.0,0,0,0.0,0
09:33:21.127,255.332,FOCUSED,100.0,0.331,0.291,0.0,0,0,0.0,0
09:33:21.228,255.433,FOCUSED,100.0,0.332,0.296,0.0,0,0,0.0,0
09:33:21.335,255.541,FOCUSED,100.0,0.339,0.287,0.0,0,0,0.0,0
09:33:21.439,255.645,FOCUSED,100.0,0.335,0.287,0.0,0,0,0.0,0
09:33:21.556,255.762,FOCUSED,100.0,0.333,0.287,0.0,0,0,0.0,0
09:33:21.675,255.88,FOCUSED,100.0,0.325,0.287,0.0,0,0,0.0,0
09:33:21.765,255.97,FOCUSED,100.0,0.337,0.285,0.0,0,0,0.0,0
09:33:21.875,256.08,FOCUSED,100.0,0.333,0.286,0.0,0,0,0.0,0
09:33:21.992,256.197,FOCUSED,100.0,0.347,0.285,0.0,0,0,0.0,0
09:33:22.096,256.301,FOCUSED,100.0,0.344,0.279,0.0,0,0,0.0,0
09:33:22.210,256.415,FOCUSED,100.0,0.341,0.28,0.0,0,0,0.0,0
09:33:22.319,256.525,FOCUSED,100.0,0.333,0.276,0.0,0,0,0.0,0
09:33:22.423,256.628,FOCUSED,100.0,0.331,0.274,0.0,0,0,0.0,0
09:33:22.569,256.774,FOCUSED,100.0,0.342,0.275,0.0,0,0,0.0,0
09:33:22.682,256.887,FOCUSED,100.0,0.34,0.279,0.0,0,0,0.0,0
09:33:22.780,256.985,FOCUSED,100.0,0.339,0.279,0.0,0,0,0.0,0
09:33:22.879,257.084,FOCUSED,100.0,0.319,0.281,0.0,0,0,0.0,0
09:33:22.976,257.181,FOCUSED,100.0,0.34,0.28,0.0,0,0,0.0,0
09:33:23.074,257.279,FOCUSED,100.0,0.335,0.278,0.0,0,0,0.0,0
09:33:23.173,257.378,FOCUSED,100.0,0.324,0.279,0.0,0,0,0.0,0
09:33:23.288,257.493,FOCUSED,100.0,0.325,0.278,0.0,0,0,0.0,0
09:33:23.410,257.615,FOCUSED,100.0,0.335,0.28,0.0,0,0,0.0,0
09:33:23.526,257.731,FOCUSED,100.0,0.331,0.28,0.0,0,0,0.0,0
09:33:23.652,257.857,FOCUSED,100.0,0.334,0.279,0.0,0,0,0.0,0
09:33:23.754,257.959,FOCUSED,100.0,0.337,0.274,0.0,0,0,0.0,0
09:33:23.862,258.067,FOCUSED,100.0,0.339,0.272,0.0,0,0,0.0,0
09:33:23.973,258.178,FOCUSED,100.0,0.328,0.272,0.0,0,0,0.0,0
09:33:24.099,258.304,FOCUSED,100.0,0.327,0.278,0.0,0,0,0.0,0
09:33:24.205,258.41,FOCUSED,100.0,0.328,0.277,0.0,0,0,0.0,0
09:33:24.306,258.511,FOCUSED,100.0,0.038,0.256,0.0,0,0,0.6,0
09:33:24.418,258.623,FOCUSED,100.0,0.244,0.261,0.0,0,0,0.0,0
09:33:24.536,258.741,FOCUSED,100.0,0.292,0.268,0.0,0,0,0.0,0
09:33:24.642,258.847,FOCUSED,100.0,0.307,0.274,0.0,0,0,0.0,0
09:33:24.742,258.948,FOCUSED,100.0,0.32,0.271,0.0,0,0,0.0,0
09:33:24.841,259.046,FOCUSED,100.0,0.321,0.269,0.0,0,0,0.0,0
09:33:24.947,259.152,FOCUSED,100.0,0.313,0.271,0.0,0,0,0.0,0
09:33:25.060,259.266,FOCUSED,100.0,0.314,0.274,0.0,0,0,0.0,0
09:33:25.168,259.374,FOCUSED,100.0,0.241,0.269,0.0,0,0,0.0,0
09:33:25.287,259.493,FOCUSED,100.0,0.202,0.261,0.0,0,0,0.0,0
09:33:25.395,259.6,FOCUSED,100.0,0.293,0.267,0.0,0,0,0.0,0
09:33:25.512,259.718,FOCUSED,100.0,0.302,0.272,0.0,0,0,0.0,0
09:33:25.620,259.825,FOCUSED,100.0,0.307,0.27,0.0,0,0,0.0,0
09:33:25.739,259.946,FOCUSED,100.0,0.3,0.271,0.0,0,0,0.0,0
09:33:25.832,260.038,FOCUSED,100.0,0.32,0.272,0.0,0,0,0.0,0
09:33:25.933,260.139,FOCUSED,100.0,0.311,0.273,0.0,0,0,0.0,0
09:33:26.035,260.24,FOCUSED,100.0,0.319,0.275,0.0,0,0,0.0,0
09:33:26.142,260.347,FOCUSED,100.0,0.318,0.277,0.0,0,0,0.0,0
09:33:26.280,260.486,FOCUSED,100.0,0.323,0.278,0.0,0,0,0.0,0
09:33:26.382,260.587,FOCUSED,100.0,0.312,0.28,0.0,0,0,0.0,0
09:33:26.481,260.686,FOCUSED,100.0,0.274,0.274,0.0,0,0,0.0,0
09:33:26.583,260.788,FOCUSED,100.0,0.263,0.267,0.0,0,0,0.0,0
09:33:26.690,260.895,FOCUSED,100.0,0.253,0.266,0.0,0,0,0.0,0
09:33:26.812,261.017,FOCUSED,100.0,0.24,0.265,0.0,0,0,0.0,0
09:33:26.914,261.119,FOCUSED,100.0,0.254,0.268,0.0,0,0,0.0,0
09:33:27.005,261.21,FOCUSED,100.0,0.24,0.271,0.0,0,0,0.0,0
09:33:27.110,261.315,FOCUSED,100.0,0.239,0.275,0.0,0,0,0.0,0
09:33:27.208,261.413,FOCUSED,100.0,0.244,0.276,0.0,0,0,0.0,0
09:33:27.314,261.519,FOCUSED,100.0,0.251,0.277,0.0,0,0,0.0,0
09:33:27.413,261.619,FOCUSED,100.0,0.26,0.276,0.0,0,0,0.0,0
09:33:27.522,261.728,FOCUSED,100.0,0.263,0.277,0.0,0,0,0.0,0
09:33:27.638,261.843,FOCUSED,100.0,0.265,0.278,0.0,0,0,0.0,0
09:33:27.754,261.959,FOCUSED,100.0,0.262,0.282,0.0,0,0,0.0,0
09:33:27.865,262.07,FOCUSED,100.0,0.266,0.279,0.0,0,0,0.0,0
09:33:27.981,262.186,FOCUSED,100.0,0.268,0.279,0.0,0,0,0.0,0
09:33:28.089,262.294,FOCUSED,100.0,0.265,0.275,0.0,0,0,0.0,0
09:33:28.198,262.404,FOCUSED,100.0,0.267,0.276,0.0,0,0,0.0,0
09:33:28.298,262.503,FOCUSED,100.0,0.264,0.278,0.0,0,0,0.0,0
09:33:28.400,262.606,FOCUSED,100.0,0.263,0.276,0.0,0,0,0.0,0
09:33:28.499,262.704,FOCUSED,100.0,0.26,0.279,0.0,0,0,0.0,0
09:33:28.604,262.809,FOCUSED,100.0,0.256,0.281,0.0,0,0,0.0,0
09:33:28.712,262.918,FOCUSED,100.0,0.251,0.28,0.0,0,0,0.0,0
09:33:28.814,263.019,FOCUSED,100.0,0.255,0.277,0.0,0,0,0.0,0
09:33:28.919,263.124,FOCUSED,100.0,0.254,0.274,0.0,0,0,0.0,0
09:33:29.038,263.243,FOCUSED,100.0,0.258,0.275,0.0,0,0,0.0,0
09:33:29.146,263.351,FOCUSED,100.0,0.263,0.275,0.0,0,0,0.0,0
09:33:29.259,263.464,FOCUSED,100.0,0.253,0.27,0.0,0,0,0.0,0
09:33:29.381,263.586,FOCUSED,100.0,0.214,0.262,0.0,0,0,0.0,0
09:33:29.488,263.693,FOCUSED,100.0,0.214,0.275,0.0,0,0,0.0,0
09:33:29.577,263.782,FOCUSED,100.0,0.297,0.279,0.0,0,0,0.0,0
09:33:29.687,263.892,FOCUSED,100.0,0.305,0.282,0.0,0,0,0.0,0
09:33:29.782,263.987,FOCUSED,100.0,0.32,0.279,0.0,0,0,0.0,0
09:33:29.903,264.108,FOCUSED,100.0,0.323,0.286,0.0,0,0,0.0,0
09:33:30.012,264.217,FOCUSED,100.0,0.331,0.287,0.0,0,0,0.0,0
09:33:30.120,264.325,FOCUSED,100.0,0.327,0.294,0.0,0,0,0.0,0
09:33:30.235,264.44,FOCUSED,100.0,0.331,0.295,0.0,0,0,0.0,0
09:33:30.337,264.542,FOCUSED,100.0,0.33,0.29,0.0,0,0,0.0,0
09:33:30.434,264.639,FOCUSED,100.0,0.334,0.29,0.0,0,0,0.0,0
09:33:30.558,264.764,FOCUSED,100.0,0.338,0.288,0.0,0,0,0.0,0
09:33:30.672,264.877,FOCUSED,100.0,0.339,0.287,0.0,0,0,0.0,0
09:33:30.773,264.978,FOCUSED,100.0,0.341,0.289,0.0,0,0,0.0,0
09:33:30.877,265.082,FOCUSED,100.0,0.338,0.291,0.0,0,0,0.0,0
09:33:30.982,265.188,FOCUSED,100.0,0.335,0.289,0.0,0,0,0.0,0
09:33:31.083,265.288,FOCUSED,100.0,0.337,0.292,0.0,0,0,0.0,0
09:33:31.228,265.433,FOCUSED,100.0,0.337,0.29,0.0,0,0,0.0,0
09:33:31.337,265.542,FOCUSED,100.0,0.328,0.29,0.0,0,0,0.0,0
09:33:31.457,265.662,FOCUSED,100.0,0.324,0.291,0.0,0,0,0.0,0
09:33:31.567,265.772,FOCUSED,100.0,0.321,0.291,0.0,0,0,0.0,0
09:33:31.670,265.875,FOCUSED,100.0,0.328,0.291,0.0,0,0,0.0,0
09:33:31.789,265.994,FOCUSED,100.0,0.328,0.291,0.0,0,0,0.0,0
09:33:31.899,266.104,FOCUSED,100.0,0.33,0.291,0.0,0,0,0.0,0
09:33:32.038,266.244,FOCUSED,100.0,0.335,0.291,0.0,0,0,0.0,0
09:33:32.149,266.355,FOCUSED,100.0,0.332,0.289,0.0,0,0,0.0,0
09:33:32.259,266.465,FOCUSED,100.0,0.307,0.286,0.0,0,0,0.0,0
09:33:32.368,266.573,FOCUSED,100.0,0.321,0.288,0.0,0,0,0.0,0
09:33:32.477,266.683,FOCUSED,100.0,0.318,0.289,0.0,0,0,0.0,0
09:33:32.591,266.797,FOCUSED,100.0,0.319,0.29,0.0,0,0,0.0,0
09:33:32.691,266.897,FOCUSED,100.0,0.326,0.287,0.0,0,0,0.0,0
09:33:32.804,267.009,FOCUSED,100.0,0.323,0.29,0.0,0,0,0.0,0
09:33:32.918,267.123,FOCUSED,100.0,0.327,0.293,0.0,0,0,0.0,0
09:33:33.011,267.216,FOCUSED,100.0,0.33,0.294,0.0,0,0,0.0,0
09:33:33.118,267.323,FOCUSED,100.0,0.325,0.293,0.0,0,0,0.0,0
09:33:33.223,267.429,FOCUSED,100.0,0.334,0.293,0.0,0,0,0.0,0
09:33:33.339,267.544,FOCUSED,100.0,0.327,0.295,0.0,0,0,0.0,0
09:33:33.442,267.647,FOCUSED,100.0,0.324,0.294,0.0,0,0,0.0,0
09:33:33.537,267.742,FOCUSED,100.0,0.328,0.297,0.0,0,0,0.0,0
09:33:33.631,267.836,FOCUSED,100.0,0.333,0.295,0.0,0,0,0.0,0
09:33:33.737,267.943,FOCUSED,100.0,0.33,0.291,0.0,0,0,0.0,0
09:33:33.858,268.063,FOCUSED,100.0,0.336,0.288,0.0,0,0,0.0,0
09:33:34.007,268.212,FOCUSED,100.0,0.33,0.295,0.0,0,0,0.0,0
09:33:34.125,268.33,FOCUSED,100.0,0.332,0.294,0.0,0,0,0.0,0
09:33:34.213,268.418,FOCUSED,100.0,0.322,0.293,0.0,0,0,0.0,0
09:33:34.312,268.517,FOCUSED,100.0,0.335,0.291,0.0,0,0,0.0,0
09:33:34.434,268.639,FOCUSED,100.0,0.333,0.29,0.0,0,0,0.0,0
09:33:34.545,268.75,FOCUSED,100.0,0.328,0.289,0.0,0,0,0.0,0
09:33:34.650,268.855,FOCUSED,100.0,0.325,0.291,0.0,0,0,0.0,0
09:33:34.753,268.958,FOCUSED,100.0,0.328,0.288,0.0,0,0,0.0,0
09:33:34.854,269.06,FOCUSED,100.0,0.23,0.28,0.0,0,0,0.0,0
09:33:34.948,269.154,FOCUSED,100.0,0.018,0.274,0.0,0,0,0.6,0
09:33:35.099,269.304,FOCUSED,100.0,0.207,0.308,0.0,0,0,0.0,0
09:33:35.260,269.465,FOCUSED,100.0,0.207,0.318,0.0,0,0,0.0,0
09:33:35.386,269.591,FOCUSED,100.0,0.164,0.346,0.0,0,0,0.6,0
09:33:35.491,269.696,FOCUSED,100.0,0.126,0.379,0.0,0,0,0.6,0
09:33:35.607,269.813,FOCUSED,100.0,0.133,0.4,0.0,0,0,0.6,0
09:33:35.708,269.914,FOCUSED,100.0,0.063,0.41,0.0,0,0,0.6,0
09:33:35.824,270.029,FOCUSED,100.0,0.265,0.43,0.0,0,0,0.0,0
09:33:35.946,270.151,FOCUSED,100.0,0.298,0.436,0.0,0,0,0.0,0
09:33:36.077,270.282,FOCUSED,100.0,0.274,0.438,0.0,0,0,0.0,0
09:33:36.227,270.432,FOCUSED,100.0,0.277,0.434,0.0,0,0,0.0,0
09:33:36.333,270.538,FOCUSED,100.0,0.28,0.453,0.0,0,0,0.0,0
09:33:36.458,270.663,FOCUSED,100.0,0.284,0.445,0.0,0,0,0.0,0
09:33:36.566,270.771,FOCUSED,100.0,0.292,0.457,0.0,0,0,0.0,0
09:33:36.675,270.881,FOCUSED,100.0,0.171,0.463,0.0,0,0,0.6,0
09:33:36.788,270.994,FOCUSED,100.0,0.072,0.474,0.0,0,0,0.6,0
09:33:36.899,271.104,FOCUSED,100.0,0.073,0.473,0.0,0,0,0.6,0
09:33:37.006,271.211,FOCUSED,100.0,0.076,0.484,0.0,0,0,0.6,0
09:33:37.098,271.304,FOCUSED,100.0,0.077,0.484,0.0,0,0,0.6,0
09:33:37.193,271.398,FOCUSED,100.0,0.071,0.491,0.0,0,0,0.6,0
09:33:37.284,271.49,FOCUSED,100.0,0.073,0.49,0.0,0,0,0.6,0
09:33:37.379,271.584,FOCUSED,100.0,0.077,0.488,0.0,0,0,0.6,0
09:33:37.483,271.688,FOCUSED,100.0,0.075,0.494,0.0,0,0,0.6,0
09:33:37.586,271.791,FOCUSED,100.0,0.08,0.49,0.0,0,0,0.6,0
09:33:37.699,271.905,DROWSY,99.66,0.08,0.492,0.0,0,0,1.0,0
09:33:37.805,272.01,DROWSY,99.34,0.083,0.491,0.52,0,0,1.0,0
09:33:37.913,272.118,DROWSY,99.02,0.077,0.487,0.522,0,0,1.0,0
09:33:38.043,272.248,DROWSY,98.63,0.078,0.48,0.0,0,0,1.0,0
09:33:38.151,272.356,DROWSY,98.31,0.076,0.484,0.0,0,0,1.0,0
09:33:38.246,272.452,DROWSY,98.02,0.072,0.483,0.0,0,0,1.0,0
09:33:38.361,272.566,DROWSY,97.67,0.072,0.482,0.0,0,0,1.0,0
09:33:38.463,272.668,DROWSY,97.37,0.076,0.481,0.0,0,0,1.0,0
09:33:38.567,272.773,DROWSY,97.05,0.074,0.48,0.0,0,0,1.0,0
09:33:38.692,272.897,DROWSY,96.68,0.077,0.488,0.0,0,0,1.0,0
09:33:38.799,273.004,DROWSY,96.36,0.08,0.493,0.0,0,0,1.0,0
09:33:38.912,273.117,DROWSY,96.02,0.081,0.49,0.0,0,0,1.0,0
09:33:39.025,273.23,DROWSY,95.68,0.081,0.493,0.0,0,0,1.0,0
09:33:39.131,273.336,DROWSY,95.36,0.084,0.487,0.0,0,0,1.0,0
09:33:39.240,273.446,DROWSY,95.04,0.077,0.485,0.0,0,0,1.0,0
09:33:39.335,273.541,DROWSY,94.75,0.082,0.484,0.0,0,0,1.0,0
09:33:39.458,273.663,DROWSY,94.38,0.081,0.489,0.0,0,0,1.0,0
09:33:39.569,273.775,DROWSY,94.05,0.083,0.491,0.0,0,0,1.0,0
09:33:39.689,273.896,DROWSY,93.69,0.078,0.489,0.0,0,0,1.0,0
09:33:39.773,273.979,DROWSY,93.44,0.076,0.492,0.0,0,0,1.0,0
09:33:39.871,274.076,DROWSY,93.14,0.082,0.495,0.0,0,0,1.0,0
09:33:39.971,274.177,DROWSY,92.84,0.084,0.493,0.0,0,0,1.0,0
09:33:40.080,274.285,DROWSY,92.52,0.087,0.487,0.0,0,0,1.0,0
09:33:40.187,274.392,DROWSY,92.2,0.078,0.491,0.0,0,0,1.0,0
09:33:40.298,274.504,DROWSY,91.86,0.082,0.494,0.0,0,0,1.0,0
09:33:40.406,274.612,DROWSY,91.54,0.085,0.496,0.0,0,0,1.0,0
09:33:40.518,274.724,DROWSY,91.2,0.082,0.492,0.0,0,0,1.0,0
09:33:40.636,274.841,DROWSY,90.85,0.08,0.498,0.0,0,0,1.0,0
09:33:40.735,274.94,DROWSY,90.55,0.096,0.503,0.0,0,0,1.0,0
09:33:40.835,275.04,DROWSY,90.25,0.088,0.503,0.0,0,0,1.0,0
09:33:40.945,275.15,DROWSY,89.92,0.09,0.51,0.0,0,0,1.0,0
09:33:41.055,275.26,DROWSY,89.59,0.089,0.507,0.0,0,0,1.0,0
09:33:41.158,275.363,DROWSY,89.28,0.092,0.504,0.0,0,0,1.0,0
09:33:41.272,275.477,DROWSY,88.94,0.088,0.502,0.0,0,0,1.0,0
09:33:41.370,275.575,DROWSY,88.65,0.089,0.502,0.0,0,0,1.0,0
09:33:41.499,275.704,DROWSY,88.26,0.088,0.503,0.0,0,0,1.0,0
09:33:41.627,275.832,DROWSY,87.88,0.086,0.502,0.0,0,0,1.0,0
09:33:41.764,275.969,DROWSY,87.46,0.081,0.502,0.0,0,0,1.0,0
09:33:41.900,276.105,DROWSY,87.06,0.08,0.496,0.0,0,0,1.0,0
09:33:42.032,276.237,DROWSY,86.66,0.087,0.494,0.0,0,0,1.0,0
09:33:42.174,276.38,DROWSY,86.23,0.09,0.501,0.0,0,0,1.0,0
09:33:42.275,276.481,DROWSY,85.93,0.099,0.504,0.0,0,0,1.0,0
09:33:42.381,276.586,DROWSY,85.61,0.089,0.498,0.0,0,0,1.0,0
09:33:42.491,276.697,DROWSY,85.28,0.09,0.501,0.363,0,0,1.0,0
09:33:42.613,276.818,DROWSY,84.92,0.089,0.509,0.265,0,0,1.0,0
09:33:42.716,276.921,DROWSY,84.61,0.09,0.507,0.34,0,0,1.0,0
09:33:42.846,277.051,DROWSY,84.22,0.087,0.503,0.275,0,0,1.0,0
09:33:42.969,277.175,DROWSY,83.85,0.081,0.5,0.0,0,0,1.0,0
09:33:43.077,277.282,DROWSY,83.53,0.08,0.492,0.0,0,0,1.0,0
09:33:43.183,277.388,DROWSY,83.21,0.082,0.498,0.0,0,0,1.0,0
09:33:43.278,277.484,DROWSY,82.92,0.083,0.499,0.0,0,0,1.0,0
09:33:43.371,277.576,DROWSY,82.64,0.079,0.499,0.0,0,0,1.0,0
09:33:43.472,277.677,DROWSY,82.34,0.081,0.496,0.0,0,0,1.0,0
09:33:43.565,277.77,DROWSY,82.06,0.082,0.494,0.0,0,0,1.0,0
09:33:43.675,277.88,DROWSY,81.73,0.079,0.492,0.0,0,0,1.0,0
09:33:43.838,278.043,DROWSY,81.24,0.078,0.494,0.0,0,0,1.0,0
09:33:43.947,278.152,DROWSY,80.92,0.081,0.502,0.0,0,0,1.0,0
09:33:44.059,278.264,DROWSY,80.58,0.081,0.494,0.0,0,0,1.0,0
09:33:44.181,278.386,DROWSY,80.21,0.073,0.502,0.0,0,0,1.0,0
09:33:44.298,278.503,DROWSY,79.86,0.077,0.497,0.0,0,0,1.0,0
09:33:44.410,278.615,DROWSY,79.53,0.082,0.504,0.0,0,0,1.0,0
09:33:44.522,278.727,DROWSY,79.19,0.087,0.501,0.0,0,0,1.0,0
09:33:44.623,278.828,DROWSY,78.89,0.089,0.513,0.0,0,0,1.0,0
09:33:44.722,278.928,DROWSY,78.59,0.091,0.512,0.0,0,0,1.0,0
09:33:44.821,279.027,DROWSY,78.29,0.093,0.514,0.0,0,0,1.0,0
09:33:44.931,279.136,DROWSY,77.96,0.097,0.515,0.0,0,0,1.0,0
09:33:45.034,279.239,DROWSY,77.65,0.096,0.513,0.0,0,0,1.0,0
09:33:45.139,279.344,DROWSY,77.34,0.092,0.514,0.0,0,0,1.0,0
09:33:45.228,279.433,DROWSY,77.07,0.091,0.513,0.0,0,0,1.0,0
09:33:45.351,279.556,DROWSY,76.71,0.095,0.514,0.0,0,0,1.0,0
09:33:45.449,279.655,DROWSY,76.41,0.093,0.515,0.0,0,0,1.0,0
09:33:45.567,279.772,DROWSY,76.06,0.092,0.51,0.0,0,0,1.0,0
09:33:45.681,279.886,DROWSY,75.71,0.092,0.512,0.0,0,0,1.0,0
09:33:45.768,279.973,DROWSY,75.45,0.096,0.501,0.0,0,0,1.0,0
09:33:45.880,280.085,DROWSY,75.12,0.085,0.502,0.0,0,0,1.0,0
09:33:45.968,280.173,DROWSY,74.85,0.088,0.503,0.0,0,0,1.0,0
09:33:46.075,280.28,DROWSY,74.53,0.083,0.508,0.0,0,0,1.0,0
09:33:46.163,280.368,DROWSY,74.27,0.086,0.508,0.0,0,0,1.0,0
09:33:46.269,280.475,DROWSY,73.95,0.085,0.506,0.0,0,0,1.0,0
09:33:46.382,280.587,DROWSY,73.61,0.08,0.506,0.0,0,0,1.0,0
09:33:46.475,280.68,DROWSY,73.33,0.086,0.502,0.0,0,0,1.0,0
09:33:46.579,280.784,DROWSY,73.02,0.082,0.504,0.0,0,0,1.0,0
09:33:46.693,280.898,DROWSY,72.68,0.087,0.5,0.0,0,0,1.0,0
09:33:46.810,281.015,DROWSY,72.33,0.083,0.502,0.0,0,0,1.0,0
09:33:46.933,281.139,DROWSY,71.96,0.08,0.501,0.0,0,0,1.0,0
09:33:47.039,281.244,DROWSY,71.64,0.077,0.497,0.0,0,0,1.0,0
09:33:47.160,281.365,DROWSY,71.28,0.08,0.499,0.0,0,0,1.0,0
09:33:47.282,281.487,DROWSY,70.91,0.086,0.495,0.0,0,0,1.0,0
09:33:47.387,281.593,DROWSY,70.6,0.086,0.499,0.0,0,0,1.0,0
09:33:47.484,281.689,DROWSY,70.3,0.082,0.503,0.0,0,0,1.0,0
09:33:47.592,281.798,DROWSY,69.98,0.079,0.495,0.0,0,0,1.0,0
09:33:47.704,281.909,DROWSY,69.64,0.08,0.494,0.0,0,0,1.0,0
09:33:47.805,282.01,DROWSY,69.34,0.084,0.494,0.0,0,0,1.0,0
09:33:47.905,282.11,DROWSY,69.04,0.073,0.491,0.0,0,0,1.0,0
09:33:48.001,282.206,DROWSY,68.75,0.075,0.495,0.0,0,0,1.0,0
09:33:48.118,282.323,DROWSY,68.4,0.08,0.5,0.0,0,0,1.0,0
09:33:48.264,282.469,DROWSY,67.97,0.08,0.508,0.0,0,0,1.0,0
09:33:48.417,282.622,DROWSY,67.51,0.088,0.513,0.0,0,0,1.0,0
09:33:48.517,282.723,DROWSY,67.2,0.079,0.51,0.0,0,0,1.0,0
09:33:48.620,282.825,DROWSY,66.9,0.087,0.515,0.0,0,0,1.0,0
09:33:48.713,282.918,DROWSY,66.62,0.082,0.52,0.0,0,0,1.0,0
09:33:48.819,283.024,DROWSY,66.3,0.082,0.523,0.0,0,0,1.0,0
09:33:48.928,283.133,DROWSY,65.97,0.083,0.523,0.0,0,0,1.0,0
09:33:49.038,283.244,DROWSY,65.64,0.079,0.523,0.0,0,0,1.0,0
09:33:49.140,283.346,DROWSY,65.34,0.085,0.528,0.0,0,0,1.0,0
09:33:49.249,283.454,DROWSY,65.01,0.084,0.522,0.0,0,0,1.0,0
09:33:49.384,283.59,DROWSY,64.6,0.092,0.514,0.0,0,0,1.0,0
09:33:49.491,283.696,DROWSY,64.28,0.092,0.516,0.0,0,0,1.0,0
09:33:49.595,283.8,DROWSY,63.97,0.089,0.507,0.0,0,0,1.0,0
09:33:49.708,283.914,DROWSY,63.63,0.079,0.498,0.0,0,0,1.0,0
09:33:49.844,284.05,DROWSY,63.22,0.076,0.493,0.0,0,0,1.0,0
09:33:49.946,284.152,DROWSY,62.92,0.074,0.487,0.0,0,0,1.0,0
09:33:50.060,284.265,DROWSY,62.58,0.074,0.478,0.0,0,0,1.0,0
09:33:50.176,284.381,DROWSY,62.23,0.081,0.467,0.0,0,0,1.0,0
09:33:50.286,284.491,DROWSY,61.9,0.071,0.462,0.0,0,0,1.0,0
09:33:50.390,284.595,DROWSY,61.59,0.078,0.452,0.0,0,0,1.0,0
09:33:50.492,284.697,DROWSY,61.28,0.081,0.443,0.0,0,0,1.0,0
09:33:50.596,284.801,DROWSY,60.97,0.077,0.434,0.0,0,0,1.0,0
09:33:50.746,284.951,DROWSY,60.52,0.082,0.437,0.0,0,0,1.0,0
09:33:50.862,285.067,DROWSY,60.17,0.079,0.438,0.0,0,0,1.0,0
09:33:50.990,285.196,DROWSY,59.79,0.086,0.42,0.0,0,0,1.0,0
09:33:51.109,285.315,DROWSY,59.43,0.077,0.429,0.0,0,0,1.0,0
09:33:51.226,285.432,DROWSY,59.08,0.1,0.432,0.0,0,0,1.0,0
09:33:51.346,285.551,DROWSY,58.72,0.079,0.445,0.0,0,0,1.0,0
09:33:51.481,285.686,DROWSY,58.31,0.067,0.425,0.0,0,0,1.0,0
09:33:51.597,285.802,DROWSY,57.97,0.067,0.421,0.0,0,0,1.0,0
09:33:51.734,285.939,DROWSY,57.56,0.066,0.412,0.0,0,0,1.0,0
09:33:51.851,286.057,DROWSY,57.2,0.06,0.409,0.0,0,0,1.0,0
09:33:51.988,286.193,DROWSY,56.79,0.06,0.429,0.0,0,0,1.0,0
09:33:52.116,286.322,DROWSY,56.41,0.062,0.41,0.0,0,0,1.0,0
09:33:52.236,286.441,DROWSY,56.05,0.068,0.406,0.0,0,0,1.0,0
09:33:52.360,286.565,DROWSY,55.68,0.081,0.401,0.0,0,0,1.0,0
09:33:52.477,286.682,DROWSY,55.33,0.064,0.429,0.0,0,0,1.0,0
09:33:52.620,286.825,DROWSY,54.9,0.077,0.439,0.0,0,0,1.0,0
09:33:52.757,286.962,DROWSY,54.48,0.068,0.44,0.0,0,0,1.0,0
09:33:52.862,287.068,DROWSY,54.17,0.077,0.461,0.0,0,0,1.0,0
09:33:53.005,287.211,DROWSY,53.74,0.074,0.464,0.0,0,0,1.0,0
09:33:53.124,287.329,DROWSY,53.38,0.083,0.474,0.0,0,0,1.0,0
09:33:53.259,287.465,DROWSY,52.98,0.078,0.482,0.0,0,0,1.0,0
09:33:53.450,287.655,DROWSY,52.41,0.081,0.486,0.0,0,0,1.0,0
09:33:53.586,287.791,DROWSY,52.0,0.072,0.482,0.0,0,0,1.0,0
09:33:53.696,287.901,DROWSY,51.67,0.074,0.475,0.0,0,0,1.0,0
09:33:53.793,287.999,DROWSY,51.38,0.072,0.459,0.0,0,0,1.0,0
09:33:53.939,288.144,DROWSY,50.94,0.07,0.46,0.0,0,0,1.0,0
09:33:54.082,288.287,DROWSY,50.51,0.067,0.45,0.0,0,0,1.0,0
09:33:54.224,288.429,DROWSY,50.08,0.064,0.445,0.0,0,0,1.0,0
09:33:54.343,288.548,DROWSY,49.73,0.067,0.432,0.0,0,0,1.0,0
09:33:54.478,288.683,DROWSY,49.32,0.075,0.429,0.0,0,0,1.0,0
09:33:54.619,288.824,DROWSY,48.9,0.072,0.438,0.0,0,0,1.0,0
09:33:54.726,288.931,DROWSY,48.58,0.072,0.431,0.0,0,0,1.0,0
09:33:54.842,289.048,DROWSY,48.23,0.074,0.439,0.0,0,0,1.0,0
09:33:54.977,289.183,DROWSY,47.82,0.08,0.438,0.0,0,0,1.0,0
09:33:55.105,289.31,DROWSY,47.44,0.078,0.445,0.0,0,0,1.0,0
09:33:55.239,289.444,DROWSY,47.04,0.079,0.461,0.0,0,0,1.0,0
09:33:55.353,289.558,DROWSY,46.7,0.084,0.47,0.0,0,0,1.0,0
09:33:55.477,289.682,DROWSY,46.33,0.076,0.47,0.0,0,0,1.0,0
09:33:55.599,289.804,DROWSY,45.96,0.07,0.457,0.0,0,0,1.0,0
09:33:55.731,289.936,DROWSY,45.56,0.072,0.437,0.0,0,0,1.0,0
09:33:55.861,290.066,DROWSY,45.17,0.069,0.429,0.0,0,0,1.0,0
09:33:55.995,290.2,DROWSY,44.77,0.076,0.417,0.0,0,0,1.0,0
09:33:56.127,290.332,DROWSY,44.38,0.073,0.413,0.0,0,0,1.0,0
09:33:56.261,290.466,DROWSY,43.97,0.061,0.409,0.0,0,0,1.0,0
09:33:56.403,290.608,DROWSY,43.55,0.068,0.417,0.0,0,0,1.0,0
09:33:56.559,290.765,DROWSY,43.08,0.065,0.427,0.0,0,0,1.0,0
09:33:56.664,290.869,DROWSY,42.76,0.063,0.434,0.0,0,0,1.0,0
09:33:56.773,290.978,DROWSY,42.44,0.064,0.436,0.0,0,0,1.0,0
09:33:56.871,291.076,DROWSY,42.14,0.069,0.45,0.0,0,0,1.0,0
09:33:56.980,291.186,DROWSY,41.82,0.074,0.461,0.0,0,0,1.0,0
09:33:57.088,291.293,DROWSY,41.49,0.082,0.495,0.0,0,0,1.0,0
09:33:57.197,291.403,DROWSY,41.16,0.082,0.497,0.0,0,0,1.0,0
09:33:57.309,291.514,DROWSY,40.83,0.086,0.501,0.0,0,0,1.0,0
09:33:57.461,291.667,DROWSY,40.37,0.087,0.506,0.0,0,0,1.0,0
09:33:57.553,291.758,DROWSY,40.1,0.087,0.517,0.0,0,0,1.0,0
09:33:57.669,291.875,DROWSY,39.75,0.086,0.528,0.0,0,0,1.0,0
09:33:57.768,291.974,DROWSY,39.45,0.082,0.516,0.0,0,0,1.0,0
09:33:57.890,292.096,DROWSY,39.09,0.082,0.518,0.0,0,0,1.0,0
09:33:58.017,292.222,DROWSY,38.71,0.084,0.517,0.0,0,0,1.0,0
09:33:58.121,292.327,DROWSY,38.39,0.086,0.517,0.0,0,0,1.0,0
09:33:58.235,292.44,DROWSY,38.05,0.084,0.516,0.0,0,0,1.0,0
09:33:58.348,292.553,DROWSY,37.71,0.091,0.516,0.0,0,0,1.0,0
09:33:58.477,292.683,DROWSY,37.32,0.085,0.51,0.0,0,0,1.0,0
09:33:58.586,292.791,DROWSY,37.0,0.089,0.506,0.0,0,0,1.0,0
09:33:58.695,292.9,DROWSY,36.67,0.078,0.513,0.0,0,0,1.0,0
09:33:58.802,293.007,DROWSY,36.35,0.082,0.514,0.0,0,0,1.0,0
09:33:58.905,293.11,DROWSY,36.04,0.081,0.51,0.0,0,0,1.0,0
09:33:59.016,293.221,DROWSY,35.71,0.083,0.515,0.0,0,0,1.0,0
09:33:59.126,293.331,DROWSY,35.38,0.08,0.511,0.0,0,0,1.0,0
09:33:59.248,293.453,DROWSY,35.01,0.086,0.512,0.0,0,0,1.0,0
09:33:59.343,293.548,DROWSY,34.73,0.083,0.507,0.0,0,0,1.0,0
09:33:59.461,293.666,DROWSY,34.37,0.076,0.508,0.0,0,0,1.0,0
09:33:59.579,293.784,DROWSY,34.02,0.08,0.516,0.0,0,0,1.0,0
09:33:59.684,293.89,DROWSY,33.7,0.084,0.512,0.0,0,0,1.0,0
09:33:59.800,294.005,DROWSY,33.36,0.082,0.51,0.0,0,0,1.0,0
09:33:59.911,294.117,DROWSY,33.02,0.081,0.507,0.0,0,0,1.0,0
09:34:00.007,294.212,DROWSY,32.74,0.082,0.512,0.0,0,0,1.0,0
09:34:00.113,294.319,DROWSY,32.42,0.083,0.518,0.0,0,0,1.0,0
09:34:00.234,294.439,DROWSY,32.06,0.08,0.511,0.0,0,0,1.0,0
09:34:00.341,294.546,DROWSY,31.74,0.079,0.509,0.0,0,0,1.0,0
09:34:00.453,294.658,DROWSY,31.4,0.079,0.507,0.0,0,0,1.0,0
09:34:00.555,294.76,DROWSY,31.09,0.081,0.504,0.0,0,0,1.0,0
09:34:00.663,294.868,DROWSY,30.77,0.08,0.501,0.0,0,0,1.0,0
09:34:00.771,294.976,DROWSY,30.44,0.079,0.499,0.0,0,0,1.0,0
09:34:00.879,295.085,DROWSY,30.12,0.082,0.498,0.0,0,0,1.0,0
09:34:00.981,295.187,DROWSY,29.81,0.08,0.495,0.0,0,0,1.0,0
09:34:01.084,295.289,DROWSY,29.51,0.085,0.495,0.0,0,0,1.0,0
09:34:01.209,295.414,DROWSY,29.13,0.084,0.503,0.0,0,0,1.0,0
09:34:01.309,295.515,DROWSY,28.83,0.084,0.502,0.0,0,0,1.0,0
09:34:01.421,295.627,DROWSY,28.49,0.083,0.505,0.0,0,0,1.0,0
09:34:01.523,295.728,DROWSY,28.19,0.085,0.502,0.0,0,0,1.0,0
09:34:01.621,295.826,DROWSY,27.89,0.081,0.509,0.0,0,0,1.0,0
09:34:01.745,295.95,DROWSY,27.52,0.079,0.505,0.0,0,0,1.0,0
09:34:01.844,296.049,DROWSY,27.23,0.083,0.499,0.0,0,0,1.0,0
09:34:01.941,296.146,DROWSY,26.93,0.082,0.502,0.0,0,0,1.0,0
09:34:02.061,296.266,DROWSY,26.57,0.084,0.502,0.0,0,0,1.0,0
09:34:02.164,296.369,DROWSY,26.26,0.084,0.507,0.0,0,0,1.0,0
09:34:02.274,296.479,DROWSY,25.94,0.078,0.505,0.0,0,0,1.0,0
09:34:02.380,296.586,DROWSY,25.62,0.086,0.505,0.0,0,0,1.0,0
09:34:02.493,296.699,DROWSY,25.28,0.078,0.505,0.0,0,0,1.0,0
09:34:02.607,296.812,DROWSY,24.94,0.08,0.501,0.0,0,0,1.0,0
09:34:02.713,296.918,DROWSY,24.62,0.079,0.508,0.0,0,0,1.0,0
09:34:02.823,297.028,DROWSY,24.29,0.079,0.505,0.0,0,0,1.0,0
09:34:02.933,297.138,DROWSY,23.96,0.083,0.503,0.0,0,0,1.0,0
09:34:03.031,297.236,DROWSY,23.67,0.079,0.507,0.0,0,0,1.0,0
09:34:03.153,297.358,DROWSY,23.3,0.08,0.509,0.0,0,0,1.0,0
09:34:03.268,297.473,DROWSY,22.95,0.079,0.509,0.0,0,0,1.0,0
09:34:03.379,297.585,DROWSY,22.62,0.081,0.509,0.0,0,0,1.0,0
09:34:03.493,297.699,DROWSY,22.28,0.08,0.506,0.0,0,0,1.0,0
09:34:03.598,297.803,DROWSY,21.96,0.08,0.51,0.0,0,0,1.0,0
09:34:03.713,297.918,DROWSY,21.62,0.082,0.508,0.0,0,0,1.0,0
09:34:03.869,298.074,DROWSY,21.15,0.084,0.507,0.0,0,0,1.0,0
09:34:03.993,298.198,DROWSY,20.78,0.076,0.506,0.0,0,0,1.0,0
09:34:04.100,298.305,DROWSY,20.46,0.086,0.512,0.0,0,0,1.0,0
09:34:04.241,298.446,DROWSY,20.04,0.081,0.507,0.0,0,0,1.0,0
09:34:04.350,298.555,DROWSY,19.71,0.082,0.505,0.0,0,0,1.0,0
09:34:04.467,298.672,DROWSY,19.36,0.083,0.507,0.0,0,0,1.0,0
09:34:04.586,298.792,DROWSY,19.0,0.09,0.508,0.0,0,0,1.0,0
09:34:04.687,298.893,DROWSY,18.7,0.082,0.498,0.0,0,0,1.0,0
09:34:04.799,299.004,DROWSY,18.36,0.081,0.501,0.0,0,0,1.0,0
09:34:04.909,299.114,DROWSY,18.03,0.082,0.5,0.0,0,0,1.0,0
09:34:05.013,299.218,DROWSY,17.72,0.085,0.507,0.0,0,0,1.0,0
09:34:05.121,299.326,DROWSY,17.4,0.081,0.502,0.0,0,0,1.0,0
09:34:05.237,299.442,DROWSY,17.05,0.082,0.501,0.0,0,0,1.0,0
09:34:05.391,299.596,DROWSY,16.58,0.084,0.505,0.0,0,0,1.0,0
09:34:05.507,299.712,DROWSY,16.24,0.086,0.506,0.0,0,0,1.0,0
09:34:05.618,299.823,DROWSY,15.9,0.085,0.502,0.0,0,0,1.0,0
09:34:05.745,299.95,DROWSY,15.52,0.078,0.504,0.0,0,0,1.0,0
09:34:05.854,300.06,DROWSY,15.19,0.084,0.504,0.0,0,0,1.0,0
09:34:05.960,300.166,DROWSY,14.88,0.085,0.504,0.0,0,0,1.0,0
09:34:06.071,300.276,DROWSY,14.54,0.082,0.507,0.0,0,0,1.0,0
09:34:06.188,300.393,DROWSY,14.19,0.083,0.496,0.0,0,0,1.0,0
09:34:06.314,300.519,DROWSY,13.81,0.086,0.499,0.0,0,0,1.0,0
09:34:06.411,300.617,DROWSY,13.52,0.081,0.511,0.0,0,0,1.0,0
09:34:06.527,300.732,DROWSY,13.17,0.082,0.514,0.0,0,0,1.0,0
09:34:06.639,300.844,DROWSY,12.84,0.088,0.514,0.0,0,0,1.0,0
09:34:06.769,300.974,DROWSY,12.45,0.09,0.519,0.0,0,0,1.0,0
09:34:06.890,301.096,DROWSY,12.09,0.085,0.511,0.0,0,0,1.0,0
09:34:06.996,301.201,DROWSY,11.77,0.091,0.51,0.0,0,0,1.0,0
09:34:07.121,301.326,DROWSY,11.39,0.09,0.509,0.0,0,0,1.0,0
09:34:07.273,301.479,DROWSY,10.94,0.086,0.507,0.0,0,0,1.0,0
09:34:07.399,301.605,DROWSY,10.56,0.087,0.512,0.0,0,0,1.0,0
09:34:07.519,301.724,DROWSY,10.2,0.083,0.508,0.0,0,0,1.0,0
09:34:07.634,301.839,DROWSY,9.86,0.081,0.509,0.0,0,0,1.0,0
09:34:07.746,301.951,DROWSY,9.52,0.078,0.512,0.0,0,0,1.0,0
09:34:07.848,302.053,DROWSY,9.21,0.084,0.513,0.0,0,0,1.0,0
09:34:07.974,302.18,DROWSY,8.83,0.088,0.511,0.0,0,0,1.0,0
09:34:08.078,302.283,DROWSY,8.52,0.085,0.51,0.0,0,0,1.0,0
09:34:08.191,302.396,DROWSY,8.18,0.089,0.51,0.0,0,0,1.0,0
09:34:08.297,302.502,DROWSY,7.87,0.083,0.513,0.0,0,0,1.0,0
09:34:08.391,302.596,DROWSY,7.59,0.081,0.511,0.0,0,0,1.0,0
09:34:08.486,302.691,DROWSY,7.3,0.081,0.51,0.0,0,0,1.0,0
09:34:08.611,302.816,DROWSY,6.92,0.086,0.51,0.0,0,0,1.0,0
09:34:08.719,302.924,DROWSY,6.6,0.087,0.51,0.0,0,0,1.0,0
09:34:08.821,303.026,DROWSY,6.29,0.088,0.509,0.0,0,0,1.0,0
09:34:08.976,303.181,DROWSY,5.83,0.081,0.51,0.0,0,0,1.0,0
09:34:09.080,303.286,DROWSY,5.52,0.08,0.51,0.0,0,0,1.0,0
09:34:09.196,303.402,DROWSY,5.17,0.081,0.511,0.0,0,0,1.0,0
09:34:09.313,303.518,DROWSY,4.82,0.084,0.514,0.0,0,0,1.0,0
09:34:09.425,303.63,DROWSY,4.48,0.083,0.507,0.0,0,0,1.0,0
09:34:09.533,303.738,DROWSY,4.16,0.086,0.509,0.0,0,0,1.0,0
09:34:09.636,303.842,DROWSY,3.85,0.084,0.506,0.0,0,0,1.0,0
09:34:09.751,303.956,DROWSY,3.5,0.081,0.508,0.0,0,0,1.0,0
09:34:09.864,304.069,DROWSY,3.16,0.08,0.506,0.0,0,0,1.0,0
09:34:09.960,304.165,DROWSY,2.88,0.078,0.504,0.0,0,0,1.0,0
09:34:10.075,304.282,DROWSY,2.53,0.079,0.505,0.0,0,0,1.0,0
09:34:10.216,304.422,DROWSY,2.11,0.084,0.503,0.0,0,0,1.0,0
09:34:10.325,304.53,DROWSY,1.78,0.084,0.505,0.0,0,0,1.0,0
09:34:10.435,304.641,DROWSY,1.45,0.085,0.508,0.0,0,0,1.0,0
09:34:10.538,304.743,DROWSY,1.14,0.083,0.511,0.0,0,0,1.0,0
09:34:10.660,304.865,DROWSY,0.78,0.087,0.503,0.0,0,0,1.0,0
09:34:10.762,304.968,DROWSY,0.47,0.081,0.509,0.0,0,0,1.0,0
09:34:10.882,305.087,DROWSY,0.11,0.086,0.509,0.0,0,0,1.0,0
09:34:10.983,305.188,DROWSY,0.0,0.082,0.505,0.0,0,0,1.0,0
09:34:11.090,305.295,DROWSY,0.0,0.082,0.505,0.0,0,0,1.0,0
09:34:11.196,305.401,DROWSY,0.0,0.082,0.509,0.0,0,0,1.0,0
09:34:11.312,305.517,DROWSY,0.0,0.084,0.506,0.0,0,0,1.0,0
09:34:11.428,305.634,DROWSY,0.0,0.086,0.507,0.0,0,0,1.0,0
09:34:11.537,305.742,DROWSY,0.0,0.083,0.506,0.0,0,0,1.0,0
09:34:11.648,305.853,DROWSY,0.0,0.078,0.499,0.0,0,0,1.0,0
09:34:11.751,305.956,DROWSY,0.0,0.083,0.509,0.0,0,0,1.0,0
09:34:11.861,306.066,DROWSY,0.0,0.082,0.506,0.0,0,0,1.0,0
09:34:11.963,306.169,DROWSY,0.0,0.08,0.506,0.0,0,0,1.0,0
09:34:12.061,306.267,DROWSY,0.0,0.08,0.506,0.0,0,0,1.0,0
09:34:12.177,306.382,DROWSY,0.0,0.08,0.505,0.0,0,0,1.0,0
09:34:12.273,306.478,DROWSY,0.0,0.084,0.508,0.0,0,0,1.0,0
09:34:12.357,306.562,DROWSY,0.0,0.08,0.51,0.0,0,0,1.0,0
09:34:12.444,306.649,DROWSY,0.0,0.083,0.51,0.0,0,0,1.0,0
09:34:12.535,306.74,DROWSY,0.0,0.083,0.51,0.0,0,0,1.0,0
09:34:12.642,306.848,DROWSY,0.0,0.083,0.509,0.0,0,0,1.0,0
09:34:12.786,306.992,DROWSY,0.0,0.09,0.516,0.0,0,0,1.0,0
09:34:12.893,307.098,DROWSY,0.0,0.086,0.509,0.0,0,0,1.0,0
09:34:12.995,307.2,DROWSY,0.0,0.082,0.512,0.0,0,0,1.0,0
09:34:13.103,307.308,DROWSY,0.0,0.082,0.509,0.0,0,0,1.0,0
09:34:13.221,307.426,DROWSY,0.0,0.081,0.508,0.0,0,0,1.0,0
09:34:13.328,307.533,DROWSY,0.0,0.086,0.513,0.0,0,0,1.0,0
09:34:13.437,307.642,DROWSY,0.0,0.089,0.507,0.0,0,0,1.0,0
09:34:13.549,307.755,DROWSY,0.0,0.122,0.521,0.0,0,0,1.0,0
09:34:13.658,307.863,DROWSY,0.0,0.303,0.523,0.0,0,0,1.0,0
09:34:13.763,307.968,DROWSY,0.0,0.312,0.482,0.0,0,0,1.0,0
09:34:13.871,308.076,DROWSY,0.0,0.317,0.453,0.0,0,0,1.0,0
09:34:14.011,308.216,DROWSY,0.0,0.308,0.431,0.0,0,0,1.0,0
09:34:14.159,308.365,FOCUSED,0.0,0.296,0.401,0.0,0,0,0.0,0
09:34:14.270,308.475,FOCUSED,0.0,0.288,0.395,0.0,0,0,0.0,0
09:34:14.380,308.585,FOCUSED,0.0,0.277,0.424,0.0,0,0,0.0,0
09:34:14.489,308.694,FOCUSED,0.0,0.281,0.428,0.0,0,0,0.0,0
09:34:14.599,308.804,FOCUSED,0.0,0.283,0.432,0.0,0,0,0.0,0
09:34:14.700,308.905,FOCUSED,0.0,0.272,0.431,0.0,0,0,0.0,0
09:34:14.821,309.026,FOCUSED,0.0,0.28,0.433,0.0,0,0,0.0,0
09:34:14.926,309.132,FOCUSED,0.0,0.278,0.447,0.0,0,0,0.0,0
09:34:15.046,309.251,FOCUSED,0.0,0.274,0.448,0.0,0,0,0.0,0
09:34:15.172,309.377,FOCUSED,0.0,0.276,0.446,0.0,0,0,0.0,0
09:34:15.275,309.48,FOCUSED,0.0,0.276,0.449,0.0,0,0,0.0,0
09:34:15.392,309.597,FOCUSED,0.0,0.272,0.435,0.0,0,0,0.0,0
09:34:15.513,309.719,FOCUSED,0.0,0.291,0.435,0.0,0,0,0.0,0
09:34:15.617,309.822,FOCUSED,0.0,0.288,0.426,0.0,0,0,0.0,0
09:34:15.708,309.913,FOCUSED,0.0,0.287,0.421,0.0,0,0,0.0,0
09:34:15.818,310.023,FOCUSED,0.0,0.292,0.422,0.0,0,0,0.0,0
09:34:15.918,310.123,FOCUSED,0.0,0.294,0.417,0.0,0,0,0.0,0
09:34:16.073,310.278,FOCUSED,0.0,0.281,0.425,0.0,0,0,0.0,0
09:34:16.206,310.411,FOCUSED,0.0,0.294,0.438,0.0,0,0,0.0,0
09:34:16.329,310.534,FOCUSED,0.0,0.285,0.433,0.0,0,0,0.0,0
09:34:16.478,310.683,FOCUSED,0.0,0.282,0.431,0.0,0,0,0.0,0
09:34:16.628,310.833,FOCUSED,0.0,0.287,0.427,0.0,0,0,0.0,0
09:34:16.757,310.962,FOCUSED,0.0,0.289,0.43,0.0,0,0,0.0,0
09:34:16.910,311.116,FOCUSED,0.0,0.295,0.431,0.0,0,0,0.0,0
09:34:17.032,311.237,FOCUSED,0.0,0.295,0.431,0.0,0,0,0.0,0
09:34:17.161,311.366,FOCUSED,0.0,0.297,0.424,0.0,0,0,0.0,0
09:34:17.311,311.516,FOCUSED,0.0,0.297,0.424,0.0,0,0,0.0,0
09:34:17.428,311.634,FOCUSED,0.0,0.3,0.425,0.0,0,0,0.0,0
09:34:17.540,311.745,FOCUSED,0.0,0.297,0.425,0.0,0,0,0.0,0
09:34:17.675,311.88,FOCUSED,0.0,0.306,0.424,0.0,0,0,0.0,0
09:34:17.773,311.979,FOCUSED,0.0,0.303,0.422,0.0,0,0,0.0,0
09:34:17.884,312.09,FOCUSED,0.0,0.304,0.422,0.0,0,0,0.0,0
09:34:17.994,312.201,FOCUSED,0.0,0.289,0.424,0.0,0,0,0.0,0
09:34:18.134,312.339,FOCUSED,0.0,0.296,0.424,0.0,0,0,0.0,0
09:34:18.265,312.47,FOCUSED,0.0,0.291,0.426,0.0,0,0,0.0,0
09:34:18.367,312.572,FOCUSED,0.0,0.297,0.424,0.0,0,0,0.0,0
09:34:18.465,312.67,FOCUSED,0.0,0.294,0.423,0.0,0,0,0.0,0
09:34:18.565,312.77,FOCUSED,0.0,0.294,0.42,0.0,0,0,0.0,0
09:34:18.660,312.865,FOCUSED,0.0,0.295,0.423,0.0,0,0,0.0,0
09:34:18.774,312.979,FOCUSED,0.0,0.294,0.422,0.0,0,0,0.0,0
09:34:18.867,313.073,FOCUSED,0.0,0.291,0.423,0.0,0,0,0.0,0
09:34:18.977,313.182,FOCUSED,0.0,0.299,0.427,0.0,0,0,0.0,0
09:34:19.088,313.293,FOCUSED,0.0,0.301,0.426,0.0,0,0,0.0,0
09:34:19.192,313.397,FOCUSED,0.0,0.304,0.424,0.0,0,0,0.0,0
09:34:19.304,313.51,FOCUSED,0.0,0.307,0.422,0.0,0,0,0.0,0
09:34:19.408,313.613,FOCUSED,0.0,0.3,0.417,0.0,0,0,0.0,0
09:34:19.533,313.738,FOCUSED,0.0,0.301,0.42,0.0,0,0,0.0,0
09:34:19.649,313.854,FOCUSED,0.0,0.304,0.421,0.0,0,0,0.0,0
09:34:19.765,313.97,FOCUSED,0.0,0.306,0.422,0.0,0,0,0.0,0
09:34:19.910,314.115,FOCUSED,0.0,0.304,0.427,0.0,0,0,0.0,0
09:34:20.054,314.259,FOCUSED,0.0,0.307,0.427,0.0,0,0,0.0,0
09:34:20.207,314.412,FOCUSED,0.0,0.31,0.426,0.0,0,0,0.0,0
09:34:20.344,314.549,FOCUSED,0.0,0.309,0.427,0.0,0,0,0.0,0
09:34:20.480,314.686,FOCUSED,0.0,0.312,0.427,0.0,0,0,0.0,0
09:34:20.627,314.832,FOCUSED,0.0,0.308,0.428,0.0,0,0,0.0,0
09:34:20.758,314.963,FOCUSED,0.0,0.306,0.424,0.0,0,0,0.0,0
09:34:20.891,315.096,FOCUSED,0.0,0.306,0.429,0.0,0,0,0.0,0
09:34:21.018,315.223,FOCUSED,0.0,0.309,0.43,0.0,0,0,0.0,0
09:34:21.141,315.346,FOCUSED,0.0,0.307,0.428,0.0,0,0,0.0,0
09:34:21.271,315.476,FOCUSED,0.0,0.311,0.434,0.0,0,0,0.0,0
09:34:21.391,315.596,FOCUSED,0.0,0.311,0.432,0.0,0,0,0.0,0
09:34:21.516,315.721,FOCUSED,0.0,0.307,0.43,0.0,0,0,0.0,0
09:34:21.634,315.839,FOCUSED,0.0,0.31,0.428,0.0,0,0,0.0,0
09:34:21.758,315.963,FOCUSED,0.0,0.314,0.43,0.0,0,0,0.0,0
09:34:21.892,316.098,FOCUSED,0.0,0.312,0.431,0.0,0,0,0.0,0
09:34:22.030,316.236,FOCUSED,0.0,0.299,0.425,0.0,0,0,0.0,0
09:34:22.133,316.338,FOCUSED,0.0,0.288,0.425,0.0,0,0,0.0,0
09:34:22.269,316.475,FOCUSED,0.0,0.311,0.436,0.0,0,0,0.0,0
09:34:22.416,316.621,FOCUSED,0.0,0.318,0.445,0.0,0,0,0.0,0
09:34:22.546,316.751,FOCUSED,0.0,0.323,0.478,0.0,0,0,0.0,0
09:34:22.690,316.895,FOCUSED,0.0,0.316,0.497,0.0,0,0,0.0,0
09:34:22.812,317.018,FOCUSED,0.0,0.309,0.526,0.0,0,0,0.0,0
09:34:22.950,317.155,FOCUSED,0.0,0.318,0.532,0.0,0,0,0.0,0
09:34:23.088,317.293,FOCUSED,0.0,0.316,0.534,0.0,0,0,0.0,0
09:34:23.250,317.455,FOCUSED,0.0,0.315,0.531,0.0,0,0,0.0,0
09:34:23.384,317.589,FOCUSED,0.0,0.314,0.531,0.0,0,0,0.0,0
09:34:23.498,317.703,FOCUSED,0.0,0.331,0.472,0.0,0,0,0.0,0
09:34:23.653,317.858,FOCUSED,0.0,0.328,0.472,0.0,0,0,0.0,0
09:34:23.769,317.974,FOCUSED,0.0,0.318,0.472,0.0,0,0,0.0,0
09:34:23.880,318.085,FOCUSED,0.0,0.307,0.464,0.0,0,0,0.0,0
09:34:23.999,318.204,FOCUSED,0.0,0.316,0.461,0.0,0,0,0.0,0
09:34:24.140,318.345,FOCUSED,0.0,0.317,0.465,0.0,0,0,0.0,0
09:34:24.286,318.491,FOCUSED,0.0,0.249,0.46,0.0,0,0,0.0,0
09:34:24.391,318.597,FOCUSED,0.0,0.288,0.46,0.0,0,0,0.0,0
09:34:24.514,318.719,FOCUSED,0.0,0.234,0.453,0.0,0,0,0.0,0
09:34:24.642,318.847,FOCUSED,0.0,0.296,0.464,0.0,0,0,0.0,0
09:34:24.760,318.965,FOCUSED,0.0,0.308,0.462,0.0,0,0,0.0,0
09:34:24.865,319.071,FOCUSED,0.0,0.305,0.463,0.0,0,0,0.0,0
09:34:24.973,319.179,FOCUSED,0.0,0.301,0.459,0.0,0,0,0.0,0
09:34:25.076,319.281,FOCUSED,0.0,0.306,0.457,0.0,0,0,0.0,0
09:34:25.209,319.414,FOCUSED,0.0,0.306,0.459,0.0,0,0,0.0,0
09:34:25.301,319.506,FOCUSED,0.0,0.306,0.459,0.0,0,0,0.0,0
09:34:25.401,319.606,FOCUSED,0.0,0.307,0.458,0.0,0,0,0.0,0
09:34:25.513,319.718,FOCUSED,0.0,0.304,0.457,0.0,0,0,0.0,0
09:34:25.628,319.833,FOCUSED,0.0,0.31,0.458,0.0,0,0,0.0,0
09:34:25.759,319.964,FOCUSED,0.0,0.31,0.456,0.0,0,0,0.0,0
09:34:25.872,320.077,FOCUSED,0.0,0.31,0.45,0.0,0,0,0.0,0
09:34:25.997,320.202,FOCUSED,0.0,0.314,0.446,0.0,0,0,0.0,0
09:34:26.129,320.335,FOCUSED,0.0,0.319,0.437,0.0,0,0,0.0,0
09:34:26.228,320.433,FOCUSED,0.0,0.316,0.441,0.0,0,0,0.0,0
09:34:26.340,320.545,FOCUSED,0.0,0.305,0.443,0.0,0,0,0.0,0
09:34:26.440,320.645,FOCUSED,0.0,0.316,0.464,0.0,0,0,0.0,0
09:34:26.522,320.727,FOCUSED,0.0,0.311,0.497,0.0,0,0,0.0,0
09:34:26.637,320.842,FOCUSED,0.0,0.259,0.523,0.0,0,0,0.0,0
09:34:26.751,320.956,FOCUSED,0.0,0.081,0.513,0.0,0,0,0.6,0
09:34:26.857,321.062,FOCUSED,0.0,0.082,0.521,0.0,0,0,0.6,0
09:34:26.970,321.175,FOCUSED,0.0,0.083,0.522,0.0,0,0,0.6,0
09:34:27.082,321.287,FOCUSED,0.0,0.141,0.487,0.0,0,0,0.6,0
09:34:27.200,321.405,FOCUSED,0.0,0.268,0.462,0.0,0,0,0.0,0
09:34:27.322,321.527,FOCUSED,0.0,0.279,0.435,0.0,0,0,0.0,0
09:34:27.458,321.663,FOCUSED,0.0,0.27,0.428,0.0,0,0,0.0,0
09:34:27.555,321.76,FOCUSED,0.0,0.267,0.418,0.0,0,0,0.0,0
09:34:27.664,321.869,FOCUSED,0.0,0.283,0.409,0.0,0,0,0.0,0
09:34:27.783,321.988,FOCUSED,0.0,0.276,0.406,0.0,0,0,0.0,0
09:34:27.874,322.079,FOCUSED,0.0,0.286,0.403,0.0,0,0,0.0,0
09:34:27.986,322.192,FOCUSED,0.0,0.282,0.404,0.0,0,0,0.0,0
09:34:28.091,322.296,FOCUSED,0.0,0.28,0.404,0.0,0,0,0.0,0
09:34:28.213,322.418,FOCUSED,0.0,0.285,0.405,0.0,0,0,0.0,0
09:34:28.334,322.539,FOCUSED,0.0,0.278,0.404,0.0,0,0,0.0,0
09:34:28.449,322.654,FOCUSED,0.0,0.282,0.404,0.0,0,0,0.0,0
09:34:28.546,322.752,FOCUSED,0.0,0.286,0.406,0.0,0,0,0.0,0
09:34:28.633,322.838,FOCUSED,0.0,0.273,0.409,0.0,0,0,0.0,0
09:34:28.741,322.946,FOCUSED,0.0,0.285,0.409,0.0,0,0,0.0,0
09:34:28.865,323.07,FOCUSED,0.0,0.288,0.412,0.0,0,0,0.0,0
09:34:28.976,323.181,FOCUSED,0.0,0.291,0.411,0.0,0,0,0.0,0
09:34:29.077,323.282,FOCUSED,0.0,0.288,0.408,0.0,0,0,0.0,0
09:34:29.183,323.388,FOCUSED,0.0,0.291,0.409,0.0,0,0,0.0,0
09:34:29.305,323.51,FOCUSED,0.0,0.295,0.407,0.0,0,0,0.0,0
09:34:29.407,323.612,FOCUSED,0.0,0.288,0.411,0.0,0,0,0.0,0
09:34:29.516,323.721,FOCUSED,0.0,0.114,0.432,0.0,0,0,0.6,0
09:34:29.645,323.85,FOCUSED,0.0,0.066,0.459,0.0,0,0,0.6,0
09:34:29.745,323.951,FOCUSED,0.0,0.08,0.48,0.0,0,0,0.6,0
09:34:29.841,324.046,FOCUSED,0.0,0.073,0.475,0.0,0,0,0.6,0
09:34:29.931,324.137,FOCUSED,0.0,0.074,0.471,0.0,0,0,0.6,0
09:34:30.060,324.265,FOCUSED,0.0,0.076,0.444,0.0,0,0,0.6,0
