timestamp,elapsed_sec,state,score,ear,pitch,phone_conf,hand_interaction,raw_absent,drowsy_score,phone_in_use
09:54:42.621,1.533,FOCUSED,100.0,0.267,0.352,0.0,0,0,0.0,0
09:54:42.722,1.635,FOCUSED,100.0,0.267,0.371,0.0,0,0,0.0,0
09:54:42.816,1.728,FOCUSED,100.0,0.275,0.383,0.0,0,0,0.0,0
09:54:42.911,1.824,FOCUSED,100.0,0.274,0.394,0.0,0,0,0.0,0
09:54:43.001,1.913,FOCUSED,100.0,0.278,0.396,0.0,0,0,0.0,0
09:54:43.090,2.002,FOCUSED,100.0,0.27,0.396,0.0,0,0,0.0,0
09:54:43.195,2.108,FOCUSED,100.0,0.281,0.391,0.0,0,0,0.0,0
09:54:43.310,2.223,FOCUSED,100.0,0.274,0.386,0.0,0,0,0.0,0
09:54:43.426,2.338,FOCUSED,100.0,0.284,0.394,0.0,0,0,0.0,0
09:54:43.520,2.432,FOCUSED,100.0,0.288,0.391,0.0,0,0,0.0,0
09:54:43.627,2.54,FOCUSED,100.0,0.293,0.39,0.0,0,0,0.0,0
09:54:43.725,2.638,FOCUSED,100.0,0.299,0.391,0.0,0,0,0.0,0
09:54:43.830,2.743,FOCUSED,100.0,0.303,0.393,0.0,0,0,0.0,0
09:54:43.913,2.825,FOCUSED,100.0,0.306,0.393,0.0,0,0,0.0,0
09:54:44.002,2.915,FOCUSED,100.0,0.312,0.392,0.0,0,0,0.0,0
09:54:44.102,3.015,FOCUSED,100.0,0.305,0.392,0.0,0,0,0.0,0
09:54:44.195,3.107,FOCUSED,100.0,0.302,0.39,0.0,0,0,0.0,0
09:54:44.290,3.202,FOCUSED,100.0,0.301,0.392,0.0,0,0,0.0,0
09:54:44.384,3.296,FOCUSED,100.0,0.296,0.393,0.0,0,0,0.0,0
09:54:44.482,3.394,FOCUSED,100.0,0.294,0.394,0.0,0,0,0.0,0
09:54:44.571,3.483,FOCUSED,100.0,0.294,0.393,0.0,0,0,0.0,0
09:54:44.657,3.57,FOCUSED,100.0,0.302,0.39,0.0,0,0,0.0,0
09:54:44.757,3.67,FOCUSED,100.0,0.302,0.389,0.0,0,0,0.0,0
09:54:44.855,3.768,FOCUSED,100.0,0.303,0.38,0.0,0,0,0.0,0
09:54:44.953,3.867,FOCUSED,100.0,0.3,0.379,0.0,0,0,0.0,0
09:54:45.049,3.962,FOCUSED,100.0,0.297,0.382,0.0,0,0,0.0,0
09:54:45.153,4.066,FOCUSED,100.0,0.294,0.385,0.0,0,0,0.0,0
09:54:45.257,4.17,FOCUSED,100.0,0.3,0.4,0.0,0,0,0.0,0
09:54:45.333,4.246,FOCUSED,100.0,0.304,0.402,0.0,0,0,0.0,0
09:54:45.414,4.327,FOCUSED,100.0,0.304,0.396,0.0,0,0,0.0,0
09:54:45.501,4.413,FOCUSED,100.0,0.3,0.394,0.0,0,0,0.0,0
09:54:45.601,4.513,FOCUSED,100.0,0.304,0.394,0.0,0,0,0.0,0
09:54:45.695,4.608,FOCUSED,100.0,0.312,0.389,0.0,0,0,0.0,0
09:54:45.795,4.708,FOCUSED,100.0,0.307,0.389,0.0,0,0,0.0,0
09:54:45.881,4.794,FOCUSED,100.0,0.303,0.387,0.0,0,0,0.0,0
09:54:45.984,4.897,FOCUSED,100.0,0.303,0.39,0.0,0,0,0.0,0
09:54:46.078,4.991,FOCUSED,100.0,0.302,0.384,0.0,0,0,0.0,0
09:54:46.173,5.086,FOCUSED,100.0,0.3,0.391,0.0,0,0,0.0,0
09:54:46.263,5.176,FOCUSED,100.0,0.305,0.396,0.0,0,0,0.0,0
09:54:46.351,5.264,FOCUSED,100.0,0.295,0.408,0.0,0,0,0.0,0
09:54:46.439,5.352,FOCUSED,100.0,0.296,0.405,0.0,0,0,0.0,0
09:54:46.534,5.447,FOCUSED,100.0,0.295,0.4,0.0,0,0,0.0,0
09:54:46.642,5.555,FOCUSED,100.0,0.289,0.398,0.0,0,0,0.0,0
09:54:46.744,5.657,FOCUSED,100.0,0.294,0.395,0.0,0,0,0.0,0
09:54:46.832,5.744,FOCUSED,100.0,0.299,0.39,0.0,0,0,0.0,0
09:54:46.944,5.856,FOCUSED,100.0,0.3,0.377,0.0,0,0,0.0,0
09:54:47.048,5.961,FOCUSED,100.0,0.291,0.375,0.0,0,0,0.0,0
09:54:47.151,6.064,FOCUSED,100.0,0.302,0.381,0.0,0,0,0.0,0
09:54:47.239,6.151,FOCUSED,100.0,0.324,0.402,0.0,0,0,0.0,0
09:54:47.345,6.258,FOCUSED,100.0,0.322,0.412,0.0,0,0,0.0,0
09:54:47.433,6.346,FOCUSED,100.0,0.338,0.415,0.0,0,0,0.0,0
09:54:47.523,6.435,FOCUSED,100.0,0.334,0.409,0.0,0,0,0.0,0
09:54:47.808,6.721,FOCUSED,100.0,0.338,0.407,0.0,0,0,0.0,0
09:54:48.024,6.936,FOCUSED,100.0,0.34,0.407,0.0,0,0,0.0,0
09:54:48.121,7.033,FOCUSED,100.0,0.344,0.398,0.0,0,0,0.0,0
09:54:48.214,7.127,FOCUSED,100.0,0.342,0.421,0.0,0,0,0.0,0
09:54:48.314,7.226,FOCUSED,100.0,0.347,0.415,0.0,0,0,0.0,0
09:54:48.408,7.32,FOCUSED,100.0,0.346,0.412,0.0,0,0,0.0,0
09:54:48.548,7.461,FOCUSED,100.0,0.338,0.407,0.0,0,0,0.0,0
09:54:48.682,7.595,FOCUSED,100.0,0.319,0.398,0.0,0,0,0.0,0
09:54:48.791,7.704,FOCUSED,100.0,0.325,0.382,0.0,0,0,0.0,0
09:54:48.878,7.791,FOCUSED,100.0,0.32,0.383,0.0,0,0,0.0,0
09:54:48.974,7.886,FOCUSED,100.0,0.317,0.406,0.0,0,0,0.0,0
09:54:49.056,7.969,FOCUSED,100.0,0.315,0.416,0.0,0,0,0.0,0
09:54:49.145,8.058,FOCUSED,100.0,0.317,0.414,0.0,0,0,0.0,0
09:54:49.227,8.139,FOCUSED,100.0,0.317,0.409,0.0,0,0,0.0,0
09:54:49.329,8.241,FOCUSED,100.0,0.31,0.41,0.0,0,0,0.0,0
09:54:49.417,8.33,FOCUSED,100.0,0.318,0.406,0.0,0,0,0.0,0
09:54:49.508,8.42,FOCUSED,100.0,0.316,0.398,0.0,0,0,0.0,0
09:54:49.602,8.515,FOCUSED,100.0,0.313,0.39,0.0,0,0,0.0,0
09:54:49.704,8.617,FOCUSED,100.0,0.309,0.386,0.0,0,0,0.0,0
09:54:49.807,8.72,FOCUSED,100.0,0.306,0.389,0.0,0,0,0.0,0
09:54:49.899,8.811,FOCUSED,100.0,0.301,0.405,0.0,0,0,0.0,0
09:54:49.995,8.908,FOCUSED,100.0,0.304,0.421,0.0,0,0,0.0,0
09:54:50.091,9.003,FOCUSED,100.0,0.309,0.416,0.0,0,0,0.0,0
09:54:50.183,9.096,FOCUSED,100.0,0.304,0.413,0.0,0,0,0.0,0
09:54:50.275,9.188,FOCUSED,100.0,0.307,0.414,0.0,0,0,0.0,0
09:54:50.373,9.286,FOCUSED,100.0,0.306,0.411,0.0,0,0,0.0,0
09:54:50.502,9.415,FOCUSED,100.0,0.313,0.405,0.0,0,0,0.0,0
09:54:50.619,9.532,FOCUSED,100.0,0.318,0.398,0.0,0,0,0.0,0
09:54:50.720,9.632,FOCUSED,100.0,0.319,0.39,0.0,0,0,0.0,0
09:54:50.835,9.748,FOCUSED,100.0,0.326,0.393,0.0,0,0,0.0,0
09:54:50.928,9.84,FOCUSED,100.0,0.324,0.399,0.0,0,0,0.0,0
09:54:51.019,9.932,FOCUSED,100.0,0.317,0.417,0.0,0,0,0.0,0
09:54:51.116,10.028,FOCUSED,100.0,0.297,0.413,0.0,0,0,0.0,0
09:54:51.218,10.13,FOCUSED,100.0,0.284,0.414,0.0,0,0,0.0,0
09:54:51.328,10.241,FOCUSED,100.0,0.298,0.41,0.0,0,0,0.0,0
09:54:51.434,10.346,FOCUSED,100.0,0.302,0.412,0.0,0,0,0.0,0
09:54:51.537,10.45,FOCUSED,100.0,0.305,0.407,0.0,0,0,0.0,0
09:54:51.598,10.511,FOCUSED,100.0,0.293,0.403,0.0,0,0,0.0,0
09:54:51.652,10.565,FOCUSED,100.0,0.326,0.405,0.0,0,0,0.0,0
09:54:51.711,10.623,FOCUSED,100.0,0.325,0.398,0.0,0,0,0.0,0
09:54:51.766,10.678,FOCUSED,100.0,0.327,0.399,0.0,0,0,0.0,0
09:54:51.819,10.732,FOCUSED,100.0,0.319,0.399,0.0,0,0,0.0,0
09:54:51.875,10.788,FOCUSED,100.0,0.323,0.401,0.0,0,0,0.0,0
09:54:51.934,10.847,FOCUSED,100.0,0.309,0.399,0.0,0,0,0.0,0
09:54:51.991,10.904,FOCUSED,100.0,0.307,0.402,0.0,0,0,0.0,0
09:54:52.049,10.962,FOCUSED,100.0,0.313,0.405,0.0,0,0,0.0,0
09:54:52.103,11.016,FOCUSED,100.0,0.314,0.406,0.0,0,0,0.0,0
09:54:52.159,11.072,FOCUSED,100.0,0.32,0.407,0.0,0,0,0.0,0
09:54:52.223,11.136,FOCUSED,100.0,0.324,0.415,0.0,0,0,0.0,0
09:54:52.278,11.191,FOCUSED,100.0,0.312,0.42,0.0,0,0,0.0,0
09:54:52.331,11.244,FOCUSED,100.0,0.309,0.422,0.0,0,0,0.0,0
09:54:52.386,11.298,FOCUSED,100.0,0.303,0.426,0.0,0,0,0.0,0
09:54:52.441,11.354,FOCUSED,100.0,0.309,0.42,0.0,0,0,0.0,0
09:54:52.495,11.408,FOCUSED,100.0,0.307,0.421,0.0,0,0,0.0,0
09:54:52.550,11.462,FOCUSED,100.0,0.317,0.417,0.0,0,0,0.0,0
09:54:52.600,11.513,FOCUSED,100.0,0.311,0.414,0.0,0,0,0.0,0
09:54:52.651,11.563,FOCUSED,100.0,0.311,0.412,0.0,0,0,0.0,0
09:54:52.707,11.62,FOCUSED,100.0,0.309,0.413,0.0,0,0,0.0,0
09:54:52.760,11.672,FOCUSED,100.0,0.319,0.414,0.0,0,0,0.0,0
09:54:52.813,11.725,FOCUSED,100.0,0.309,0.415,0.0,0,0,0.0,0
09:54:52.864,11.776,FOCUSED,100.0,0.304,0.411,0.0,0,0,0.0,0
09:54:52.913,11.826,FOCUSED,100.0,0.317,0.414,0.0,0,0,0.0,0
09:54:52.971,11.883,FOCUSED,100.0,0.314,0.415,0.0,0,0,0.0,0
09:54:53.028,11.941,FOCUSED,100.0,0.313,0.412,0.0,0,0,0.0,0
09:54:53.084,11.997,FOCUSED,100.0,0.307,0.416,0.0,0,0,0.0,0
09:54:53.136,12.048,FOCUSED,100.0,0.313,0.41,0.0,0,0,0.0,0
09:54:53.187,12.1,FOCUSED,100.0,0.307,0.409,0.0,0,0,0.0,0
09:54:53.244,12.156,FOCUSED,100.0,0.296,0.408,0.0,0,0,0.0,0
09:54:53.304,12.216,FOCUSED,100.0,0.248,0.41,0.0,0,0,0.0,0
09:54:53.357,12.27,FOCUSED,100.0,0.055,0.396,0.0,0,0,0.6,0
09:54:53.412,12.324,FOCUSED,100.0,0.053,0.398,0.0,0,0,0.6,0
09:54:53.468,12.381,FOCUSED,100.0,0.053,0.39,0.0,0,0,0.6,0
09:54:53.523,12.437,FOCUSED,100.0,0.054,0.393,0.0,0,0,0.6,0
09:54:53.580,12.492,FOCUSED,100.0,0.056,0.391,0.0,0,0,0.6,0
09:54:53.645,12.557,FOCUSED,100.0,0.053,0.392,0.0,0,0,0.6,0
09:54:53.705,12.617,FOCUSED,100.0,0.05,0.39,0.0,0,0,0.6,0
09:54:53.760,12.672,FOCUSED,100.0,0.057,0.389,0.0,0,0,0.6,0
09:54:53.815,12.728,FOCUSED,100.0,0.055,0.392,0.0,0,0,0.6,0
09:54:53.877,12.79,FOCUSED,100.0,0.054,0.393,0.0,0,0,0.6,0
09:54:53.946,12.858,DROWSY,99.79,0.055,0.393,0.0,0,0,1.0,0
09:54:54.009,12.921,DROWSY,99.61,0.054,0.39,0.0,0,0,1.0,0
09:54:54.062,12.975,DROWSY,99.44,0.054,0.386,0.0,0,0,1.0,0
09:54:54.114,13.026,DROWSY,99.29,0.052,0.389,0.0,0,0,1.0,0
09:54:54.170,13.082,DROWSY,99.12,0.053,0.387,0.0,0,0,1.0,0
09:54:54.237,13.15,DROWSY,98.92,0.054,0.386,0.0,0,0,1.0,0
09:54:54.305,13.218,DROWSY,98.72,0.052,0.388,0.0,0,0,1.0,0
09:54:54.359,13.271,DROWSY,98.56,0.047,0.387,0.0,0,0,1.0,0
09:54:54.426,13.339,DROWSY,98.35,0.048,0.389,0.0,0,0,1.0,0
09:54:54.477,13.389,DROWSY,98.2,0.107,0.392,0.0,0,0,1.0,0
09:54:54.531,13.444,DROWSY,98.04,0.17,0.39,0.0,0,0,1.0,0
09:54:54.586,13.499,DROWSY,97.87,0.193,0.388,0.0,0,0,1.0,0
09:54:54.638,13.55,DROWSY,97.72,0.224,0.39,0.0,0,0,1.0,0
09:54:54.696,13.608,DROWSY,97.54,0.234,0.392,0.0,0,0,1.0,0
09:54:54.756,13.669,DROWSY,97.36,0.253,0.395,0.0,0,0,1.0,0
09:54:54.812,13.725,FOCUSED,97.36,0.265,0.393,0.0,0,0,0.0,0
09:54:54.867,13.779,FOCUSED,97.36,0.263,0.394,0.0,0,0,0.0,0
09:54:54.925,13.837,FOCUSED,97.36,0.262,0.395,0.0,0,0,0.0,0
09:54:54.980,13.892,FOCUSED,97.36,0.266,0.393,0.0,0,0,0.0,0
09:54:55.039,13.951,FOCUSED,97.36,0.269,0.39,0.0,0,0,0.0,0
09:54:55.093,14.006,FOCUSED,97.36,0.273,0.392,0.0,0,0,0.0,0
09:54:55.150,14.063,FOCUSED,97.36,0.279,0.395,0.0,0,0,0.0,0
09:54:55.208,14.12,FOCUSED,97.36,0.269,0.392,0.0,0,0,0.0,0
09:54:55.256,14.169,FOCUSED,97.36,0.291,0.394,0.0,0,0,0.0,0
09:54:55.314,14.226,FOCUSED,97.36,0.306,0.397,0.0,0,0,0.0,0
09:54:55.372,14.285,FOCUSED,97.36,0.317,0.397,0.0,0,0,0.0,0
09:54:55.432,14.344,FOCUSED,97.36,0.319,0.397,0.0,0,0,0.0,0
09:54:55.487,14.4,FOCUSED,97.36,0.319,0.387,0.0,0,0,0.0,0
09:54:55.542,14.455,FOCUSED,97.36,0.319,0.394,0.0,0,0,0.0,0
09:54:55.598,14.51,FOCUSED,97.36,0.323,0.395,0.0,0,0,0.0,0
09:54:55.663,14.575,FOCUSED,97.36,0.292,0.399,0.0,0,0,0.0,0
09:54:55.718,14.631,FOCUSED,97.36,0.316,0.401,0.0,0,0,0.0,0
09:54:55.784,14.696,FOCUSED,97.36,0.308,0.397,0.0,0,0,0.0,0
09:54:55.848,14.76,FOCUSED,97.36,0.311,0.401,0.0,0,0,0.0,0
09:54:55.910,14.823,FOCUSED,97.36,0.301,0.398,0.0,0,0,0.0,0
09:54:55.974,14.886,FOCUSED,97.36,0.306,0.396,0.0,0,0,0.0,0
09:54:56.028,14.941,FOCUSED,97.36,0.311,0.394,0.0,0,0,0.0,0
09:54:56.084,14.997,FOCUSED,97.36,0.308,0.396,0.0,0,0,0.0,0
09:54:56.144,15.056,FOCUSED,97.36,0.308,0.396,0.0,0,0,0.0,0
09:54:56.205,15.118,FOCUSED,97.36,0.311,0.397,0.0,0,0,0.0,0
09:54:56.261,15.174,FOCUSED,97.36,0.212,0.389,0.0,0,0,0.0,0
09:54:56.323,15.236,FOCUSED,97.36,0.201,0.389,0.0,0,0,0.0,0
09:54:56.383,15.295,FOCUSED,97.36,0.266,0.395,0.0,0,0,0.0,0
09:54:56.448,15.361,FOCUSED,97.36,0.286,0.395,0.0,0,0,0.0,0
09:54:56.501,15.414,FOCUSED,97.36,0.281,0.395,0.0,0,0,0.0,0
09:54:56.555,15.468,FOCUSED,97.36,0.281,0.391,0.0,0,0,0.0,0
09:54:56.611,15.524,FOCUSED,97.36,0.283,0.391,0.0,0,0,0.0,0
09:54:56.666,15.579,FOCUSED,97.36,0.287,0.389,0.0,0,0,0.0,0
09:54:56.722,15.634,FOCUSED,97.36,0.283,0.383,0.0,0,0,0.0,0
09:54:56.775,15.688,FOCUSED,97.36,0.281,0.383,0.0,0,0,0.0,0
09:54:56.828,15.741,FOCUSED,97.36,0.286,0.383,0.0,0,0,0.0,0
09:54:56.882,15.795,FOCUSED,97.36,0.296,0.385,0.0,0,0,0.0,0
09:54:56.937,15.85,FOCUSED,97.36,0.291,0.389,0.0,0,0,0.0,0
09:54:56.992,15.905,FOCUSED,97.36,0.29,0.391,0.0,0,0,0.0,0
09:54:57.049,15.962,FOCUSED,97.36,0.322,0.404,0.0,0,0,0.0,0
09:54:57.102,16.015,FOCUSED,97.36,0.323,0.415,0.0,0,0,0.0,0
09:54:57.160,16.072,FOCUSED,97.36,0.322,0.414,0.0,0,0,0.0,0
09:54:57.216,16.129,FOCUSED,97.36,0.309,0.419,0.0,0,0,0.0,0
09:54:57.269,16.182,FOCUSED,97.36,0.311,0.425,0.0,0,0,0.0,0
09:54:57.326,16.238,FOCUSED,97.36,0.315,0.426,0.0,0,0,0.0,0
09:54:57.390,16.302,FOCUSED,97.36,0.313,0.422,0.0,0,0,0.0,0
09:54:57.449,16.362,FOCUSED,97.36,0.314,0.419,0.0,0,0,0.0,0
09:54:57.507,16.42,FOCUSED,97.36,0.311,0.416,0.0,0,0,0.0,0
09:54:57.564,16.476,FOCUSED,97.36,0.313,0.408,0.0,0,0,0.0,0
09:54:57.619,16.532,FOCUSED,97.36,0.319,0.403,0.0,0,0,0.0,0
09:54:57.677,16.589,FOCUSED,97.36,0.322,0.403,0.0,0,0,0.0,0
09:54:57.733,16.645,FOCUSED,97.36,0.314,0.401,0.0,0,0,0.0,0
09:54:57.856,16.768,FOCUSED,97.36,0.309,0.397,0.0,0,0,0.0,0
09:54:57.959,16.871,FOCUSED,97.36,0.311,0.39,0.0,0,0,0.0,0
09:54:58.059,16.971,FOCUSED,97.36,0.301,0.392,0.0,0,0,0.0,0
09:54:58.148,17.061,FOCUSED,97.36,0.292,0.405,0.0,0,0,0.0,0
09:54:58.234,17.147,FOCUSED,97.36,0.288,0.415,0.0,0,0,0.0,0
09:54:58.327,17.239,FOCUSED,97.36,0.287,0.419,0.0,0,0,0.0,0
09:54:58.407,17.319,FOCUSED,97.36,0.278,0.414,0.0,0,0,0.0,0
09:54:58.509,17.421,FOCUSED,97.36,0.288,0.412,0.0,0,0,0.0,0
09:54:58.598,17.51,FOCUSED,97.36,0.286,0.412,0.0,0,0,0.0,0
09:54:58.684,17.596,FOCUSED,97.36,0.289,0.409,0.0,0,0,0.0,0
09:54:58.790,17.702,FOCUSED,97.36,0.291,0.409,0.0,0,0,0.0,0
09:54:58.870,17.782,FOCUSED,97.36,0.304,0.402,0.0,0,0,0.0,0
09:54:58.972,17.884,FOCUSED,97.36,0.297,0.401,0.0,0,0,0.0,0
09:54:59.055,17.968,FOCUSED,97.36,0.292,0.405,0.0,0,0,0.0,0
09:54:59.143,18.055,FOCUSED,97.36,0.3,0.42,0.0,0,0,0.0,0
09:54:59.243,18.156,FOCUSED,97.36,0.29,0.419,0.0,0,0,0.0,0
09:54:59.331,18.243,FOCUSED,97.36,0.291,0.421,0.0,0,0,0.0,0
09:54:59.416,18.328,FOCUSED,97.36,0.296,0.418,0.0,0,0,0.0,0
09:54:59.494,18.407,FOCUSED,97.36,0.293,0.417,0.0,0,0,0.0,0
09:54:59.589,18.501,FOCUSED,97.36,0.295,0.42,0.0,0,0,0.0,0
09:54:59.691,18.603,FOCUSED,97.36,0.306,0.417,0.0,0,0,0.0,0
09:54:59.774,18.687,FOCUSED,97.36,0.3,0.404,0.0,0,0,0.0,0
09:54:59.865,18.778,FOCUSED,97.36,0.297,0.398,0.0,0,0,0.0,0
09:54:59.960,18.873,FOCUSED,97.36,0.297,0.395,0.0,0,0,0.0,0
09:55:00.063,18.976,FOCUSED,97.36,0.294,0.416,0.0,0,0,0.0,0
09:55:00.166,19.079,FOCUSED,97.36,0.296,0.429,0.0,0,0,0.0,0
09:55:00.268,19.18,FOCUSED,97.36,0.285,0.429,0.0,0,0,0.0,0
09:55:00.380,19.293,FOCUSED,97.36,0.297,0.43,0.0,0,0,0.0,0
09:55:00.474,19.386,FOCUSED,97.36,0.267,0.431,0.0,0,0,0.0,0
09:55:00.571,19.483,FOCUSED,97.36,0.074,0.424,0.0,0,0,0.6,0
09:55:00.663,19.576,FOCUSED,97.36,0.072,0.432,0.0,0,0,0.6,0
09:55:00.761,19.674,FOCUSED,97.36,0.064,0.434,0.0,0,0,0.6,0
09:55:00.863,19.776,FOCUSED,97.36,0.07,0.431,0.0,0,0,0.6,0
09:55:00.957,19.87,FOCUSED,97.36,0.066,0.425,0.0,0,0,0.6,0
09:55:01.060,19.972,FOCUSED,97.36,0.227,0.435,0.0,0,0,0.0,0
09:55:01.168,20.081,FOCUSED,97.36,0.24,0.437,0.0,0,0,0.0,0
09:55:01.247,20.16,FOCUSED,97.36,0.256,0.424,0.0,0,0,0.0,0
09:55:01.330,20.242,FOCUSED,97.36,0.259,0.422,0.0,0,0,0.0,0
09:55:01.419,20.332,FOCUSED,97.36,0.263,0.41,0.0,0,0,0.0,0
09:55:01.502,20.415,FOCUSED,97.36,0.268,0.393,0.0,0,0,0.0,0
09:55:01.596,20.509,FOCUSED,97.36,0.272,0.386,0.0,0,0,0.0,0
09:55:01.699,20.611,FOCUSED,97.36,0.277,0.379,0.0,0,0,0.0,0
09:55:01.796,20.709,FOCUSED,97.36,0.267,0.37,0.0,0,0,0.0,0
09:55:01.882,20.794,FOCUSED,97.36,0.268,0.381,0.0,0,0,0.0,0
09:55:01.966,20.879,FOCUSED,97.36,0.265,0.404,0.0,0,0,0.0,0
09:55:02.085,20.998,FOCUSED,97.36,0.277,0.428,0.0,0,0,0.0,0
09:55:02.184,21.097,FOCUSED,97.36,0.263,0.441,0.0,0,0,0.0,0
09:55:02.271,21.183,FOCUSED,97.36,0.261,0.421,0.0,0,0,0.0,0
09:55:02.366,21.278,FOCUSED,97.36,0.262,0.408,0.0,0,0,0.0,0
09:55:02.455,21.368,FOCUSED,97.36,0.258,0.404,0.0,0,0,0.0,0
09:55:02.564,21.476,FOCUSED,97.36,0.255,0.406,0.0,0,0,0.0,0
09:55:02.711,21.624,FOCUSED,97.36,0.266,0.406,0.0,0,0,0.0,0
09:55:02.844,21.756,FOCUSED,97.36,0.265,0.407,0.0,0,0,0.0,0
09:55:02.940,21.852,FOCUSED,97.36,0.273,0.419,0.0,0,0,0.0,0
09:55:03.025,21.937,FOCUSED,97.36,0.282,0.414,0.0,0,0,0.0,0
09:55:03.133,22.047,FOCUSED,97.36,0.275,0.411,0.0,0,0,0.0,0
09:55:03.217,22.129,FOCUSED,97.36,0.272,0.417,0.0,0,0,0.0,0
09:55:03.322,22.234,FOCUSED,97.36,0.272,0.419,0.0,0,0,0.0,0
09:55:03.403,22.316,FOCUSED,97.36,0.27,0.41,0.0,0,0,0.0,0
09:55:03.499,22.412,FOCUSED,97.36,0.279,0.408,0.0,0,0,0.0,0
09:55:03.598,22.511,FOCUSED,97.36,0.284,0.406,0.0,0,0,0.0,0
09:55:03.687,22.6,FOCUSED,97.36,0.289,0.403,0.0,0,0,0.0,0
09:55:03.784,22.696,FOCUSED,97.36,0.291,0.373,0.0,0,0,0.0,0
09:55:03.879,22.791,FOCUSED,97.36,0.286,0.381,0.0,0,0,0.0,0
09:55:04.014,22.926,FOCUSED,97.36,0.283,0.388,0.0,0,0,0.0,0
09:55:04.111,23.024,FOCUSED,97.36,0.095,0.36,0.0,0,0,0.6,0
09:55:04.198,23.111,FOCUSED,97.36,0.234,0.361,0.0,0,0,0.0,0
09:55:04.285,23.197,FOCUSED,97.36,0.24,0.351,0.0,0,0,0.0,0
09:55:04.382,23.295,FOCUSED,97.36,0.253,0.357,0.0,0,0,0.0,0
09:55:04.470,23.382,FOCUSED,97.36,0.273,0.355,0.0,0,0,0.0,0
09:55:04.569,23.482,FOCUSED,97.36,0.271,0.352,0.0,0,0,0.0,0
09:55:04.659,23.571,FOCUSED,97.36,0.27,0.355,0.0,0,0,0.0,0
09:55:04.758,23.67,FOCUSED,97.36,0.263,0.36,0.0,0,0,0.0,0
09:55:04.841,23.754,FOCUSED,97.36,0.278,0.356,0.0,0,0,0.0,0
09:55:04.943,23.856,FOCUSED,97.36,0.277,0.354,0.0,0,0,0.0,0
09:55:05.043,23.955,FOCUSED,97.36,0.285,0.346,0.0,0,0,0.0,0
09:55:05.145,24.058,FOCUSED,97.36,0.281,0.343,0.0,0,0,0.0,0
09:55:05.245,24.158,FOCUSED,97.36,0.282,0.344,0.0,0,0,0.0,0
09:55:05.350,24.263,FOCUSED,97.36,0.287,0.352,0.0,0,0,0.0,0
09:55:05.454,24.367,FOCUSED,97.36,0.295,0.367,0.0,0,0,0.0,0
09:55:05.543,24.456,FOCUSED,97.36,0.29,0.365,0.0,0,0,0.0,0
09:55:05.630,24.542,FOCUSED,97.36,0.286,0.352,0.0,0,0,0.0,0
09:55:05.729,24.642,FOCUSED,97.36,0.286,0.335,0.0,0,0,0.0,0
09:55:05.832,24.744,FOCUSED,97.36,0.287,0.353,0.0,0,0,0.0,0
09:55:05.925,24.838,FOCUSED,97.36,0.289,0.378,0.0,0,0,0.0,0
09:55:06.019,24.932,FOCUSED,97.36,0.292,0.364,0.0,0,0,0.0,0
09:55:06.112,25.025,FOCUSED,97.36,0.275,0.359,0.0,0,0,0.0,0
09:55:06.200,25.113,FOCUSED,97.36,0.289,0.358,0.0,0,0,0.0,0
09:55:06.293,25.205,FOCUSED,97.36,0.293,0.359,0.0,0,0,0.0,0
09:55:06.392,25.304,FOCUSED,97.36,0.288,0.357,0.0,0,0,0.0,0
09:55:06.480,25.392,FOCUSED,97.36,0.286,0.354,0.0,0,0,0.0,0
09:55:06.571,25.484,FOCUSED,97.36,0.284,0.358,0.0,0,0,0.0,0
09:55:06.663,25.575,FOCUSED,97.36,0.281,0.366,0.0,0,0,0.0,0
09:55:06.765,25.677,FOCUSED,97.36,0.293,0.362,0.0,0,0,0.0,0
09:55:06.854,25.767,FOCUSED,97.36,0.294,0.348,0.0,0,0,0.0,0
09:55:06.949,25.862,FOCUSED,97.36,0.271,0.356,0.0,0,0,0.0,0
09:55:07.041,25.953,FOCUSED,97.36,0.312,0.367,0.0,0,0,0.0,0
09:55:07.130,26.042,FOCUSED,97.36,0.321,0.364,0.0,0,0,0.0,0
09:55:07.213,26.126,FOCUSED,97.36,0.303,0.354,0.0,0,0,0.0,0
09:55:07.297,26.21,FOCUSED,97.36,0.061,0.345,0.0,0,0,0.6,0
09:55:07.399,26.311,FOCUSED,97.36,0.22,0.358,0.0,0,0,0.0,0
09:55:07.491,26.404,FOCUSED,97.36,0.328,0.376,0.0,0,0,0.0,0
09:55:07.584,26.497,FOCUSED,97.36,0.32,0.364,0.0,0,0,0.0,0
09:55:07.665,26.578,FOCUSED,97.36,0.325,0.367,0.0,0,0,0.0,0
09:55:07.760,26.673,FOCUSED,97.36,0.324,0.369,0.0,0,0,0.0,0
09:55:07.874,26.786,FOCUSED,97.36,0.32,0.372,0.0,0,0,0.0,0
09:55:07.964,26.876,FOCUSED,97.36,0.257,0.356,0.0,0,0,0.0,0
09:55:08.057,26.97,FOCUSED,97.36,0.214,0.363,0.0,0,0,0.0,0
09:55:08.156,27.068,FOCUSED,97.36,0.28,0.362,0.0,0,0,0.0,0
09:55:08.258,27.171,FOCUSED,97.36,0.288,0.365,0.0,0,0,0.0,0
09:55:08.376,27.289,FOCUSED,97.36,0.27,0.357,0.0,0,0,0.0,0
09:55:08.485,27.398,FOCUSED,97.36,0.287,0.364,0.0,0,0,0.0,0
09:55:08.594,27.506,FOCUSED,97.36,0.29,0.37,0.0,0,0,0.0,0
09:55:08.700,27.614,FOCUSED,97.36,0.296,0.372,0.0,0,0,0.0,0
09:55:08.813,27.725,FOCUSED,97.36,0.281,0.374,0.0,0,0,0.0,0
09:55:08.916,27.828,FOCUSED,97.36,0.28,0.368,0.0,0,0,0.0,0
09:55:09.027,27.939,FOCUSED,97.36,0.279,0.374,0.0,0,0,0.0,0
09:55:09.132,28.044,FOCUSED,97.36,0.298,0.372,0.0,0,0,0.0,0
09:55:09.247,28.161,FOCUSED,97.36,0.281,0.372,0.0,0,0,0.0,0
09:55:09.359,28.271,FOCUSED,97.36,0.3,0.371,0.0,0,0,0.0,0
09:55:09.455,28.368,FOCUSED,97.36,0.28,0.373,0.0,0,0,0.0,0
09:55:09.559,28.472,FOCUSED,97.36,0.278,0.37,0.0,0,0,0.0,0
09:55:09.667,28.579,FOCUSED,97.36,0.29,0.375,0.0,0,0,0.0,0
09:55:09.777,28.69,FOCUSED,97.36,0.286,0.374,0.0,0,0,0.0,0
09:55:09.880,28.793,FOCUSED,97.36,0.292,0.368,0.0,0,0,0.0,0
09:55:09.999,28.911,FOCUSED,97.36,0.281,0.369,0.0,0,0,0.0,0
09:55:10.113,29.025,FOCUSED,97.36,0.253,0.381,0.0,0,0,0.0,0
09:55:10.216,29.128,FOCUSED,97.36,0.096,0.396,0.0,0,0,0.6,0
09:55:10.312,29.225,FOCUSED,97.36,0.069,0.394,0.0,0,0,0.6,0
09:55:10.414,29.327,FOCUSED,97.36,0.064,0.399,0.0,0,0,0.6,0
09:55:10.532,29.444,FOCUSED,97.36,0.06,0.396,0.0,0,0,0.6,0
09:55:10.617,29.529,FOCUSED,97.36,0.263,0.41,0.0,0,0,0.0,0
09:55:10.705,29.618,FOCUSED,97.36,0.274,0.407,0.0,0,0,0.0,0
09:55:10.807,29.72,FOCUSED,97.36,0.279,0.401,0.0,0,0,0.0,0
09:55:10.895,29.807,FOCUSED,97.36,0.282,0.401,0.0,0,0,0.0,0
09:55:10.992,29.905,FOCUSED,97.36,0.279,0.4,0.0,0,0,0.0,0
09:55:11.079,29.991,FOCUSED,97.36,0.283,0.406,0.0,0,0,0.0,0
09:55:11.177,30.09,FOCUSED,97.36,0.281,0.402,0.0,0,0,0.0,0
09:55:11.273,30.186,FOCUSED,97.36,0.283,0.4,0.0,0,0,0.0,0
09:55:11.371,30.284,FOCUSED,97.36,0.28,0.399,0.0,0,0,0.0,0
09:55:11.462,30.375,FOCUSED,97.36,0.281,0.396,0.0,0,0,0.0,0
09:55:11.558,30.471,FOCUSED,97.36,0.286,0.397,0.0,0,0,0.0,0
09:55:11.648,30.561,FOCUSED,97.36,0.288,0.386,0.0,0,0,0.0,0
09:55:11.739,30.652,FOCUSED,97.36,0.298,0.39,0.0,0,0,0.0,0
09:55:11.834,30.746,FOCUSED,97.36,0.288,0.38,0.0,0,0,0.0,0
09:55:11.932,30.844,FOCUSED,97.36,0.279,0.378,0.0,0,0,0.0,0
09:55:12.011,30.923,FOCUSED,97.36,0.278,0.384,0.0,0,0,0.0,0
09:55:12.107,31.02,FOCUSED,97.36,0.276,0.38,0.0,0,0,0.0,0
09:55:12.212,31.125,FOCUSED,97.36,0.274,0.384,0.0,0,0,0.0,0
09:55:12.294,31.206,FOCUSED,97.36,0.277,0.38,0.0,0,0,0.0,0
09:55:12.393,31.306,FOCUSED,97.36,0.279,0.377,0.0,0,0,0.0,0
09:55:12.481,31.394,FOCUSED,97.36,0.28,0.375,0.0,0,0,0.0,0
09:55:12.574,31.486,FOCUSED,97.36,0.282,0.373,0.0,0,0,0.0,0
09:55:12.672,31.584,FOCUSED,97.36,0.281,0.367,0.0,0,0,0.0,0
09:55:12.754,31.667,FOCUSED,97.36,0.216,0.362,0.0,0,0,0.0,0
09:55:12.840,31.753,FOCUSED,97.36,0.221,0.362,0.0,0,0,0.0,0
09:55:12.942,31.855,FOCUSED,97.36,0.295,0.374,0.0,0,0,0.0,0
09:55:13.036,31.949,FOCUSED,97.36,0.331,0.366,0.0,0,0,0.0,0
09:55:13.129,32.042,FOCUSED,97.36,0.33,0.366,0.0,0,0,0.0,0
09:55:13.219,32.132,FOCUSED,97.36,0.314,0.365,0.0,0,0,0.0,0
09:55:13.319,32.232,FOCUSED,97.36,0.316,0.363,0.0,0,0,0.0,0
09:55:13.407,32.319,FOCUSED,97.36,0.298,0.361,0.0,0,0,0.0,0
09:55:13.497,32.409,FOCUSED,97.36,0.302,0.364,0.0,0,0,0.0,0
09:55:13.579,32.491,FOCUSED,97.36,0.322,0.365,0.0,0,0,0.0,0
09:55:13.678,32.591,FOCUSED,97.36,0.317,0.363,0.0,0,0,0.0,0
09:55:13.766,32.678,FOCUSED,97.36,0.312,0.36,0.0,0,0,0.0,0
09:55:13.857,32.769,FOCUSED,97.36,0.321,0.36,0.0,0,0,0.0,0
09:55:13.948,32.861,FOCUSED,97.36,0.32,0.364,0.0,0,0,0.0,0
09:55:14.025,32.937,FOCUSED,97.36,0.323,0.365,0.0,0,0,0.0,0
09:55:14.132,33.045,FOCUSED,97.36,0.316,0.367,0.0,0,0,0.0,0
09:55:14.214,33.127,FOCUSED,97.36,0.312,0.365,0.0,0,0,0.0,0
09:55:14.318,33.23,FOCUSED,97.36,0.318,0.367,0.0,0,0,0.0,0
09:55:14.416,33.328,FOCUSED,97.36,0.261,0.361,0.0,0,0,0.0,0
09:55:14.522,33.434,FOCUSED,97.36,0.089,0.359,0.0,0,0,0.6,0
09:55:14.623,33.535,FOCUSED,97.36,0.241,0.361,0.0,0,0,0.0,0
09:55:14.718,33.63,FOCUSED,97.36,0.254,0.366,0.0,0,0,0.0,0
09:55:14.814,33.726,FOCUSED,97.36,0.27,0.372,0.0,0,0,0.0,0
09:55:14.918,33.83,FOCUSED,97.36,0.275,0.372,0.0,0,0,0.0,0
09:55:14.998,33.91,FOCUSED,97.36,0.281,0.37,0.0,0,0,0.0,0
09:55:15.093,34.006,FOCUSED,97.36,0.282,0.371,0.0,0,0,0.0,0
09:55:15.194,34.107,FOCUSED,97.36,0.286,0.375,0.0,0,0,0.0,0
09:55:15.285,34.197,FOCUSED,97.36,0.291,0.377,0.0,0,0,0.0,0
09:55:15.377,34.289,FOCUSED,97.36,0.291,0.38,0.0,0,0,0.0,0
09:55:15.475,34.387,FOCUSED,97.36,0.293,0.384,0.0,0,0,0.0,0
09:55:15.561,34.473,FOCUSED,97.36,0.291,0.383,0.0,0,0,0.0,0
09:55:15.662,34.575,FOCUSED,97.36,0.297,0.38,0.0,0,0,0.0,0
09:55:15.773,34.685,FOCUSED,97.36,0.291,0.38,0.0,0,0,0.0,0
09:55:15.875,34.788,FOCUSED,97.36,0.293,0.382,0.0,0,0,0.0,0
09:55:15.959,34.871,FOCUSED,97.36,0.29,0.382,0.0,0,0,0.0,0
09:55:16.063,34.975,FOCUSED,97.36,0.291,0.378,0.0,0,0,0.0,0
09:55:16.145,35.057,FOCUSED,97.36,0.275,0.382,0.0,0,0,0.0,0
09:55:16.233,35.146,FOCUSED,97.36,0.282,0.382,0.0,0,0,0.0,0
09:55:16.332,35.244,FOCUSED,97.36,0.286,0.381,0.0,0,0,0.0,0
09:55:16.418,35.33,FOCUSED,97.36,0.29,0.383,0.0,0,0,0.0,0
09:55:16.512,35.425,FOCUSED,97.36,0.285,0.383,0.0,0,0,0.0,0
09:55:16.609,35.521,FOCUSED,97.36,0.281,0.382,0.0,0,0,0.0,0
09:55:16.696,35.609,FOCUSED,97.36,0.287,0.38,0.0,0,0,0.0,0
09:55:16.793,35.706,FOCUSED,97.36,0.278,0.38,0.0,0,0,0.0,0
09:55:16.887,35.8,FOCUSED,97.36,0.283,0.376,0.0,0,0,0.0,0
09:55:17.023,35.935,FOCUSED,97.36,0.285,0.377,0.0,0,0,0.0,0
09:55:17.134,36.046,FOCUSED,97.36,0.284,0.378,0.0,0,0,0.0,0
09:55:17.245,36.157,FOCUSED,97.36,0.284,0.377,0.0,0,0,0.0,0
09:55:17.341,36.254,FOCUSED,97.36,0.274,0.373,0.0,0,0,0.0,0
09:55:17.454,36.367,FOCUSED,97.36,0.273,0.374,0.0,0,0,0.0,0
09:55:17.607,36.52,FOCUSED,97.36,0.285,0.373,0.0,0,0,0.0,0
09:55:17.757,36.67,FOCUSED,97.36,0.277,0.359,0.0,0,0,0.0,0
09:55:17.918,36.83,FOCUSED,97.36,0.298,0.378,0.0,0,0,0.0,0
09:55:18.090,37.002,FOCUSED,97.36,0.298,0.423,0.0,0,0,0.0,0
09:55:18.245,37.157,FOCUSED,97.36,0.297,0.418,0.0,0,0,0.0,0
09:55:18.375,37.287,FOCUSED,97.36,0.309,0.418,0.0,0,0,0.0,0
09:55:18.522,37.435,FOCUSED,97.36,0.311,0.402,0.0,0,0,0.0,0
09:55:18.681,37.594,FOCUSED,97.36,0.301,0.412,0.0,0,0,0.0,0
09:55:18.810,37.723,FOCUSED,97.36,0.304,0.421,0.0,0,0,0.0,0
09:55:18.954,37.867,FOCUSED,97.36,0.297,0.415,0.0,0,0,0.0,0
09:55:19.100,38.012,FOCUSED,97.36,0.305,0.416,0.0,0,0,0.0,0
09:55:19.233,38.146,FOCUSED,97.36,0.306,0.416,0.0,0,0,0.0,0
09:55:19.379,38.291,FOCUSED,97.36,0.306,0.41,0.0,0,0,0.0,0
09:55:19.489,38.401,FOCUSED,97.36,0.321,0.406,0.0,0,0,0.0,0
09:55:19.602,38.514,FOCUSED,97.36,0.123,0.391,0.0,0,0,0.6,0
09:55:19.727,38.64,FOCUSED,97.36,0.136,0.39,0.0,0,0,0.6,0
09:55:19.859,38.772,FOCUSED,97.36,0.3,0.403,0.0,0,0,0.0,0
09:55:19.995,38.908,FOCUSED,97.36,0.298,0.421,0.0,0,0,0.0,0
09:55:20.107,39.02,FOCUSED,97.36,0.289,0.415,0.0,0,0,0.0,0
09:55:20.275,39.188,FOCUSED,97.36,0.307,0.426,0.0,0,0,0.0,0
09:55:20.429,39.342,FOCUSED,97.36,0.296,0.421,0.0,0,0,0.0,0
09:55:20.545,39.458,FOCUSED,97.36,0.302,0.406,0.0,0,0,0.0,0
09:55:20.642,39.555,FOCUSED,97.36,0.322,0.372,0.0,0,0,0.0,0
09:55:20.739,39.651,FOCUSED,97.36,0.308,0.367,0.0,0,0,0.0,0
09:55:20.840,39.752,FOCUSED,97.36,0.309,0.357,0.0,0,0,0.0,0
09:55:20.928,39.841,FOCUSED,97.36,0.305,0.345,0.0,0,0,0.0,0
09:55:21.022,39.934,FOCUSED,97.36,0.296,0.337,0.0,0,0,0.0,0
09:55:21.102,40.015,FOCUSED,97.36,0.299,0.337,0.0,0,0,0.0,0
09:55:21.197,40.109,FOCUSED,97.36,0.291,0.345,0.0,0,0,0.0,0
09:55:21.289,40.202,FOCUSED,97.36,0.293,0.352,0.0,0,0,0.0,0
09:55:21.384,40.296,FOCUSED,97.36,0.285,0.359,0.0,0,0,0.0,0
09:55:21.477,40.389,FOCUSED,97.36,0.289,0.361,0.0,0,0,0.0,0
09:55:21.581,40.493,FOCUSED,97.36,0.296,0.358,0.0,0,0,0.0,0
09:55:21.676,40.589,FOCUSED,97.36,0.297,0.356,0.0,0,0,0.0,0
09:55:21.783,40.696,FOCUSED,97.36,0.295,0.354,0.0,0,0,0.0,0
09:55:21.887,40.8,FOCUSED,97.36,0.295,0.358,0.0,0,0,0.0,0
09:55:21.967,40.879,FOCUSED,97.36,0.284,0.354,0.0,0,0,0.0,0
09:55:22.061,40.974,FOCUSED,97.36,0.285,0.354,0.0,0,0,0.0,0
09:55:22.169,41.081,FOCUSED,97.36,0.297,0.354,0.0,0,0,0.0,0
09:55:22.273,41.186,FOCUSED,97.36,0.298,0.352,0.0,0,0,0.0,0
09:55:22.352,41.264,FOCUSED,97.36,0.297,0.347,0.0,0,0,0.0,0
09:55:22.471,41.383,FOCUSED,97.36,0.292,0.356,0.0,0,0,0.0,0
09:55:22.577,41.489,FOCUSED,97.36,0.293,0.357,0.0,0,0,0.0,0
09:55:22.679,41.591,FOCUSED,97.36,0.29,0.356,0.0,0,0,0.0,0
09:55:22.781,41.694,FOCUSED,97.36,0.282,0.363,0.0,0,0,0.0,0
09:55:22.872,41.784,FOCUSED,97.36,0.285,0.369,0.0,0,0,0.0,0
09:55:22.971,41.883,FOCUSED,97.36,0.12,0.36,0.0,0,0,0.6,0
09:55:23.077,41.989,FOCUSED,97.36,0.064,0.366,0.0,0,0,0.6,0
09:55:23.206,42.118,FOCUSED,97.36,0.219,0.365,0.0,0,0,0.0,0
09:55:23.310,42.223,FOCUSED,97.36,0.253,0.366,0.0,0,0,0.0,0
09:55:23.418,42.331,FOCUSED,97.36,0.263,0.368,0.0,0,0,0.0,0
09:55:23.526,42.438,FOCUSED,97.36,0.265,0.369,0.0,0,0,0.0,0
09:55:23.636,42.548,FOCUSED,97.36,0.26,0.37,0.0,0,0,0.0,0
09:55:23.757,42.67,FOCUSED,97.36,0.263,0.37,0.0,0,0,0.0,0
09:55:23.882,42.794,FOCUSED,97.36,0.264,0.372,0.0,0,0,0.0,0
09:55:23.978,42.891,FOCUSED,97.36,0.268,0.372,0.0,0,0,0.0,0
09:55:24.086,42.998,FOCUSED,97.36,0.268,0.371,0.0,0,0,0.0,0
09:55:24.215,43.128,FOCUSED,97.36,0.265,0.372,0.0,0,0,0.0,0
09:55:24.320,43.232,FOCUSED,97.36,0.27,0.375,0.0,0,0,0.0,0
09:55:24.421,43.333,FOCUSED,97.36,0.273,0.371,0.0,0,0,0.0,0
09:55:24.511,43.423,FOCUSED,97.36,0.276,0.369,0.0,0,0,0.0,0
09:55:24.598,43.511,FOCUSED,97.36,0.271,0.37,0.0,0,0,0.0,0
09:55:24.703,43.616,FOCUSED,97.36,0.275,0.369,0.0,0,0,0.0,0
09:55:24.816,43.728,FOCUSED,97.36,0.27,0.37,0.0,0,0,0.0,0
09:55:24.912,43.824,FOCUSED,97.36,0.271,0.369,0.0,0,0,0.0,0
09:55:25.045,43.958,FOCUSED,97.36,0.269,0.369,0.0,0,0,0.0,0
09:55:25.148,44.06,FOCUSED,97.36,0.268,0.391,0.0,0,0,0.0,0
09:55:25.272,44.184,FOCUSED,97.36,0.269,0.387,0.0,0,0,0.0,0
09:55:25.383,44.295,FOCUSED,97.36,0.268,0.379,0.0,0,0,0.0,0
09:55:25.492,44.404,FOCUSED,97.36,0.278,0.381,0.0,0,0,0.0,0
09:55:25.598,44.51,FOCUSED,97.36,0.28,0.38,0.0,0,0,0.0,0
09:55:25.729,44.642,FOCUSED,97.36,0.28,0.372,0.0,0,0,0.0,0
09:55:25.836,44.748,FOCUSED,97.36,0.179,0.36,0.0,0,0,0.6,0
09:55:25.944,44.856,FOCUSED,97.36,0.274,0.384,0.0,0,0,0.0,0
09:55:26.076,44.988,FOCUSED,97.36,0.294,0.378,0.0,0,0,0.0,0
09:55:26.177,45.09,FOCUSED,97.36,0.295,0.386,0.0,0,0,0.0,0
09:55:26.282,45.195,FOCUSED,97.36,0.284,0.389,0.0,0,0,0.0,0
09:55:26.414,45.329,FOCUSED,97.36,0.293,0.396,0.0,0,0,0.0,0
09:55:26.538,45.45,FOCUSED,97.36,0.302,0.382,0.0,0,0,0.0,0
09:55:26.672,45.584,FOCUSED,97.36,0.302,0.381,0.0,0,0,0.0,0
09:55:26.802,45.715,FOCUSED,97.36,0.306,0.393,0.0,0,0,0.0,0
09:55:26.920,45.832,FOCUSED,97.36,0.311,0.385,0.0,0,0,0.0,0
09:55:27.045,45.958,FOCUSED,97.36,0.308,0.377,0.0,0,0,0.0,0
09:55:27.164,46.077,FOCUSED,97.36,0.304,0.376,0.0,0,0,0.0,0
09:55:27.272,46.184,FOCUSED,97.36,0.305,0.382,0.0,0,0,0.0,0
09:55:27.385,46.298,FOCUSED,97.36,0.304,0.382,0.0,0,0,0.0,0
09:55:27.520,46.432,FOCUSED,97.36,0.306,0.382,0.0,0,0,0.0,0
09:55:27.637,46.55,FOCUSED,97.36,0.306,0.383,0.0,0,0,0.0,0
09:55:27.760,46.672,FOCUSED,97.36,0.306,0.383,0.0,0,0,0.0,0
09:55:27.881,46.793,FOCUSED,97.36,0.3,0.379,0.0,0,0,0.0,0
09:55:27.991,46.903,FOCUSED,97.36,0.302,0.376,0.0,0,0,0.0,0
09:55:28.096,47.009,FOCUSED,97.36,0.296,0.381,0.0,0,0,0.0,0
09:55:28.214,47.126,FOCUSED,97.36,0.29,0.39,0.0,0,0,0.0,0
09:55:28.276,47.188,FOCUSED,97.36,0.301,0.388,0.0,0,0,0.0,0
09:55:28.339,47.252,FOCUSED,97.36,0.291,0.391,0.0,0,0,0.0,0
09:55:28.407,47.319,FOCUSED,97.36,0.306,0.394,0.0,0,0,0.0,0
09:55:28.473,47.385,FOCUSED,97.36,0.313,0.393,0.0,0,0,0.0,0
09:55:28.539,47.452,FOCUSED,97.36,0.317,0.386,0.0,0,0,0.0,0
09:55:28.605,47.518,FOCUSED,97.36,0.322,0.384,0.0,0,0,0.0,0
09:55:28.678,47.591,FOCUSED,97.36,0.318,0.379,0.0,0,0,0.0,0
09:55:28.756,47.669,FOCUSED,97.36,0.319,0.378,0.0,0,0,0.0,0
09:55:28.827,47.739,FOCUSED,97.36,0.318,0.386,0.0,0,0,0.0,0
09:55:28.895,47.808,FOCUSED,97.36,0.312,0.398,0.0,0,0,0.0,0
09:55:28.963,47.876,FOCUSED,97.36,0.313,0.402,0.0,0,0,0.0,0
09:55:29.028,47.941,FOCUSED,97.36,0.318,0.405,0.0,0,0,0.0,0
09:55:29.091,48.003,FOCUSED,97.36,0.316,0.405,0.0,0,0,0.0,0
09:55:29.154,48.066,FOCUSED,97.36,0.313,0.411,0.0,0,0,0.0,0
09:55:29.219,48.132,FOCUSED,97.36,0.324,0.414,0.0,0,0,0.0,0
09:55:29.284,48.197,FOCUSED,97.36,0.327,0.414,0.0,0,0,0.0,0
09:55:29.344,48.256,FOCUSED,97.36,0.331,0.411,0.0,0,0,0.0,0
09:55:29.410,48.322,FOCUSED,97.36,0.324,0.407,0.0,0,0,0.0,0
09:55:29.475,48.388,FOCUSED,97.36,0.32,0.403,0.0,0,0,0.0,0
09:55:29.550,48.463,FOCUSED,97.36,0.306,0.398,0.0,0,0,0.0,0
09:55:29.616,48.529,FOCUSED,97.36,0.306,0.404,0.0,0,0,0.0,0
09:55:29.683,48.596,FOCUSED,97.36,0.31,0.409,0.0,0,0,0.0,0
09:55:29.750,48.663,FOCUSED,97.36,0.306,0.415,0.0,0,0,0.0,0
09:55:29.817,48.729,FOCUSED,97.36,0.299,0.414,0.0,0,0,0.0,0
09:55:29.884,48.797,FOCUSED,97.36,0.29,0.416,0.0,0,0,0.0,0
09:55:29.949,48.861,FOCUSED,97.36,0.289,0.418,0.0,0,0,0.0,0
09:55:30.014,48.926,FOCUSED,97.36,0.293,0.416,0.0,0,0,0.0,0
09:55:30.081,48.994,FOCUSED,97.36,0.286,0.415,0.0,0,0,0.0,0
09:55:30.154,49.067,FOCUSED,97.36,0.062,0.403,0.0,0,0,0.6,0
09:55:30.214,49.126,FOCUSED,97.36,0.096,0.401,0.0,0,0,0.6,0
09:55:30.286,49.199,FOCUSED,97.36,0.231,0.406,0.0,0,0,0.0,0
09:55:30.355,49.267,FOCUSED,97.36,0.259,0.402,0.0,0,0,0.0,0
09:55:30.421,49.334,FOCUSED,97.36,0.264,0.4,0.0,0,0,0.0,0
09:55:30.490,49.402,FOCUSED,97.36,0.271,0.399,0.0,0,0,0.0,0
09:55:30.556,49.468,FOCUSED,97.36,0.271,0.394,0.0,0,0,0.0,0
09:55:30.626,49.538,FOCUSED,97.36,0.265,0.397,0.0,0,0,0.0,0
09:55:30.708,49.621,FOCUSED,97.36,0.264,0.395,0.0,0,0,0.0,0
09:55:30.800,49.713,FOCUSED,97.36,0.265,0.396,0.0,0,0,0.0,0
09:55:30.891,49.804,FOCUSED,97.36,0.261,0.392,0.0,0,0,0.0,0
09:55:30.977,49.89,FOCUSED,97.36,0.269,0.388,0.0,0,0,0.0,0
09:55:31.059,49.971,FOCUSED,97.36,0.27,0.391,0.0,0,0,0.0,0
09:55:31.143,50.056,FOCUSED,97.36,0.267,0.391,0.0,0,0,0.0,0
09:55:31.223,50.135,FOCUSED,97.36,0.264,0.39,0.0,0,0,0.0,0
09:55:31.315,50.228,FOCUSED,97.36,0.26,0.388,0.0,0,0,0.0,0
09:55:31.404,50.317,FOCUSED,97.36,0.265,0.389,0.0,0,0,0.0,0
09:55:31.500,50.412,FOCUSED,97.36,0.261,0.387,0.0,0,0,0.0,0
09:55:31.581,50.494,FOCUSED,97.36,0.26,0.384,0.0,0,0,0.0,0
09:55:31.662,50.575,FOCUSED,97.36,0.252,0.383,0.0,0,0,0.0,0
09:55:31.738,50.65,FOCUSED,97.36,0.256,0.383,0.0,0,0,0.0,0
09:55:31.814,50.726,FOCUSED,97.36,0.256,0.384,0.0,0,0,0.0,0
09:55:31.890,50.802,FOCUSED,97.36,0.245,0.397,0.0,0,0,0.0,0
09:55:31.965,50.878,FOCUSED,97.36,0.261,0.4,0.0,0,0,0.0,0
09:55:32.044,50.956,FOCUSED,97.36,0.261,0.402,0.0,0,0,0.0,0
09:55:32.120,51.032,FOCUSED,97.36,0.266,0.405,0.0,0,0,0.0,0
09:55:32.196,51.109,FOCUSED,97.36,0.267,0.402,0.0,0,0,0.0,0
09:55:32.273,51.186,FOCUSED,97.36,0.267,0.403,0.0,0,0,0.0,0
09:55:32.347,51.26,FOCUSED,97.36,0.263,0.402,0.0,0,0,0.0,0
09:55:32.425,51.338,FOCUSED,97.36,0.265,0.4,0.0,0,0,0.0,0
09:55:32.498,51.41,FOCUSED,97.36,0.268,0.394,0.0,0,0,0.0,0
09:55:32.579,51.492,FOCUSED,97.36,0.268,0.393,0.0,0,0,0.0,0
09:55:32.672,51.584,FOCUSED,97.36,0.266,0.395,0.0,0,0,0.0,0
09:55:32.772,51.685,FOCUSED,97.36,0.262,0.397,0.0,0,0,0.0,0
09:55:32.864,51.777,FOCUSED,97.36,0.249,0.396,0.0,0,0,0.0,0
09:55:32.952,51.865,FOCUSED,97.36,0.231,0.388,0.0,0,0,0.0,0
09:55:33.035,51.948,FOCUSED,97.36,0.236,0.383,0.0,0,0,0.0,0
09:55:33.114,52.026,FOCUSED,97.36,0.039,0.382,0.0,0,0,0.6,0
09:55:33.191,52.104,FOCUSED,97.36,0.042,0.395,0.0,0,0,0.6,0
09:55:33.269,52.182,FOCUSED,97.36,0.126,0.397,0.0,0,0,0.6,0
09:55:33.364,52.276,FOCUSED,97.36,0.177,0.392,0.0,0,0,0.6,0
09:55:33.445,52.358,FOCUSED,97.36,0.157,0.392,0.0,0,0,0.6,0
09:55:33.510,52.422,FOCUSED,97.36,0.092,0.407,0.0,0,0,0.6,0
09:55:33.575,52.488,FOCUSED,97.36,0.1,0.406,0.0,0,0,0.6,0
09:55:33.640,52.552,FOCUSED,97.36,0.098,0.404,0.0,0,0,0.6,0
09:55:33.701,52.614,FOCUSED,97.36,0.083,0.409,0.0,0,0,0.6,0
09:55:33.766,52.678,FOCUSED,97.36,0.079,0.41,0.0,0,0,0.6,0
09:55:33.831,52.744,DROWSY,97.17,0.068,0.41,0.0,0,0,1.0,0
09:55:33.906,52.818,DROWSY,96.94,0.072,0.422,0.0,0,0,1.0,0
09:55:33.977,52.89,DROWSY,96.73,0.091,0.423,0.0,0,0,1.0,0
09:55:34.045,52.958,DROWSY,96.53,0.065,0.428,0.0,0,0,1.0,0
09:55:34.125,53.038,DROWSY,96.28,0.068,0.439,0.0,0,0,1.0,0
09:55:34.197,53.109,DROWSY,96.07,0.063,0.442,0.0,0,0,1.0,0
09:55:34.261,53.173,DROWSY,95.88,0.065,0.45,0.0,0,0,1.0,0
09:55:34.323,53.236,DROWSY,95.69,0.061,0.449,0.0,0,0,1.0,0
09:55:34.389,53.302,DROWSY,95.49,0.062,0.451,0.0,0,0,1.0,0
09:55:34.457,53.37,DROWSY,95.29,0.059,0.449,0.0,0,0,1.0,0
09:55:34.525,53.437,DROWSY,95.09,0.062,0.458,0.0,0,0,1.0,0
09:55:34.597,53.51,DROWSY,94.87,0.063,0.459,0.0,0,0,1.0,0
09:55:34.663,53.575,DROWSY,94.68,0.066,0.464,0.0,0,0,1.0,0
09:55:34.727,53.64,DROWSY,94.48,0.069,0.454,0.0,0,0,1.0,0
09:55:34.795,53.708,DROWSY,94.28,0.067,0.457,0.0,0,0,1.0,0
09:55:34.852,53.764,DROWSY,94.1,0.062,0.457,0.0,0,0,1.0,0
09:55:34.913,53.825,DROWSY,93.92,0.063,0.458,0.0,0,0,1.0,0
09:55:34.974,53.886,DROWSY,93.74,0.064,0.458,0.0,0,0,1.0,0
09:55:35.040,53.952,DROWSY,93.54,0.064,0.456,0.0,0,0,1.0,0
09:55:35.102,54.015,DROWSY,93.35,0.061,0.453,0.0,0,0,1.0,0
09:55:35.169,54.081,DROWSY,93.15,0.064,0.456,0.0,0,0,1.0,0
09:55:35.232,54.145,DROWSY,92.96,0.062,0.454,0.0,0,0,1.0,0
09:55:35.298,54.211,DROWSY,92.77,0.061,0.458,0.0,0,0,1.0,0
09:55:35.364,54.276,DROWSY,92.57,0.062,0.457,0.0,0,0,1.0,0
09:55:35.433,54.345,DROWSY,92.37,0.06,0.461,0.0,0,0,1.0,0
09:55:35.499,54.411,DROWSY,92.16,0.065,0.464,0.0,0,0,1.0,0
09:55:35.568,54.481,DROWSY,91.96,0.069,0.466,0.0,0,0,1.0,0
09:55:35.640,54.553,DROWSY,91.74,0.077,0.468,0.0,0,0,1.0,0
09:55:35.706,54.619,DROWSY,91.54,0.076,0.46,0.0,0,0,1.0,0
09:55:35.772,54.684,DROWSY,91.35,0.127,0.439,0.0,0,0,1.0,0
09:55:35.841,54.753,DROWSY,91.14,0.178,0.431,0.0,0,0,1.0,0
09:55:35.917,54.83,DROWSY,90.91,0.203,0.428,0.0,0,0,1.0,0
09:55:35.996,54.908,DROWSY,90.67,0.219,0.433,0.0,0,0,1.0,0
09:55:36.065,54.978,DROWSY,90.47,0.213,0.438,0.0,0,0,1.0,0
09:55:36.132,55.045,DROWSY,90.26,0.202,0.437,0.0,0,0,1.0,0
09:55:36.204,55.116,FOCUSED,90.26,0.196,0.433,0.0,0,0,0.0,0
09:55:36.294,55.207,FOCUSED,90.26,0.209,0.43,0.0,0,0,0.0,0
09:55:36.365,55.278,FOCUSED,90.26,0.247,0.435,0.0,0,0,0.0,0
09:55:36.436,55.349,FOCUSED,90.26,0.253,0.432,0.0,0,0,0.0,0
09:55:36.509,55.421,FOCUSED,90.26,0.062,0.433,0.0,0,0,0.6,0
09:55:36.574,55.486,FOCUSED,90.26,0.223,0.43,0.0,0,0,0.0,0
09:55:36.640,55.552,FOCUSED,90.26,0.266,0.429,0.0,0,0,0.0,0
09:55:36.708,55.621,FOCUSED,90.26,0.287,0.43,0.0,0,0,0.0,0
09:55:36.780,55.692,FOCUSED,90.26,0.285,0.431,0.0,0,0,0.0,0
09:55:36.848,55.761,FOCUSED,90.26,0.299,0.433,0.0,0,0,0.0,0
09:55:36.917,55.829,FOCUSED,90.26,0.291,0.43,0.0,0,0,0.0,0
09:55:36.985,55.898,FOCUSED,90.26,0.286,0.429,0.0,0,0,0.0,0
09:55:37.051,55.963,FOCUSED,90.26,0.29,0.431,0.0,0,0,0.0,0
09:55:37.116,56.029,FOCUSED,90.26,0.282,0.437,0.0,0,0,0.0,0
09:55:37.181,56.094,FOCUSED,90.26,0.277,0.438,0.0,0,0,0.0,0
09:55:37.262,56.175,FOCUSED,90.26,0.279,0.437,0.0,0,0,0.0,0
09:55:37.331,56.243,FOCUSED,90.26,0.295,0.438,0.0,0,0,0.0,0
09:55:37.405,56.318,FOCUSED,90.26,0.292,0.439,0.0,0,0,0.0,0
09:55:37.475,56.387,FOCUSED,90.26,0.29,0.436,0.0,0,0,0.0,0
09:55:37.542,56.454,FOCUSED,90.26,0.285,0.432,0.0,0,0,0.0,0
09:55:37.606,56.518,FOCUSED,90.26,0.302,0.427,0.0,0,0,0.0,0
09:55:37.669,56.582,FOCUSED,90.26,0.299,0.43,0.0,0,0,0.0,0
09:55:37.861,56.774,FOCUSED,90.26,0.283,0.437,0.0,0,0,0.0,0
09:55:38.021,56.933,FOCUSED,90.26,0.274,0.439,0.0,0,0,0.0,0
09:55:38.107,57.019,FOCUSED,90.26,0.271,0.429,0.0,0,0,0.0,0
09:55:38.236,57.149,FOCUSED,90.26,0.282,0.412,0.0,0,0,0.0,0
09:55:38.381,57.293,FOCUSED,90.26,0.298,0.418,0.0,0,0,0.0,0
09:55:38.517,57.43,FOCUSED,90.26,0.324,0.408,0.0,0,0,0.0,0
09:55:38.645,57.558,FOCUSED,90.26,0.304,0.417,0.0,0,0,0.0,0
09:55:38.775,57.687,FOCUSED,90.26,0.284,0.411,0.0,0,0,0.0,0
09:55:38.895,57.808,FOCUSED,90.26,0.289,0.427,0.0,0,0,0.0,0
09:55:39.019,57.932,FOCUSED,90.26,0.306,0.43,0.0,0,0,0.0,0
09:55:39.162,58.075,FOCUSED,90.26,0.312,0.43,0.0,0,0,0.0,0
09:55:39.268,58.181,FOCUSED,90.26,0.292,0.424,0.0,0,0,0.0,0
09:55:39.378,58.29,FOCUSED,90.26,0.089,0.383,0.0,0,0,0.6,0
09:55:39.495,58.408,FOCUSED,90.26,0.267,0.415,0.0,0,0,0.0,0
09:55:39.605,58.517,FOCUSED,90.26,0.29,0.43,0.0,0,0,0.0,0
09:55:39.744,58.657,FOCUSED,90.26,0.297,0.435,0.0,0,0,0.0,0
09:55:39.872,58.785,FOCUSED,90.26,0.301,0.436,0.0,0,0,0.0,0
09:55:40.009,58.921,FOCUSED,90.26,0.3,0.435,0.0,0,0,0.0,0
09:55:40.131,59.043,FOCUSED,90.26,0.301,0.434,0.0,0,0,0.0,0
09:55:40.237,59.149,FOCUSED,90.26,0.298,0.436,0.0,0,0,0.0,0
09:55:40.346,59.258,FOCUSED,90.26,0.31,0.431,0.0,0,0,0.0,0
09:55:40.454,59.367,FOCUSED,90.26,0.311,0.434,0.0,0,0,0.0,0
09:55:40.554,59.467,FOCUSED,90.26,0.314,0.436,0.0,0,0,0.0,0
09:55:40.681,59.594,FOCUSED,90.26,0.307,0.434,0.0,0,0,0.0,0
09:55:40.789,59.702,FOCUSED,90.26,0.308,0.438,0.0,0,0,0.0,0
09:55:40.894,59.806,FOCUSED,90.26,0.31,0.44,0.0,0,0,0.0,0
09:55:41.032,59.944,FOCUSED,90.26,0.307,0.439,0.0,0,0,0.0,0
09:55:41.148,60.06,FOCUSED,90.26,0.302,0.44,0.0,0,0,0.0,0
09:55:41.262,60.175,FOCUSED,90.26,0.304,0.441,0.0,0,0,0.0,0
09:55:41.379,60.291,FOCUSED,90.26,0.304,0.439,0.0,0,0,0.0,0
09:55:41.492,60.404,FOCUSED,90.26,0.301,0.438,0.0,0,0,0.0,0
09:55:41.607,60.519,FOCUSED,90.26,0.307,0.437,0.0,0,0,0.0,0
09:55:41.735,60.648,FOCUSED,90.26,0.301,0.437,0.0,0,0,0.0,0
09:55:41.859,60.772,FOCUSED,90.26,0.308,0.435,0.0,0,0,0.0,0
09:55:42.003,60.916,FOCUSED,90.26,0.302,0.43,0.0,0,0,0.0,0
09:55:42.120,61.032,FOCUSED,90.26,0.294,0.43,0.0,0,0,0.0,0
09:55:42.245,61.158,FOCUSED,90.26,0.295,0.43,0.0,0,0,0.0,0
09:55:42.363,61.276,FOCUSED,90.26,0.296,0.428,0.0,0,0,0.0,0
09:55:42.464,61.377,FOCUSED,90.26,0.298,0.425,0.0,0,0,0.0,0
09:55:42.604,61.517,FOCUSED,90.26,0.296,0.429,0.0,0,0,0.0,0
09:55:42.731,61.644,FOCUSED,90.26,0.294,0.427,0.0,0,0,0.0,0
09:55:42.859,61.771,FOCUSED,90.26,0.297,0.424,0.0,0,0,0.0,0
09:55:42.966,61.878,FOCUSED,90.26,0.285,0.423,0.0,0,0,0.0,0
09:55:43.095,62.007,FOCUSED,90.26,0.223,0.409,0.0,0,0,0.0,0
09:55:43.194,62.106,FOCUSED,90.26,0.277,0.403,0.0,0,0,0.0,0
09:55:43.318,62.231,FOCUSED,90.26,0.287,0.379,0.0,0,0,0.0,0
09:55:43.433,62.346,FOCUSED,90.26,0.294,0.378,0.0,0,0,0.0,0
09:55:43.548,62.46,FOCUSED,90.26,0.305,0.372,0.0,0,0,0.0,0
09:55:43.677,62.59,FOCUSED,90.26,0.29,0.389,0.0,0,0,0.0,0
09:55:43.773,62.686,FOCUSED,90.26,0.29,0.397,0.0,0,0,0.0,0
09:55:43.919,62.832,FOCUSED,90.26,0.063,0.412,0.0,0,0,0.6,0
09:55:44.059,62.971,FOCUSED,90.26,0.244,0.414,0.0,0,0,0.0,0
09:55:44.175,63.087,FOCUSED,90.26,0.332,0.407,0.0,0,0,0.0,0
09:55:44.288,63.2,FOCUSED,90.26,0.329,0.4,0.0,0,0,0.0,0
09:55:44.397,63.31,FOCUSED,90.26,0.334,0.4,0.0,0,0,0.0,0
09:55:44.498,63.41,FOCUSED,90.26,0.334,0.403,0.0,0,0,0.0,0
09:55:44.641,63.554,FOCUSED,90.26,0.092,0.392,0.0,0,0,0.6,0
09:55:44.775,63.688,FOCUSED,90.26,0.326,0.396,0.0,0,0,0.0,0
09:55:44.930,63.843,FOCUSED,90.26,0.344,0.385,0.0,0,0,0.0,0
09:55:45.017,63.93,FOCUSED,90.26,0.343,0.388,0.0,0,0,0.0,0
09:55:45.125,64.038,FOCUSED,90.26,0.336,0.386,0.0,0,0,0.0,0
09:55:45.231,64.143,FOCUSED,90.26,0.337,0.392,0.0,0,0,0.0,0
09:55:45.342,64.254,FOCUSED,90.26,0.334,0.388,0.0,0,0,0.0,0
09:55:45.437,64.35,FOCUSED,90.26,0.342,0.391,0.0,0,0,0.0,0
09:55:45.527,64.44,FOCUSED,90.26,0.341,0.39,0.0,0,0,0.0,0
09:55:45.623,64.535,FOCUSED,90.26,0.342,0.386,0.0,0,0,0.0,0
09:55:45.725,64.638,FOCUSED,90.26,0.263,0.381,0.0,0,0,0.0,0
09:55:45.821,64.733,FOCUSED,90.26,0.132,0.387,0.0,0,0,0.6,0
09:55:45.945,64.858,FOCUSED,90.26,0.239,0.409,0.0,0,0,0.0,0
09:55:46.069,64.982,FOCUSED,90.26,0.266,0.406,0.0,0,0,0.0,0
09:55:46.210,65.123,FOCUSED,90.26,0.276,0.397,0.0,0,0,0.0,0
09:55:46.314,65.227,FOCUSED,90.26,0.281,0.402,0.0,0,0,0.0,0
09:55:46.432,65.346,FOCUSED,90.26,0.289,0.398,0.0,0,0,0.0,0
09:55:46.550,65.463,FOCUSED,90.26,0.293,0.387,0.0,0,0,0.0,0
09:55:46.653,65.566,FOCUSED,90.26,0.292,0.378,0.0,0,0,0.0,0
09:55:46.767,65.679,FOCUSED,90.26,0.286,0.371,0.0,0,0,0.0,0
09:55:46.891,65.804,FOCUSED,90.26,0.23,0.394,0.0,0,0,0.0,0
09:55:47.002,65.915,FOCUSED,90.26,0.351,0.417,0.0,0,0,0.0,0
09:55:47.104,66.017,FOCUSED,90.26,0.355,0.413,0.0,0,0,0.0,0
09:55:47.222,66.135,FOCUSED,90.26,0.362,0.411,0.0,0,0,0.0,0
09:55:47.343,66.255,FOCUSED,90.26,0.363,0.406,0.0,0,0,0.0,0
09:55:47.443,66.355,FOCUSED,90.26,0.361,0.398,0.0,0,0,0.0,0
09:55:47.571,66.483,FOCUSED,90.26,0.362,0.387,0.0,0,0,0.0,0
09:55:47.703,66.615,FOCUSED,90.26,0.359,0.395,0.0,0,0,0.0,0
09:55:47.833,66.745,FOCUSED,90.26,0.351,0.412,0.0,0,0,0.0,0
09:55:47.946,66.859,FOCUSED,90.26,0.351,0.411,0.0,0,0,0.0,0
09:55:48.060,66.973,FOCUSED,90.26,0.343,0.413,0.0,0,0,0.0,0
09:55:48.165,67.078,FOCUSED,90.26,0.357,0.41,0.0,0,0,0.0,0
09:55:48.288,67.2,FOCUSED,90.26,0.356,0.401,0.0,0,0,0.0,0
09:55:48.391,67.303,FOCUSED,90.26,0.375,0.379,0.0,0,0,0.0,0
09:55:48.511,67.424,FOCUSED,90.26,0.369,0.369,0.0,0,0,0.0,0
09:55:48.627,67.54,FOCUSED,90.26,0.362,0.391,0.0,0,0,0.0,0
09:55:48.745,67.658,FOCUSED,90.26,0.355,0.419,0.0,0,0,0.0,0
09:55:48.867,67.78,FOCUSED,90.26,0.347,0.423,0.0,0,0,0.0,0
09:55:49.003,67.916,FOCUSED,90.26,0.34,0.425,0.0,0,0,0.0,0
09:55:49.132,68.045,FOCUSED,90.26,0.353,0.419,0.0,0,0,0.0,0
09:55:49.264,68.177,FOCUSED,90.26,0.096,0.366,0.0,0,0,0.6,0
09:55:49.351,68.264,FOCUSED,90.26,0.299,0.382,0.0,0,0,0.0,0
09:55:49.459,68.372,FOCUSED,90.26,0.358,0.382,0.0,0,0,0.0,0
09:55:49.565,68.478,FOCUSED,90.26,0.345,0.407,0.0,0,0,0.0,0
09:55:49.670,68.582,FOCUSED,90.26,0.349,0.409,0.0,0,0,0.0,0
09:55:49.797,68.709,FOCUSED,90.26,0.345,0.401,0.0,0,0,0.0,0
09:55:49.900,68.813,FOCUSED,90.26,0.359,0.402,0.0,0,0,0.0,0
09:55:50.014,68.926,FOCUSED,90.26,0.352,0.403,0.0,0,0,0.0,0
09:55:50.122,69.035,FOCUSED,90.26,0.296,0.391,0.0,0,0,0.0,0
09:55:50.216,69.129,FOCUSED,90.26,0.309,0.39,0.0,0,0,0.0,0
09:55:50.324,69.236,FOCUSED,90.26,0.294,0.39,0.0,0,0,0.0,0
09:55:50.423,69.335,FOCUSED,90.26,0.302,0.394,0.0,0,0,0.0,0
09:55:50.548,69.461,FOCUSED,90.26,0.302,0.392,0.0,0,0,0.0,0
09:55:50.655,69.567,FOCUSED,90.26,0.301,0.393,0.0,0,0,0.0,0
09:55:50.771,69.684,FOCUSED,90.26,0.299,0.39,0.0,0,0,0.0,0
09:55:50.875,69.787,FOCUSED,90.26,0.308,0.391,0.0,0,0,0.0,0
09:55:50.974,69.887,FOCUSED,90.26,0.307,0.393,0.0,0,0,0.0,0
09:55:51.072,69.985,FOCUSED,90.26,0.305,0.396,0.0,0,0,0.0,0
09:55:51.188,70.101,FOCUSED,90.26,0.302,0.395,0.0,0,0,0.0,0
09:55:51.273,70.185,FOCUSED,90.26,0.307,0.396,0.0,0,0,0.0,0
09:55:51.360,70.273,FOCUSED,90.26,0.301,0.397,0.0,0,0,0.0,0
09:55:51.443,70.355,FOCUSED,90.26,0.296,0.399,0.0,0,0,0.0,0
09:55:51.534,70.446,FOCUSED,90.26,0.29,0.398,0.0,0,0,0.0,0
09:55:51.627,70.54,FOCUSED,90.26,0.296,0.399,0.0,0,0,0.0,0
09:55:51.719,70.632,FOCUSED,90.26,0.298,0.401,0.0,0,0,0.0,0
09:55:51.835,70.747,FOCUSED,90.26,0.299,0.401,0.0,0,0,0.0,0
09:55:51.937,70.85,FOCUSED,90.26,0.299,0.398,0.0,0,0,0.0,0
09:55:52.046,70.959,FOCUSED,90.26,0.306,0.399,0.0,0,0,0.0,0
09:55:52.163,71.075,FOCUSED,90.26,0.293,0.398,0.0,0,0,0.0,0
09:55:52.283,71.197,FOCUSED,90.26,0.298,0.395,0.0,0,0,0.0,0
09:55:52.402,71.315,FOCUSED,90.26,0.297,0.396,0.0,0,0,0.0,0
09:55:52.522,71.434,FOCUSED,90.26,0.289,0.397,0.0,0,0,0.0,0
09:55:52.627,71.54,FOCUSED,90.26,0.291,0.396,0.0,0,0,0.0,0
09:55:52.757,71.67,FOCUSED,90.26,0.284,0.398,0.0,0,0,0.0,0
09:55:52.853,71.766,FOCUSED,90.26,0.11,0.386,0.0,0,0,0.6,0
09:55:52.954,71.866,FOCUSED,90.26,0.272,0.397,0.0,0,0,0.0,0
09:55:53.071,71.983,FOCUSED,90.26,0.279,0.399,0.0,0,0,0.0,0
09:55:53.173,72.086,FOCUSED,90.26,0.277,0.398,0.0,0,0,0.0,0
09:55:53.310,72.223,FOCUSED,90.26,0.287,0.397,0.0,0,0,0.0,0
09:55:53.429,72.341,FOCUSED,90.26,0.287,0.398,0.0,0,0,0.0,0
09:55:53.516,72.428,FOCUSED,90.26,0.287,0.398,0.0,0,0,0.0,0
09:55:53.624,72.537,FOCUSED,90.26,0.29,0.399,0.0,0,0,0.0,0
09:55:53.745,72.658,FOCUSED,90.26,0.295,0.401,0.0,0,0,0.0,0
09:55:53.840,72.753,FOCUSED,90.26,0.29,0.405,0.0,0,0,0.0,0
09:55:53.933,72.846,FOCUSED,90.26,0.3,0.402,0.0,0,0,0.0,0
09:55:54.050,72.962,FOCUSED,90.26,0.292,0.398,0.0,0,0,0.0,0
09:55:54.156,73.068,FOCUSED,90.26,0.294,0.398,0.0,0,0,0.0,0
09:55:54.250,73.163,FOCUSED,90.26,0.288,0.395,0.0,0,0,0.0,0
09:55:54.380,73.292,FOCUSED,90.26,0.296,0.388,0.0,0,0,0.0,0
09:55:54.501,73.414,FOCUSED,90.26,0.262,0.38,0.0,0,0,0.0,0
09:55:54.613,73.525,FOCUSED,90.26,0.208,0.363,0.0,0,0,0.0,0
09:55:54.719,73.631,FOCUSED,90.26,0.264,0.364,0.0,0,0,0.0,0
09:55:54.841,73.754,FOCUSED,90.26,0.289,0.373,0.0,0,0,0.0,0
09:55:54.956,73.869,FOCUSED,90.26,0.286,0.368,0.0,0,0,0.0,0
09:55:55.081,73.994,FOCUSED,90.26,0.287,0.366,0.0,0,0,0.0,0
09:55:55.202,74.114,FOCUSED,90.26,0.29,0.365,0.0,0,0,0.0,0
09:55:55.321,74.233,FOCUSED,90.26,0.297,0.372,0.0,0,0,0.0,0
09:55:55.428,74.342,FOCUSED,90.26,0.296,0.371,0.0,0,0,0.0,0
09:55:55.542,74.456,FOCUSED,90.26,0.31,0.373,0.0,0,0,0.0,0
09:55:55.655,74.567,FOCUSED,90.26,0.308,0.374,0.0,0,0,0.0,0
09:55:55.772,74.685,FOCUSED,90.26,0.304,0.371,0.0,0,0,0.0,0
09:55:55.875,74.787,FOCUSED,90.26,0.29,0.367,0.0,0,0,0.0,0
09:55:55.986,74.898,FOCUSED,90.26,0.291,0.361,0.0,0,0,0.0,0
09:55:56.097,75.01,FOCUSED,90.26,0.282,0.365,0.0,0,0,0.0,0
09:55:56.206,75.119,FOCUSED,90.26,0.281,0.363,0.0,0,0,0.0,0
09:55:56.332,75.244,FOCUSED,90.26,0.266,0.361,0.0,0,0,0.0,0
09:55:56.454,75.366,FOCUSED,90.26,0.27,0.358,0.0,0,0,0.0,0
09:55:56.569,75.482,FOCUSED,90.26,0.28,0.35,0.0,0,0,0.0,0
09:55:56.674,75.586,FOCUSED,90.26,0.278,0.351,0.0,0,0,0.0,0
09:55:56.795,75.707,FOCUSED,90.26,0.285,0.347,0.0,0,0,0.0,0
09:55:56.908,75.821,FOCUSED,90.26,0.286,0.347,0.0,0,0,0.0,0
09:55:57.022,75.934,FOCUSED,90.26,0.277,0.346,0.0,0,0,0.0,0
09:55:57.145,76.057,FOCUSED,90.26,0.284,0.344,0.0,0,0,0.0,0
09:55:57.266,76.178,FOCUSED,90.26,0.289,0.343,0.0,0,0,0.0,0
09:55:57.369,76.281,FOCUSED,90.26,0.297,0.34,0.0,0,0,0.0,0
09:55:57.472,76.385,FOCUSED,90.26,0.3,0.339,0.0,0,0,0.0,0
09:55:57.606,76.519,FOCUSED,90.26,0.302,0.339,0.0,0,0,0.0,0
09:55:57.730,76.642,FOCUSED,90.26,0.303,0.341,0.0,0,0,0.0,0
09:55:57.849,76.762,FOCUSED,90.26,0.297,0.338,0.0,0,0,0.0,0
09:55:57.962,76.875,FOCUSED,90.26,0.296,0.336,0.0,0,0,0.0,0
09:55:58.067,76.979,FOCUSED,90.26,0.288,0.334,0.0,0,0,0.0,0
09:55:58.156,77.068,FOCUSED,90.26,0.282,0.331,0.0,0,0,0.0,0
09:55:58.261,77.173,FOCUSED,90.26,0.295,0.331,0.0,0,0,0.0,0
09:55:58.368,77.281,FOCUSED,90.26,0.285,0.332,0.0,0,0,0.0,0
09:55:58.486,77.398,FOCUSED,90.26,0.289,0.328,0.0,0,0,0.0,0
09:55:58.580,77.493,FOCUSED,90.26,0.287,0.332,0.0,0,0,0.0,0
09:55:58.710,77.623,FOCUSED,90.26,0.281,0.33,0.0,0,0,0.0,0
09:55:58.822,77.734,FOCUSED,90.26,0.287,0.327,0.0,0,0,0.0,0
09:55:58.942,77.855,FOCUSED,90.26,0.295,0.319,0.0,0,0,0.0,0
09:55:59.071,77.984,FOCUSED,90.26,0.28,0.317,0.0,0,0,0.0,0
09:55:59.183,78.095,FOCUSED,90.26,0.286,0.32,0.0,0,0,0.0,0
09:55:59.301,78.213,FOCUSED,90.26,0.29,0.32,0.0,0,0,0.0,0
09:55:59.395,78.308,FOCUSED,90.26,0.287,0.317,0.0,0,0,0.0,0
09:55:59.493,78.405,FOCUSED,90.26,0.279,0.314,0.0,0,0,0.0,0
09:55:59.598,78.511,FOCUSED,90.26,0.283,0.315,0.0,0,0,0.0,0
09:55:59.711,78.623,FOCUSED,90.26,0.281,0.312,0.0,0,0,0.0,0
09:55:59.840,78.752,FOCUSED,90.26,0.276,0.312,0.0,0,0,0.0,0
09:55:59.947,78.86,FOCUSED,90.26,0.276,0.309,0.0,0,0,0.0,0
09:56:00.072,78.985,FOCUSED,90.26,0.276,0.309,0.0,0,0,0.0,0
09:56:00.196,79.108,FOCUSED,90.26,0.278,0.309,0.0,0,0,0.0,0
09:56:00.305,79.217,FOCUSED,90.26,0.272,0.312,0.0,0,0,0.0,0
09:56:00.425,79.337,FOCUSED,90.26,0.273,0.309,0.0,0,0,0.0,0
09:56:00.545,79.458,FOCUSED,90.26,0.273,0.309,0.0,0,0,0.0,0
09:56:00.670,79.582,FOCUSED,90.26,0.279,0.308,0.0,0,0,0.0,0
09:56:00.757,79.671,FOCUSED,90.26,0.274,0.313,0.0,0,0,0.0,0
09:56:00.863,79.776,FOCUSED,90.26,0.268,0.324,0.0,0,0,0.0,0
09:56:00.971,79.884,FOCUSED,90.26,0.275,0.321,0.0,0,0,0.0,0
09:56:01.099,80.012,FOCUSED,90.26,0.279,0.326,0.0,0,0,0.0,0
09:56:01.214,80.126,FOCUSED,90.26,0.274,0.327,0.0,0,0,0.0,0
09:56:01.319,80.232,FOCUSED,90.26,0.272,0.324,0.0,0,0,0.0,0
09:56:01.422,80.334,FOCUSED,90.26,0.282,0.322,0.0,0,0,0.0,0
09:56:01.547,80.46,FOCUSED,90.26,0.268,0.321,0.0,0,0,0.0,0
09:56:01.654,80.567,FOCUSED,90.26,0.251,0.324,0.0,0,0,0.0,0
09:56:01.762,80.675,FOCUSED,90.26,0.184,0.312,0.0,0,0,0.0,0
09:56:01.889,80.802,FOCUSED,90.26,0.254,0.325,0.0,0,0,0.0,0
09:56:02.007,80.919,FOCUSED,90.26,0.263,0.327,0.0,0,0,0.0,0
09:56:02.139,81.051,FOCUSED,90.26,0.259,0.325,0.0,0,0,0.0,0
09:56:02.237,81.15,FOCUSED,90.26,0.27,0.324,0.0,0,0,0.0,0
09:56:02.345,81.258,FOCUSED,90.26,0.269,0.321,0.0,0,0,0.0,0
09:56:02.444,81.356,FOCUSED,90.26,0.273,0.322,0.0,0,0,0.0,0
09:56:02.551,81.463,FOCUSED,90.26,0.278,0.321,0.0,0,0,0.0,0
09:56:02.666,81.579,FOCUSED,90.26,0.271,0.319,0.0,0,0,0.0,0
09:56:02.837,81.75,FOCUSED,90.26,0.27,0.312,0.0,0,0,0.0,0
09:56:02.957,81.869,FOCUSED,90.26,0.27,0.316,0.0,0,0,0.0,0
09:56:03.055,81.968,FOCUSED,90.26,0.264,0.314,0.0,0,0,0.0,0
09:56:03.149,82.062,FOCUSED,90.26,0.274,0.32,0.0,0,0,0.0,0
09:56:03.257,82.169,FOCUSED,90.26,0.275,0.319,0.0,0,0,0.0,0
09:56:03.379,82.291,FOCUSED,90.26,0.276,0.319,0.0,0,0,0.0,0
09:56:03.481,82.393,FOCUSED,90.26,0.272,0.32,0.0,0,0,0.0,0
09:56:03.581,82.494,FOCUSED,90.26,0.268,0.323,0.0,0,0,0.0,0
09:56:03.701,82.614,FOCUSED,90.26,0.266,0.324,0.0,0,0,0.0,0
09:56:03.811,82.724,FOCUSED,90.26,0.27,0.324,0.0,0,0,0.0,0
09:56:03.931,82.843,FOCUSED,90.26,0.268,0.325,0.0,0,0,0.0,0
09:56:04.038,82.95,FOCUSED,90.26,0.262,0.322,0.0,0,0,0.0,0
09:56:04.164,83.076,FOCUSED,90.26,0.263,0.318,0.0,0,0,0.0,0
09:56:04.277,83.19,FOCUSED,90.26,0.263,0.322,0.0,0,0,0.0,0
09:56:04.390,83.302,FOCUSED,90.26,0.257,0.319,0.0,0,0,0.0,0
09:56:04.511,83.424,FOCUSED,90.26,0.257,0.317,0.0,0,0,0.0,0
09:56:04.625,83.537,FOCUSED,90.26,0.252,0.32,0.0,0,0,0.0,0
09:56:04.725,83.638,FOCUSED,90.26,0.255,0.322,0.0,0,0,0.0,0
09:56:04.831,83.743,FOCUSED,90.26,0.25,0.321,0.0,0,0,0.0,0
09:56:04.919,83.832,FOCUSED,90.26,0.254,0.319,0.0,0,0,0.0,0
09:56:05.023,83.935,FOCUSED,90.26,0.251,0.321,0.0,0,0,0.0,0
09:56:05.145,84.058,FOCUSED,90.26,0.253,0.323,0.0,0,0,0.0,0
09:56:05.248,84.16,FOCUSED,90.26,0.252,0.322,0.0,0,0,0.0,0
09:56:05.366,84.278,FOCUSED,90.26,0.253,0.323,0.0,0,0,0.0,0
09:56:05.474,84.386,FOCUSED,90.26,0.249,0.32,0.0,0,0,0.0,0
09:56:05.601,84.513,FOCUSED,90.26,0.242,0.318,0.0,0,0,0.0,0
09:56:05.723,84.635,FOCUSED,90.26,0.236,0.317,0.0,0,0,0.0,0
09:56:05.832,84.745,FOCUSED,90.26,0.248,0.317,0.0,0,0,0.0,0
09:56:05.935,84.848,FOCUSED,90.26,0.257,0.319,0.0,0,0,0.0,0
09:56:06.045,84.958,FOCUSED,90.26,0.256,0.318,0.0,0,0,0.0,0
09:56:06.167,85.079,FOCUSED,90.26,0.25,0.316,0.0,0,0,0.0,0
09:56:06.279,85.191,FOCUSED,90.26,0.253,0.315,0.0,0,0,0.0,0
09:56:06.373,85.285,FOCUSED,90.26,0.256,0.319,0.0,0,0,0.0,0
09:56:06.487,85.4,FOCUSED,90.26,0.257,0.313,0.0,0,0,0.0,0
09:56:06.608,85.52,FOCUSED,90.26,0.249,0.315,0.0,0,0,0.0,0
09:56:06.730,85.642,FOCUSED,90.26,0.255,0.316,0.0,0,0,0.0,0
09:56:06.842,85.756,FOCUSED,90.26,0.254,0.316,0.0,0,0,0.0,0
09:56:06.956,85.868,FOCUSED,90.26,0.25,0.312,0.0,0,0,0.0,0
09:56:07.068,85.981,FOCUSED,90.26,0.253,0.316,0.0,0,0,0.0,0
09:56:07.189,86.102,FOCUSED,90.26,0.251,0.319,0.0,0,0,0.0,0
09:56:07.301,86.214,FOCUSED,90.26,0.255,0.321,0.0,0,0,0.0,0
09:56:07.416,86.328,FOCUSED,90.26,0.256,0.324,0.0,0,0,0.0,0
09:56:07.519,86.432,FOCUSED,90.26,0.249,0.324,0.0,0,0,0.0,0
09:56:07.627,86.54,FOCUSED,90.26,0.241,0.318,0.0,0,0,0.0,0
09:56:07.724,86.636,FOCUSED,90.26,0.245,0.318,0.0,0,0,0.0,0
09:56:07.834,86.748,FOCUSED,90.26,0.241,0.32,0.0,0,0,0.0,0
09:56:07.946,86.859,FOCUSED,90.26,0.246,0.317,0.0,0,0,0.0,0
09:56:08.062,86.975,FOCUSED,90.26,0.239,0.314,0.0,0,0,0.0,0
09:56:08.171,87.083,FOCUSED,90.26,0.238,0.315,0.0,0,0,0.0,0
09:56:08.298,87.211,FOCUSED,90.26,0.243,0.319,0.0,0,0,0.0,0
09:56:08.421,87.333,FOCUSED,90.26,0.236,0.319,0.0,0,0,0.0,0
09:56:08.552,87.465,FOCUSED,90.26,0.236,0.318,0.0,0,0,0.0,0
09:56:08.668,87.581,FOCUSED,90.26,0.239,0.324,0.0,0,0,0.0,0
09:56:08.784,87.696,FOCUSED,90.26,0.243,0.321,0.0,0,0,0.0,0
09:56:08.871,87.783,FOCUSED,90.26,0.236,0.316,0.0,0,0,0.0,0
09:56:08.969,87.882,FOCUSED,90.26,0.243,0.318,0.0,0,0,0.0,0
09:56:09.067,87.979,FOCUSED,90.26,0.243,0.317,0.0,0,0,0.0,0
09:56:09.184,88.097,FOCUSED,90.26,0.245,0.321,0.0,0,0,0.0,0
09:56:09.313,88.225,FOCUSED,90.26,0.25,0.322,0.0,0,0,0.0,0
09:56:09.421,88.333,FOCUSED,90.26,0.231,0.309,0.0,0,0,0.0,0
09:56:09.530,88.442,FOCUSED,90.26,0.152,0.318,0.0,0,0,0.6,0
09:56:09.639,88.552,FOCUSED,90.26,0.281,0.328,0.0,0,0,0.0,0
09:56:09.756,88.668,FOCUSED,90.26,0.313,0.331,0.0,0,0,0.0,0
09:56:09.856,88.769,FOCUSED,90.26,0.315,0.328,0.0,0,0,0.0,0
09:56:09.942,88.854,FOCUSED,90.26,0.296,0.319,0.0,0,0,0.0,0
09:56:10.059,88.971,FOCUSED,90.26,0.202,0.304,0.0,0,0,0.0,0
09:56:10.163,89.075,FOCUSED,90.26,0.141,0.303,0.0,0,0,0.6,0
09:56:10.281,89.193,FOCUSED,90.26,0.232,0.315,0.0,0,0,0.0,0
09:56:10.402,89.314,FOCUSED,90.26,0.234,0.32,0.0,0,0,0.0,0
09:56:10.508,89.421,FOCUSED,90.26,0.236,0.323,0.0,0,0,0.0,0
09:56:10.626,89.538,FOCUSED,90.26,0.239,0.331,0.0,0,0,0.0,0
09:56:10.753,89.666,FOCUSED,90.26,0.244,0.335,0.0,0,0,0.0,0
09:56:10.862,89.774,FOCUSED,90.26,0.244,0.335,0.0,0,0,0.0,0
09:56:10.970,89.883,FOCUSED,90.26,0.246,0.336,0.0,0,0,0.0,0
09:56:11.096,90.009,FOCUSED,90.26,0.24,0.34,0.0,0,0,0.0,0
09:56:11.207,90.12,FOCUSED,90.26,0.244,0.338,0.0,0,0,0.0,0
09:56:11.330,90.243,FOCUSED,90.26,0.241,0.339,0.0,0,0,0.0,0
09:56:11.453,90.365,FOCUSED,90.26,0.245,0.344,0.0,0,0,0.0,0
09:56:11.575,90.488,FOCUSED,90.26,0.24,0.342,0.0,0,0,0.0,0
09:56:11.689,90.601,FOCUSED,90.26,0.239,0.345,0.0,0,0,0.0,0
09:56:11.818,90.73,FOCUSED,90.26,0.242,0.344,0.0,0,0,0.0,0
09:56:11.936,90.849,FOCUSED,90.26,0.238,0.341,0.0,0,0,0.0,0
09:56:12.039,90.951,FOCUSED,90.26,0.24,0.334,0.0,0,0,0.0,0
09:56:12.168,91.08,FOCUSED,90.26,0.234,0.329,0.0,0,0,0.0,0
09:56:12.266,91.178,FOCUSED,90.26,0.235,0.335,0.0,0,0,0.0,0
09:56:12.373,91.285,FOCUSED,90.26,0.244,0.336,0.0,0,0,0.0,0
09:56:12.509,91.421,FOCUSED,90.26,0.241,0.341,0.0,0,0,0.0,0
09:56:12.645,91.558,FOCUSED,90.26,0.25,0.342,0.0,0,0,0.0,0
09:56:12.771,91.683,FOCUSED,90.26,0.254,0.332,0.0,0,0,0.0,0
09:56:12.897,91.809,FOCUSED,90.26,0.262,0.319,0.0,0,0,0.0,0
09:56:12.995,91.908,FOCUSED,90.26,0.281,0.308,0.0,0,0,0.0,0
09:56:13.099,92.011,FOCUSED,90.26,0.288,0.297,0.0,0,0,0.0,0
09:56:13.217,92.129,FOCUSED,90.26,0.282,0.312,0.0,0,0,0.0,0
09:56:13.321,92.234,FOCUSED,90.26,0.278,0.317,0.0,0,0,0.0,0
09:56:13.433,92.346,FOCUSED,90.26,0.275,0.32,0.0,0,0,0.0,0
09:56:13.542,92.454,FOCUSED,90.26,0.281,0.322,0.0,0,0,0.0,0
09:56:13.655,92.567,FOCUSED,90.26,0.267,0.317,0.0,0,0,0.0,0
09:56:13.766,92.678,FOCUSED,90.26,0.267,0.318,0.0,0,0,0.0,0
09:56:13.871,92.784,FOCUSED,90.26,0.276,0.327,0.0,0,0,0.0,0
09:56:13.976,92.889,FOCUSED,90.26,0.274,0.325,0.0,0,0,0.0,0
09:56:14.064,92.977,FOCUSED,90.26,0.276,0.324,0.0,0,0,0.0,0
09:56:14.173,93.086,FOCUSED,90.26,0.283,0.319,0.0,0,0,0.0,0
09:56:14.276,93.188,FOCUSED,90.26,0.286,0.318,0.0,0,0,0.0,0
09:56:14.382,93.295,FOCUSED,90.26,0.284,0.32,0.0,0,0,0.0,0
09:56:14.491,93.404,FOCUSED,90.26,0.282,0.319,0.0,0,0,0.0,0
09:56:14.598,93.51,FOCUSED,90.26,0.292,0.317,0.0,0,0,0.0,0
09:56:14.685,93.597,FOCUSED,90.26,0.287,0.317,0.0,0,0,0.0,0
09:56:14.775,93.688,FOCUSED,90.26,0.287,0.315,0.0,0,0,0.0,0
09:56:14.883,93.796,FOCUSED,90.26,0.285,0.315,0.0,0,0,0.0,0
09:56:14.973,93.886,FOCUSED,90.26,0.292,0.316,0.0,0,0,0.0,0
09:56:15.078,93.991,FOCUSED,90.26,0.28,0.314,0.0,0,0,0.0,0
09:56:15.197,94.11,FOCUSED,90.26,0.284,0.312,0.0,0,0,0.0,0
09:56:15.296,94.208,FOCUSED,90.26,0.285,0.315,0.0,0,0,0.0,0
09:56:15.414,94.328,FOCUSED,90.26,0.29,0.316,0.0,0,0,0.0,0
09:56:15.509,94.421,FOCUSED,90.26,0.276,0.339,0.0,0,0,0.0,0
09:56:15.606,94.518,FOCUSED,90.26,0.272,0.334,0.0,0,0,0.0,0
09:56:15.712,94.625,FOCUSED,90.26,0.278,0.33,0.0,0,0,0.0,0
09:56:15.804,94.716,FOCUSED,90.26,0.283,0.337,0.0,0,0,0.0,0
09:56:15.888,94.801,FOCUSED,90.26,0.285,0.339,0.0,0,0,0.0,0
09:56:15.992,94.905,FOCUSED,90.26,0.28,0.338,0.0,0,0,0.0,0
09:56:16.074,94.986,FOCUSED,90.26,0.271,0.331,0.0,0,0,0.0,0
09:56:16.163,95.075,FOCUSED,90.26,0.271,0.334,0.0,0,0,0.0,0
09:56:16.268,95.181,FOCUSED,90.26,0.268,0.329,0.0,0,0,0.0,0
09:56:16.357,95.269,FOCUSED,90.26,0.283,0.323,0.0,0,0,0.0,0
09:56:16.447,95.36,FOCUSED,90.26,0.281,0.319,0.0,0,0,0.0,0
09:56:16.541,95.454,FOCUSED,90.26,0.276,0.321,0.0,0,0,0.0,0
09:56:16.635,95.547,FOCUSED,90.26,0.278,0.325,0.0,0,0,0.0,0
09:56:16.734,95.647,FOCUSED,90.26,0.279,0.326,0.0,0,0,0.0,0
09:56:16.837,95.75,FOCUSED,90.26,0.278,0.325,0.0,0,0,0.0,0
09:56:16.930,95.843,FOCUSED,90.26,0.276,0.326,0.0,0,0,0.0,0
09:56:17.022,95.934,FOCUSED,90.26,0.033,0.311,0.0,0,0,0.6,0
09:56:17.133,96.046,FOCUSED,90.26,0.246,0.33,0.0,0,0,0.0,0
09:56:17.224,96.137,FOCUSED,90.26,0.27,0.332,0.0,0,0,0.0,0
09:56:17.314,96.227,FOCUSED,90.26,0.286,0.34,0.0,0,0,0.0,0
09:56:17.413,96.326,FOCUSED,90.26,0.283,0.344,0.0,0,0,0.0,0
09:56:17.500,96.413,FOCUSED,90.26,0.289,0.343,0.0,0,0,0.0,0
09:56:17.601,96.513,FOCUSED,90.26,0.278,0.341,0.0,0,0,0.0,0
09:56:17.706,96.618,FOCUSED,90.26,0.294,0.342,0.0,0,0,0.0,0
09:56:17.837,96.75,FOCUSED,90.26,0.284,0.339,0.0,0,0,0.0,0
09:56:17.928,96.841,FOCUSED,90.26,0.287,0.341,0.0,0,0,0.0,0
09:56:18.013,96.926,FOCUSED,90.26,0.29,0.338,0.0,0,0,0.0,0
09:56:18.110,97.023,FOCUSED,90.26,0.287,0.339,0.0,0,0,0.0,0
09:56:18.223,97.136,FOCUSED,90.26,0.286,0.336,0.0,0,0,0.0,0
09:56:18.323,97.236,FOCUSED,90.26,0.285,0.336,0.0,0,0,0.0,0
09:56:18.444,97.356,FOCUSED,90.26,0.285,0.333,0.0,0,0,0.0,0
09:56:18.561,97.474,FOCUSED,90.26,0.282,0.333,0.0,0,0,0.0,0
09:56:18.668,97.58,FOCUSED,90.26,0.288,0.334,0.0,0,0,0.0,0
09:56:18.785,97.698,FOCUSED,90.26,0.265,0.337,0.0,0,0,0.0,0
09:56:18.893,97.805,FOCUSED,90.26,0.271,0.326,0.0,0,0,0.0,0
09:56:19.009,97.921,FOCUSED,90.26,0.265,0.327,0.0,0,0,0.0,0
09:56:19.105,98.017,FOCUSED,90.26,0.252,0.342,0.0,0,0,0.0,0
09:56:19.209,98.121,FOCUSED,90.26,0.256,0.356,0.0,0,0,0.0,0
09:56:19.314,98.227,FOCUSED,90.26,0.249,0.358,0.0,0,0,0.0,0
09:56:19.420,98.332,FOCUSED,90.26,0.244,0.361,0.0,0,0,0.0,0
09:56:19.511,98.423,FOCUSED,90.26,0.237,0.364,0.0,0,0,0.0,0
09:56:19.631,98.544,FOCUSED,90.26,0.235,0.366,0.0,0,0,0.0,0
09:56:19.740,98.652,FOCUSED,90.26,0.236,0.36,0.0,0,0,0.0,0
09:56:19.845,98.758,FOCUSED,90.26,0.236,0.356,0.0,0,0,0.0,0
09:56:19.943,98.855,FOCUSED,90.26,0.24,0.352,0.0,0,0,0.0,0
09:56:20.047,98.959,FOCUSED,90.26,0.25,0.335,0.0,0,0,0.0,0
09:56:20.145,99.057,FOCUSED,90.26,0.25,0.329,0.0,0,0,0.0,0
09:56:20.248,99.161,FOCUSED,90.26,0.261,0.324,0.0,0,0,0.0,0
09:56:20.368,99.281,FOCUSED,90.26,0.258,0.32,0.0,0,0,0.0,0
09:56:20.486,99.399,FOCUSED,90.26,0.243,0.317,0.0,0,0,0.0,0
09:56:20.614,99.526,FOCUSED,90.26,0.245,0.312,0.0,0,0,0.0,0
09:56:20.701,99.614,FOCUSED,90.26,0.247,0.315,0.0,0,0,0.0,0
09:56:20.816,99.728,FOCUSED,90.26,0.232,0.313,0.0,0,0,0.0,0
09:56:20.998,99.911,FOCUSED,90.26,0.1,0.3,0.0,0,0,0.6,0
09:56:21.118,100.031,FOCUSED,90.26,0.254,0.316,0.0,0,0,0.0,0
09:56:21.229,100.141,FOCUSED,90.26,0.275,0.339,0.0,0,0,0.0,0
09:56:21.341,100.253,FOCUSED,90.26,0.288,0.34,0.0,0,0,0.0,0
09:56:21.500,100.413,FOCUSED,90.26,0.288,0.339,0.0,0,0,0.0,0
09:56:21.635,100.547,FOCUSED,90.26,0.294,0.336,0.0,0,0,0.0,0
09:56:21.781,100.694,FOCUSED,90.26,0.3,0.339,0.0,0,0,0.0,0
09:56:21.905,100.818,FOCUSED,90.26,0.313,0.34,0.0,0,0,0.0,0
09:56:22.028,100.94,FOCUSED,90.26,0.306,0.341,0.0,0,0,0.0,0
09:56:22.129,101.042,FOCUSED,90.26,0.306,0.345,0.0,0,0,0.0,0
09:56:22.291,101.203,FOCUSED,90.26,0.304,0.34,0.0,0,0,0.0,0
09:56:22.397,101.309,FOCUSED,90.26,0.311,0.342,0.0,0,0,0.0,0
09:56:22.514,101.426,FOCUSED,90.26,0.308,0.338,0.0,0,0,0.0,0
09:56:22.607,101.52,FOCUSED,90.26,0.309,0.34,0.0,0,0,0.0,0
09:56:22.695,101.608,FOCUSED,90.26,0.313,0.342,0.0,0,0,0.0,0
09:56:22.785,101.698,FOCUSED,90.26,0.313,0.344,0.0,0,0,0.0,0
09:56:22.891,101.804,FOCUSED,90.26,0.312,0.347,0.0,0,0,0.0,0
09:56:22.998,101.911,FOCUSED,90.26,0.312,0.349,0.0,0,0,0.0,0
09:56:23.103,102.015,FOCUSED,90.26,0.302,0.349,0.0,0,0,0.0,0
09:56:23.184,102.097,FOCUSED,90.26,0.304,0.35,0.0,0,0,0.0,0
09:56:23.286,102.199,FOCUSED,90.26,0.303,0.346,0.0,0,0,0.0,0
09:56:23.380,102.293,FOCUSED,90.26,0.296,0.342,0.0,0,0,0.0,0
09:56:23.462,102.375,FOCUSED,90.26,0.304,0.346,0.0,0,0,0.0,0
09:56:23.550,102.462,FOCUSED,90.26,0.294,0.348,0.0,0,0,0.0,0
09:56:23.649,102.561,FOCUSED,90.26,0.305,0.349,0.0,0,0,0.0,0
09:56:23.739,102.652,FOCUSED,90.26,0.308,0.349,0.0,0,0,0.0,0
09:56:23.840,102.753,FOCUSED,90.26,0.305,0.346,0.0,0,0,0.0,0
09:56:23.925,102.837,FOCUSED,90.26,0.317,0.348,0.0,0,0,0.0,0
09:56:24.026,102.939,FOCUSED,90.26,0.308,0.343,0.0,0,0,0.0,0
09:56:24.116,103.028,FOCUSED,90.26,0.303,0.341,0.0,0,0,0.0,0
09:56:24.215,103.128,FOCUSED,90.26,0.307,0.343,0.0,0,0,0.0,0
09:56:24.311,103.223,FOCUSED,90.26,0.308,0.345,0.0,0,0,0.0,0
09:56:24.415,103.328,FOCUSED,90.26,0.312,0.347,0.0,0,0,0.0,0
09:56:24.505,103.418,FOCUSED,90.26,0.309,0.346,0.0,0,0,0.0,0
09:56:24.592,103.504,FOCUSED,90.26,0.31,0.345,0.0,0,0,0.0,0
09:56:24.694,103.607,FOCUSED,90.26,0.304,0.345,0.0,0,0,0.0,0
09:56:24.786,103.698,FOCUSED,90.26,0.307,0.342,0.0,0,0,0.0,0
09:56:24.899,103.811,FOCUSED,90.26,0.311,0.343,0.0,0,0,0.0,0
09:56:25.004,103.916,FOCUSED,90.26,0.305,0.344,0.0,0,0,0.0,0
09:56:25.131,104.043,FOCUSED,90.26,0.304,0.343,0.0,0,0,0.0,0
09:56:25.237,104.15,FOCUSED,90.26,0.299,0.34,0.0,0,0,0.0,0
09:56:25.341,104.254,FOCUSED,90.26,0.308,0.346,0.0,0,0,0.0,0
09:56:25.461,104.373,FOCUSED,90.26,0.303,0.347,0.0,0,0,0.0,0
09:56:25.580,104.493,FOCUSED,90.26,0.304,0.347,0.0,0,0,0.0,0
09:56:25.677,104.589,FOCUSED,90.26,0.299,0.35,0.0,0,0,0.0,0
09:56:25.789,104.701,FOCUSED,90.26,0.292,0.354,0.0,0,0,0.0,0
09:56:25.893,104.806,FOCUSED,90.26,0.246,0.349,0.0,0,0,0.0,0
09:56:26.144,105.057,FOCUSED,90.26,0.246,0.345,0.0,0,0,0.0,0
09:56:26.277,105.19,FOCUSED,90.26,0.247,0.345,0.0,0,0,0.0,0
09:56:26.401,105.314,FOCUSED,90.26,0.251,0.346,0.0,0,0,0.0,0
09:56:26.520,105.432,FOCUSED,90.26,0.251,0.343,0.0,0,0,0.0,0
09:56:26.649,105.562,FOCUSED,90.26,0.253,0.345,0.0,0,0,0.0,0
09:56:26.749,105.662,FOCUSED,90.26,0.256,0.345,0.0,0,0,0.0,0
09:56:26.884,105.797,FOCUSED,90.26,0.251,0.344,0.0,0,0,0.0,0
09:56:27.041,105.954,FOCUSED,90.26,0.245,0.343,0.0,0,0,0.0,0
09:56:27.214,106.126,FOCUSED,90.26,0.257,0.344,0.0,0,0,0.0,0
09:56:27.391,106.304,FOCUSED,90.26,0.261,0.346,0.0,0,0,0.0,0
09:56:27.539,106.452,FOCUSED,90.26,0.26,0.346,0.0,0,0,0.0,0
09:56:27.644,106.557,FOCUSED,90.26,0.261,0.349,0.0,0,0,0.0,0
09:56:27.761,106.673,FOCUSED,90.26,0.27,0.351,0.0,0,0,0.0,0
09:56:27.899,106.812,FOCUSED,90.26,0.26,0.35,0.0,0,0,0.0,0
09:56:28.038,106.951,FOCUSED,90.26,0.259,0.35,0.0,0,0,0.0,0
09:56:28.138,107.05,FOCUSED,90.26,0.25,0.346,0.0,0,0,0.0,0
09:56:28.288,107.201,FOCUSED,90.26,0.245,0.345,0.0,0,0,0.0,0
09:56:28.431,107.344,FOCUSED,90.26,0.25,0.345,0.0,0,0,0.0,0
09:56:28.542,107.455,FOCUSED,90.26,0.25,0.346,0.0,0,0,0.0,0
09:56:28.685,107.598,FOCUSED,90.26,0.248,0.349,0.0,0,0,0.0,0
09:56:28.839,107.752,FOCUSED,90.26,0.246,0.348,0.0,0,0,0.0,0
09:56:28.954,107.866,FOCUSED,90.26,0.255,0.354,0.0,0,0,0.0,0
09:56:29.019,107.931,FOCUSED,90.26,0.242,0.35,0.0,0,0,0.0,0
09:56:29.089,108.002,FOCUSED,90.26,0.246,0.347,0.0,0,0,0.0,0
09:56:29.171,108.083,FOCUSED,90.26,0.246,0.348,0.0,0,0,0.0,0
09:56:29.239,108.152,FOCUSED,90.26,0.247,0.35,0.0,0,0,0.0,0
09:56:29.337,108.25,FOCUSED,90.26,0.246,0.35,0.0,0,0,0.0,0
09:56:29.422,108.335,FOCUSED,90.26,0.242,0.347,0.0,0,0,0.0,0
09:56:29.495,108.408,FOCUSED,90.26,0.238,0.349,0.0,0,0,0.0,0
09:56:29.596,108.509,FOCUSED,90.26,0.242,0.348,0.0,0,0,0.0,0
09:56:29.683,108.596,FOCUSED,90.26,0.239,0.346,0.0,0,0,0.0,0
09:56:29.750,108.663,FOCUSED,90.26,0.029,0.349,0.0,0,0,0.6,0
09:56:29.837,108.75,FOCUSED,90.26,0.162,0.344,0.0,0,0,0.6,0
09:56:29.907,108.82,FOCUSED,90.26,0.239,0.351,0.0,0,0,0.0,0
09:56:29.981,108.893,FOCUSED,90.26,0.258,0.353,0.0,0,0,0.0,0
09:56:30.064,108.977,FOCUSED,90.26,0.245,0.356,0.0,0,0,0.0,0
09:56:30.142,109.054,FOCUSED,90.26,0.263,0.359,0.0,0,0,0.0,0
09:56:30.223,109.136,FOCUSED,90.26,0.28,0.359,0.0,0,0,0.0,0
09:56:30.301,109.214,FOCUSED,90.26,0.285,0.362,0.0,0,0,0.0,0
09:56:30.366,109.279,FOCUSED,90.26,0.297,0.361,0.0,0,0,0.0,0
09:56:30.434,109.348,FOCUSED,90.26,0.3,0.36,0.0,0,0,0.0,0
09:56:30.507,109.42,FOCUSED,90.26,0.307,0.36,0.0,0,0,0.0,0
09:56:30.575,109.487,FOCUSED,90.26,0.295,0.361,0.0,0,0,0.0,0
09:56:30.647,109.559,FOCUSED,90.26,0.309,0.363,0.0,0,0,0.0,0
09:56:30.718,109.63,FOCUSED,90.26,0.307,0.364,0.0,0,0,0.0,0
09:56:30.791,109.703,FOCUSED,90.26,0.299,0.363,0.0,0,0,0.0,0
09:56:30.865,109.777,FOCUSED,90.26,0.298,0.364,0.0,0,0,0.0,0
09:56:30.943,109.855,FOCUSED,90.26,0.291,0.363,0.0,0,0,0.0,0
09:56:31.024,109.937,FOCUSED,90.26,0.289,0.364,0.0,0,0,0.0,0
09:56:31.099,110.011,FOCUSED,90.26,0.287,0.362,0.0,0,0,0.0,0
09:56:31.167,110.079,FOCUSED,90.26,0.288,0.361,0.0,0,0,0.0,0
09:56:31.239,110.151,FOCUSED,90.26,0.282,0.362,0.0,0,0,0.0,0
09:56:31.333,110.245,FOCUSED,90.26,0.279,0.361,0.0,0,0,0.0,0
09:56:31.421,110.333,FOCUSED,90.26,0.272,0.358,0.0,0,0,0.0,0
09:56:31.517,110.43,FOCUSED,90.26,0.277,0.36,0.0,0,0,0.0,0
09:56:31.592,110.505,FOCUSED,90.26,0.271,0.359,0.0,0,0,0.0,0
09:56:31.668,110.58,FOCUSED,90.26,0.271,0.361,0.0,0,0,0.0,0
09:56:31.754,110.666,FOCUSED,90.26,0.265,0.358,0.0,0,0,0.0,0
09:56:31.823,110.735,FOCUSED,90.26,0.26,0.358,0.0,0,0,0.0,0
09:56:31.897,110.81,FOCUSED,90.26,0.264,0.356,0.0,0,0,0.0,0
09:56:31.975,110.888,FOCUSED,90.26,0.261,0.362,0.0,0,0,0.0,0
09:56:32.117,111.03,FOCUSED,90.26,0.256,0.358,0.0,0,0,0.0,0
09:56:32.244,111.156,FOCUSED,90.26,0.262,0.357,0.0,0,0,0.0,0
09:56:32.371,111.284,FOCUSED,90.26,0.252,0.357,0.0,0,0,0.0,0
09:56:32.502,111.415,FOCUSED,90.26,0.267,0.351,0.0,0,0,0.0,0
09:56:32.665,111.577,FOCUSED,90.26,0.28,0.359,0.0,0,0,0.0,0
09:56:32.825,111.738,FOCUSED,90.26,0.28,0.375,0.0,0,0,0.0,0
09:56:32.999,111.911,FOCUSED,90.26,0.257,0.371,0.0,0,0,0.0,0
09:56:33.124,112.037,FOCUSED,90.26,0.233,0.372,0.0,0,0,0.0,0
09:56:33.278,112.19,FOCUSED,90.26,0.234,0.36,0.0,0,0,0.0,0
09:56:33.410,112.323,FOCUSED,90.26,0.241,0.356,0.0,0,0,0.0,0
09:56:33.551,112.464,FOCUSED,90.26,0.245,0.374,0.0,0,0,0.0,0
09:56:33.699,112.611,FOCUSED,90.26,0.236,0.376,0.0,0,0,0.0,0
09:56:33.848,112.761,FOCUSED,90.26,0.237,0.375,0.0,0,0,0.0,0
09:56:34.015,112.928,FOCUSED,90.26,0.248,0.37,0.0,0,0,0.0,0
09:56:34.138,113.05,FOCUSED,90.26,0.252,0.367,0.0,0,0,0.0,0
09:56:34.258,113.17,FOCUSED,90.26,0.259,0.371,0.0,0,0,0.0,0
09:56:34.381,113.293,FOCUSED,90.26,0.26,0.37,0.0,0,0,0.0,0
09:56:34.499,113.411,FOCUSED,90.26,0.263,0.37,0.0,0,0,0.0,0
09:56:34.621,113.534,FOCUSED,90.26,0.256,0.37,0.0,0,0,0.0,0
09:56:34.722,113.634,FOCUSED,90.26,0.258,0.371,0.0,0,0,0.0,0
09:56:34.819,113.732,FOCUSED,90.26,0.26,0.372,0.0,0,0,0.0,0
09:56:34.929,113.842,FOCUSED,90.26,0.27,0.37,0.0,0,0,0.0,0
09:56:35.034,113.947,FOCUSED,90.26,0.254,0.365,0.0,0,0,0.0,0
09:56:35.165,114.078,FOCUSED,90.26,0.263,0.362,0.0,0,0,0.0,0
09:56:35.272,114.185,FOCUSED,90.26,0.258,0.365,0.0,0,0,0.0,0
09:56:35.392,114.304,FOCUSED,90.26,0.256,0.364,0.0,0,0,0.0,0
09:56:35.518,114.43,FOCUSED,90.26,0.256,0.367,0.0,0,0,0.0,0
09:56:35.615,114.528,FOCUSED,90.26,0.249,0.372,0.0,0,0,0.0,0
09:56:35.727,114.639,FOCUSED,90.26,0.281,0.376,0.0,0,0,0.0,0
09:56:35.845,114.757,FOCUSED,90.26,0.279,0.375,0.0,0,0,0.0,0
09:56:35.945,114.858,FOCUSED,90.26,0.293,0.372,0.0,0,0,0.0,0
09:56:36.054,114.967,FOCUSED,90.26,0.144,0.368,0.0,0,0,0.6,0
09:56:36.178,115.091,FOCUSED,90.26,0.3,0.37,0.0,0,0,0.0,0
09:56:36.283,115.195,FOCUSED,90.26,0.335,0.37,0.0,0,0,0.0,0
09:56:36.387,115.3,FOCUSED,90.26,0.337,0.369,0.0,0,0,0.0,0
09:56:36.517,115.43,FOCUSED,90.26,0.337,0.368,0.0,0,0,0.0,0
09:56:36.659,115.572,FOCUSED,90.26,0.339,0.364,0.0,0,0,0.0,0
09:56:36.780,115.692,FOCUSED,90.26,0.352,0.366,0.0,0,0,0.0,0
09:56:36.905,115.817,FOCUSED,90.26,0.342,0.359,0.0,0,0,0.0,0
09:56:37.021,115.934,FOCUSED,90.26,0.352,0.364,0.0,0,0,0.0,0
09:56:37.156,116.068,FOCUSED,90.26,0.347,0.362,0.0,0,0,0.0,0
09:56:37.283,116.196,FOCUSED,90.26,0.331,0.355,0.0,0,0,0.0,0
09:56:37.388,116.301,FOCUSED,90.26,0.326,0.353,0.0,0,0,0.0,0
09:56:37.483,116.396,FOCUSED,90.26,0.323,0.351,0.0,0,0,0.0,0
09:56:37.592,116.505,FOCUSED,90.26,0.319,0.349,0.0,0,0,0.0,0
09:56:37.712,116.624,FOCUSED,90.26,0.312,0.361,0.0,0,0,0.0,0
09:56:37.841,116.754,FOCUSED,90.26,0.311,0.365,0.0,0,0,0.0,0
09:56:37.965,116.878,FOCUSED,90.26,0.313,0.369,0.0,0,0,0.0,0
09:56:38.102,117.015,FOCUSED,90.26,0.311,0.371,0.0,0,0,0.0,0
09:56:38.235,117.147,FOCUSED,90.26,0.319,0.377,0.0,0,0,0.0,0
09:56:38.361,117.274,FOCUSED,90.26,0.333,0.379,0.0,0,0,0.0,0
09:56:38.477,117.389,FOCUSED,90.26,0.337,0.378,0.0,0,0,0.0,0
09:56:38.610,117.523,FOCUSED,90.26,0.324,0.377,0.0,0,0,0.0,0
09:56:38.698,117.611,FOCUSED,90.26,0.32,0.373,0.0,0,0,0.0,0
09:56:38.803,117.716,FOCUSED,90.26,0.326,0.37,0.0,0,0,0.0,0
09:56:38.895,117.808,FOCUSED,90.26,0.326,0.367,0.0,0,0,0.0,0
09:56:38.987,117.9,FOCUSED,90.26,0.326,0.368,0.0,0,0,0.0,0
09:56:39.085,117.998,FOCUSED,90.26,0.333,0.366,0.0,0,0,0.0,0
09:56:39.189,118.102,FOCUSED,90.26,0.335,0.367,0.0,0,0,0.0,0
09:56:39.295,118.208,FOCUSED,90.26,0.328,0.364,0.0,0,0,0.0,0
09:56:39.386,118.299,FOCUSED,90.26,0.336,0.368,0.0,0,0,0.0,0
09:56:39.473,118.385,FOCUSED,90.26,0.326,0.364,0.0,0,0,0.0,0
09:56:39.580,118.493,FOCUSED,90.26,0.319,0.359,0.0,0,0,0.0,0
09:56:39.685,118.597,FOCUSED,90.26,0.322,0.354,0.0,0,0,0.0,0
09:56:39.792,118.705,FOCUSED,90.26,0.309,0.355,0.0,0,0,0.0,0
09:56:39.884,118.797,FOCUSED,90.26,0.031,0.349,0.0,0,0,0.6,0
09:56:39.998,118.911,FOCUSED,90.26,0.114,0.37,0.0,0,0,0.6,0
09:56:40.118,119.03,FOCUSED,90.26,0.278,0.38,0.0,0,0,0.0,0
09:56:40.227,119.14,FOCUSED,90.26,0.309,0.352,0.0,0,0,0.0,0
09:56:40.342,119.255,FOCUSED,90.26,0.308,0.329,0.0,0,0,0.0,0
09:56:40.436,119.348,FOCUSED,90.26,0.038,0.306,0.0,0,0,0.6,0
09:56:40.551,119.463,FOCUSED,90.26,0.033,0.332,0.0,0,0,0.6,0
09:56:40.640,119.552,FOCUSED,90.26,0.032,0.352,0.0,0,0,0.6,0
09:56:40.719,119.631,FOCUSED,90.26,0.033,0.371,0.0,0,0,0.6,0
09:56:40.813,119.725,FOCUSED,90.26,0.144,0.386,0.0,0,0,0.6,0
09:56:40.895,119.808,FOCUSED,90.26,0.247,0.378,0.0,0,0,0.0,0
09:56:40.987,119.899,FOCUSED,90.26,0.3,0.361,0.0,0,0,0.0,0
09:56:41.087,120.0,FOCUSED,90.26,0.313,0.353,0.0,0,0,0.0,0
09:56:41.188,120.1,FOCUSED,90.26,0.304,0.361,0.0,0,0,0.0,0
09:56:41.295,120.207,FOCUSED,90.26,0.306,0.367,0.0,0,0,0.0,0
09:56:41.386,120.299,FOCUSED,90.26,0.125,0.36,0.0,0,0,0.6,0
09:56:41.483,120.396,FOCUSED,90.26,0.271,0.368,0.0,0,0,0.0,0
09:56:41.585,120.498,FOCUSED,90.26,0.299,0.361,0.0,0,0,0.0,0
09:56:41.680,120.592,FOCUSED,90.26,0.313,0.366,0.0,0,0,0.0,0
09:56:41.765,120.677,FOCUSED,90.26,0.335,0.378,0.0,0,0,0.0,0
09:56:41.867,120.779,FOCUSED,90.26,0.322,0.372,0.0,0,0,0.0,0
09:56:41.956,120.868,FOCUSED,90.26,0.324,0.364,0.0,0,0,0.0,0
09:56:42.051,120.963,FOCUSED,90.26,0.329,0.366,0.0,0,0,0.0,0
09:56:42.147,121.059,FOCUSED,90.26,0.315,0.366,0.0,0,0,0.0,0
09:56:42.240,121.152,FOCUSED,90.26,0.305,0.366,0.0,0,0,0.0,0
09:56:42.329,121.242,FOCUSED,90.26,0.316,0.369,0.0,0,0,0.0,0
09:56:42.416,121.328,FOCUSED,90.26,0.313,0.371,0.0,0,0,0.0,0
09:56:42.518,121.43,FOCUSED,90.26,0.315,0.371,0.0,0,0,0.0,0
09:56:42.604,121.517,FOCUSED,90.26,0.312,0.37,0.0,0,0,0.0,0
09:56:42.703,121.616,FOCUSED,90.26,0.305,0.37,0.0,0,0,0.0,0
09:56:42.789,121.702,FOCUSED,90.26,0.225,0.363,0.0,0,0,0.0,0
09:56:42.908,121.821,FOCUSED,90.26,0.26,0.367,0.0,0,0,0.0,0
09:56:43.016,121.928,FOCUSED,90.26,0.279,0.368,0.0,0,0,0.0,0
09:56:43.130,122.043,FOCUSED,90.26,0.286,0.366,0.0,0,0,0.0,0
09:56:43.242,122.155,FOCUSED,90.26,0.071,0.357,0.0,0,0,0.6,0
09:56:43.337,122.25,FOCUSED,90.26,0.222,0.366,0.0,0,0,0.0,0
09:56:43.421,122.333,FOCUSED,90.26,0.279,0.37,0.0,0,0,0.0,0
09:56:43.517,122.43,FOCUSED,90.26,0.286,0.366,0.0,0,0,0.0,0
09:56:43.609,122.521,FOCUSED,90.26,0.295,0.368,0.0,0,0,0.0,0
09:56:43.730,122.642,FOCUSED,90.26,0.287,0.367,0.0,0,0,0.0,0
09:56:43.831,122.743,FOCUSED,90.26,0.298,0.366,0.0,0,0,0.0,0
09:56:43.953,122.865,FOCUSED,90.26,0.29,0.367,0.0,0,0,0.0,0
09:56:44.043,122.956,FOCUSED,90.26,0.291,0.365,0.0,0,0,0.0,0
09:56:44.145,123.057,FOCUSED,90.26,0.296,0.365,0.0,0,0,0.0,0
09:56:44.239,123.152,FOCUSED,90.26,0.292,0.362,0.0,0,0,0.0,0
09:56:44.341,123.253,FOCUSED,90.26,0.293,0.366,0.0,0,0,0.0,0
09:56:44.422,123.335,FOCUSED,90.26,0.3,0.364,0.0,0,0,0.0,0
09:56:44.508,123.42,FOCUSED,90.26,0.303,0.366,0.0,0,0,0.0,0
09:56:44.624,123.537,FOCUSED,90.26,0.303,0.365,0.0,0,0,0.0,0
09:56:44.717,123.629,FOCUSED,90.26,0.294,0.365,0.0,0,0,0.0,0
09:56:44.812,123.725,FOCUSED,90.26,0.304,0.366,0.0,0,0,0.0,0
09:56:44.911,123.824,FOCUSED,90.26,0.3,0.364,0.0,0,0,0.0,0
09:56:44.995,123.908,FOCUSED,90.26,0.308,0.365,0.0,0,0,0.0,0
09:56:45.087,124.0,FOCUSED,90.26,0.308,0.362,0.0,0,0,0.0,0
09:56:45.188,124.101,FOCUSED,90.26,0.304,0.362,0.0,0,0,0.0,0
09:56:45.257,124.17,FOCUSED,90.26,0.295,0.359,0.0,0,0,0.0,0
09:56:45.345,124.257,FOCUSED,90.26,0.287,0.36,0.0,0,0,0.0,0
09:56:45.418,124.33,FOCUSED,90.26,0.288,0.359,0.0,0,0,0.0,0
09:56:45.492,124.405,FOCUSED,90.26,0.296,0.36,0.0,0,0,0.0,0
09:56:45.568,124.481,FOCUSED,90.26,0.293,0.36,0.0,0,0,0.0,0
09:56:45.658,124.571,FOCUSED,90.26,0.288,0.358,0.0,0,0,0.0,0
09:56:45.759,124.671,FOCUSED,90.26,0.294,0.359,0.0,0,0,0.0,0
09:56:45.872,124.784,FOCUSED,90.26,0.298,0.361,0.0,0,0,0.0,0
09:56:45.964,124.877,FOCUSED,90.26,0.29,0.36,0.0,0,0,0.0,0
09:56:46.078,124.99,FOCUSED,90.26,0.293,0.361,0.0,0,0,0.0,0
09:56:46.205,125.117,FOCUSED,90.26,0.291,0.357,0.0,0,0,0.0,0
09:56:46.295,125.207,FOCUSED,90.26,0.28,0.356,0.0,0,0,0.0,0
09:56:46.419,125.332,FOCUSED,90.26,0.278,0.353,0.0,0,0,0.0,0
09:56:46.571,125.484,FOCUSED,90.26,0.281,0.354,0.0,0,0,0.0,0
09:56:46.693,125.606,FOCUSED,90.26,0.282,0.349,0.0,0,0,0.0,0
09:56:46.814,125.727,FOCUSED,90.26,0.282,0.356,0.0,0,0,0.0,0
09:56:46.935,125.847,FOCUSED,90.26,0.287,0.363,0.0,0,0,0.0,0
09:56:47.062,125.975,FOCUSED,90.26,0.282,0.369,0.0,0,0,0.0,0
09:56:47.163,126.075,FOCUSED,90.26,0.289,0.37,0.0,0,0,0.0,0
09:56:47.307,126.22,FOCUSED,90.26,0.289,0.372,0.0,0,0,0.0,0
09:56:47.432,126.344,FOCUSED,90.26,0.289,0.376,0.0,0,0,0.0,0
09:56:47.531,126.444,FOCUSED,90.26,0.288,0.373,0.0,0,0,0.0,0
09:56:47.662,126.575,FOCUSED,90.26,0.284,0.371,0.0,0,0,0.0,0
09:56:47.773,126.686,FOCUSED,90.26,0.243,0.368,0.0,0,0,0.0,0
09:56:47.897,126.809,FOCUSED,90.26,0.217,0.364,0.0,0,0,0.0,0
09:56:48.000,126.912,FOCUSED,90.26,0.261,0.372,0.0,0,0,0.0,0
09:56:48.124,127.036,FOCUSED,90.26,0.28,0.373,0.0,0,0,0.0,0
09:56:48.250,127.163,FOCUSED,90.26,0.278,0.37,0.0,0,0,0.0,0
09:56:48.363,127.276,FOCUSED,90.26,0.284,0.369,0.0,0,0,0.0,0
09:56:48.478,127.39,FOCUSED,90.26,0.277,0.368,0.0,0,0,0.0,0
09:56:48.593,127.506,FOCUSED,90.26,0.275,0.366,0.0,0,0,0.0,0
09:56:48.696,127.609,FOCUSED,90.26,0.28,0.364,0.0,0,0,0.0,0
09:56:48.800,127.713,FOCUSED,90.26,0.282,0.368,0.0,0,0,0.0,0
09:56:48.908,127.82,FOCUSED,90.26,0.281,0.367,0.0,0,0,0.0,0
09:56:48.995,127.907,FOCUSED,90.26,0.282,0.365,0.0,0,0,0.0,0
09:56:49.091,128.003,FOCUSED,90.26,0.283,0.365,0.0,0,0,0.0,0
09:56:49.178,128.09,FOCUSED,90.26,0.282,0.366,0.0,0,0,0.0,0
09:56:49.278,128.191,FOCUSED,90.26,0.277,0.364,0.0,0,0,0.0,0
09:56:49.378,128.291,FOCUSED,90.26,0.275,0.363,0.0,0,0,0.0,0
09:56:49.479,128.392,FOCUSED,90.26,0.277,0.365,0.0,0,0,0.0,0
09:56:49.573,128.486,FOCUSED,90.26,0.282,0.363,0.0,0,0,0.0,0
09:56:49.660,128.573,FOCUSED,90.26,0.28,0.364,0.0,0,0,0.0,0
09:56:49.771,128.684,FOCUSED,90.26,0.278,0.363,0.0,0,0,0.0,0
09:56:49.852,128.765,FOCUSED,90.26,0.279,0.365,0.0,0,0,0.0,0
09:56:49.957,128.869,FOCUSED,90.26,0.273,0.365,0.0,0,0,0.0,0
09:56:50.058,128.971,FOCUSED,90.26,0.275,0.364,0.0,0,0,0.0,0
09:56:50.174,129.086,FOCUSED,90.26,0.278,0.367,0.0,0,0,0.0,0
09:56:50.277,129.19,FOCUSED,90.26,0.281,0.366,0.0,0,0,0.0,0
09:56:50.381,129.294,FOCUSED,90.26,0.275,0.367,0.0,0,0,0.0,0
09:56:50.481,129.394,FOCUSED,90.26,0.277,0.367,0.0,0,0,0.0,0
09:56:50.586,129.498,FOCUSED,90.26,0.282,0.37,0.0,0,0,0.0,0
09:56:50.707,129.62,FOCUSED,90.26,0.286,0.371,0.0,0,0,0.0,0
09:56:50.830,129.743,FOCUSED,90.26,0.269,0.37,0.0,0,0,0.0,0
09:56:50.936,129.849,FOCUSED,90.26,0.283,0.361,0.0,0,0,0.0,0
09:56:51.071,129.983,FOCUSED,90.26,0.295,0.369,0.0,0,0,0.0,0
09:56:51.212,130.124,FOCUSED,90.26,0.284,0.382,0.0,0,0,0.0,0
09:56:51.336,130.248,FOCUSED,90.26,0.277,0.381,0.0,0,0,0.0,0
09:56:51.449,130.361,FOCUSED,90.26,0.257,0.37,0.0,0,0,0.0,0
09:56:51.578,130.49,FOCUSED,90.26,0.271,0.369,0.0,0,0,0.0,0
09:56:51.701,130.613,FOCUSED,90.26,0.273,0.367,0.0,0,0,0.0,0
09:56:51.807,130.719,FOCUSED,90.26,0.277,0.368,0.0,0,0,0.0,0
09:56:51.957,130.87,FOCUSED,90.26,0.035,0.352,0.0,0,0,0.6,0
09:56:52.084,130.997,FOCUSED,90.26,0.191,0.36,0.0,0,0,0.0,0
09:56:52.196,131.108,FOCUSED,90.26,0.239,0.364,0.0,0,0,0.0,0
09:56:52.308,131.22,FOCUSED,90.26,0.25,0.368,0.0,0,0,0.0,0
09:56:52.415,131.328,FOCUSED,90.26,0.251,0.368,0.0,0,0,0.0,0
09:56:52.527,131.44,FOCUSED,90.26,0.254,0.366,0.0,0,0,0.0,0
09:56:52.623,131.536,FOCUSED,90.26,0.27,0.364,0.0,0,0,0.0,0
09:56:52.722,131.634,FOCUSED,90.26,0.266,0.358,0.0,0,0,0.0,0
09:56:52.834,131.747,FOCUSED,90.26,0.301,0.349,0.0,0,0,0.0,0
09:56:52.954,131.866,FOCUSED,90.26,0.336,0.329,0.0,0,0,0.0,0
09:56:53.057,131.969,FOCUSED,90.26,0.351,0.319,0.0,0,0,0.0,0
09:56:53.156,132.068,FOCUSED,90.26,0.364,0.311,0.0,0,0,0.0,0
09:56:53.289,132.201,FOCUSED,90.26,0.348,0.306,0.0,0,0,0.0,0
09:56:53.393,132.306,FOCUSED,90.26,0.318,0.295,0.0,0,0,0.0,0
09:56:53.498,132.41,FOCUSED,90.26,0.264,0.308,0.0,0,0,0.0,0
09:56:53.601,132.514,FOCUSED,90.26,0.26,0.323,0.0,0,0,0.0,0
09:56:53.705,132.617,FOCUSED,90.26,0.262,0.328,0.0,0,0,0.0,0
09:56:53.817,132.729,FOCUSED,90.26,0.26,0.331,0.0,0,0,0.0,0
09:56:53.907,132.82,FOCUSED,90.26,0.26,0.328,0.0,0,0,0.0,0
09:56:53.998,132.912,FOCUSED,90.26,0.165,0.329,0.0,0,0,0.6,0
09:56:54.125,133.037,FOCUSED,90.26,0.259,0.338,0.0,0,0,0.0,0
09:56:54.215,133.128,FOCUSED,90.26,0.303,0.342,0.0,0,0,0.0,0
09:56:54.346,133.259,FOCUSED,90.26,0.322,0.341,0.0,0,0,0.0,0
09:56:54.439,133.352,FOCUSED,90.26,0.28,0.328,0.0,0,0,0.0,0
09:56:54.516,133.428,FOCUSED,90.26,0.246,0.328,0.0,0,0,0.0,0
09:56:54.613,133.525,FOCUSED,90.26,0.25,0.326,0.0,0,0,0.0,0
09:56:54.699,133.611,FOCUSED,90.26,0.253,0.326,0.0,0,0,0.0,0
09:56:54.818,133.731,FOCUSED,90.26,0.26,0.32,0.0,0,0,0.0,0
09:56:54.913,133.825,FOCUSED,90.26,0.265,0.317,0.0,0,0,0.0,0
09:56:55.007,133.92,FOCUSED,90.26,0.275,0.312,0.0,0,0,0.0,0
09:56:55.104,134.016,FOCUSED,90.26,0.275,0.297,0.0,0,0,0.0,0
09:56:55.193,134.105,FOCUSED,90.26,0.277,0.297,0.0,0,0,0.0,0
09:56:55.278,134.19,FOCUSED,90.26,0.257,0.291,0.0,0,0,0.0,0
09:56:55.400,134.313,FOCUSED,90.26,0.248,0.289,0.0,0,0,0.0,0
09:56:55.498,134.411,FOCUSED,90.26,0.238,0.287,0.0,0,0,0.0,0
09:56:55.598,134.511,FOCUSED,90.26,0.238,0.287,0.0,0,0,0.0,0
09:56:55.691,134.604,FOCUSED,90.26,0.236,0.292,0.0,0,0,0.0,0
09:56:55.797,134.71,FOCUSED,90.26,0.25,0.298,0.0,0,0,0.0,0
09:56:55.898,134.811,FOCUSED,90.26,0.256,0.301,0.0,0,0,0.0,0
09:56:56.006,134.918,FOCUSED,90.26,0.251,0.306,0.0,0,0,0.0,0
09:56:56.098,135.01,FOCUSED,90.26,0.244,0.302,0.0,0,0,0.0,0
09:56:56.183,135.095,FOCUSED,90.26,0.244,0.305,0.0,0,0,0.0,0
09:56:56.275,135.187,FOCUSED,90.26,0.247,0.308,0.0,0,0,0.0,0
09:56:56.374,135.286,FOCUSED,90.26,0.253,0.302,0.0,0,0,0.0,0
09:56:56.470,135.382,FOCUSED,90.26,0.261,0.305,0.0,0,0,0.0,0
09:56:56.554,135.466,FOCUSED,90.26,0.266,0.305,0.0,0,0,0.0,0
09:56:56.658,135.571,FOCUSED,90.26,0.283,0.298,0.0,0,0,0.0,0
09:56:56.754,135.666,FOCUSED,90.26,0.272,0.3,0.0,0,0,0.0,0
09:56:56.867,135.779,FOCUSED,90.26,0.268,0.297,0.0,0,0,0.0,0
09:56:56.966,135.879,FOCUSED,90.26,0.274,0.296,0.0,0,0,0.0,0
09:56:57.062,135.975,FOCUSED,90.26,0.273,0.295,0.0,0,0,0.0,0
09:56:57.158,136.07,FOCUSED,90.26,0.273,0.292,0.0,0,0,0.0,0
09:56:57.244,136.157,FOCUSED,90.26,0.28,0.29,0.0,0,0,0.0,0
09:56:57.331,136.244,FOCUSED,90.26,0.262,0.294,0.0,0,0,0.0,0
09:56:57.418,136.331,FOCUSED,90.26,0.137,0.292,0.0,0,0,0.6,0
09:56:57.498,136.411,FOCUSED,90.26,0.333,0.308,0.0,0,0,0.0,0
09:56:57.595,136.508,FOCUSED,90.26,0.343,0.311,0.0,0,0,0.0,0
09:56:57.700,136.613,FOCUSED,90.26,0.344,0.314,0.0,0,0,0.0,0
09:56:57.785,136.697,FOCUSED,90.26,0.342,0.325,0.0,0,0,0.0,0
09:56:57.881,136.793,FOCUSED,90.26,0.351,0.319,0.0,0,0,0.0,0
09:56:57.986,136.898,FOCUSED,90.26,0.347,0.322,0.0,0,0,0.0,0
09:56:58.092,137.005,FOCUSED,90.26,0.351,0.322,0.0,0,0,0.0,0
09:56:58.191,137.104,FOCUSED,90.26,0.343,0.324,0.0,0,0,0.0,0
09:56:58.297,137.21,FOCUSED,90.26,0.349,0.325,0.0,0,0,0.0,0
09:56:58.399,137.312,FOCUSED,90.26,0.355,0.327,0.0,0,0,0.0,0
09:56:58.512,137.425,FOCUSED,90.26,0.358,0.333,0.0,0,0,0.0,0
09:56:58.598,137.511,FOCUSED,90.26,0.349,0.336,0.0,0,0,0.0,0
09:56:58.688,137.6,FOCUSED,90.26,0.346,0.342,0.0,0,0,0.0,0
09:56:58.810,137.722,FOCUSED,90.26,0.355,0.353,0.0,0,0,0.0,0
09:56:58.895,137.807,FOCUSED,90.26,0.347,0.35,0.0,0,0,0.0,0
09:56:58.984,137.896,FOCUSED,90.26,0.363,0.328,0.0,0,0,0.0,0
09:56:59.081,137.993,FOCUSED,90.26,0.353,0.335,0.0,0,0,0.0,0
09:56:59.186,138.098,FOCUSED,90.26,0.359,0.337,0.0,0,0,0.0,0
09:56:59.297,138.21,FOCUSED,90.26,0.3,0.331,0.0,0,0,0.0,0
09:56:59.412,138.324,FOCUSED,90.26,0.267,0.336,0.0,0,0,0.0,0
09:56:59.505,138.417,FOCUSED,90.26,0.257,0.335,0.0,0,0,0.0,0
09:56:59.605,138.517,FOCUSED,90.26,0.263,0.337,0.0,0,0,0.0,0
09:56:59.689,138.602,FOCUSED,90.26,0.255,0.342,0.0,0,0,0.0,0
09:56:59.785,138.698,FOCUSED,90.26,0.258,0.338,0.0,0,0,0.0,0
09:56:59.885,138.797,FOCUSED,90.26,0.26,0.334,0.0,0,0,0.0,0
09:56:59.977,138.89,FOCUSED,90.26,0.266,0.337,0.0,0,0,0.0,0
09:57:00.066,138.978,FOCUSED,90.26,0.266,0.338,0.0,0,0,0.0,0
09:57:00.173,139.086,FOCUSED,90.26,0.276,0.341,0.0,0,0,0.0,0
09:57:00.259,139.172,FOCUSED,90.26,0.272,0.336,0.0,0,0,0.0,0
09:57:00.363,139.275,FOCUSED,90.26,0.274,0.337,0.0,0,0,0.0,0
09:57:00.460,139.373,FOCUSED,90.26,0.266,0.337,0.0,0,0,0.0,0
09:57:00.575,139.487,FOCUSED,90.26,0.268,0.337,0.0,0,0,0.0,0
09:57:00.673,139.586,FOCUSED,90.26,0.27,0.34,0.0,0,0,0.0,0
09:57:00.781,139.694,FOCUSED,90.26,0.265,0.337,0.0,0,0,0.0,0
09:57:00.881,139.793,FOCUSED,90.26,0.264,0.336,0.0,0,0,0.0,0
09:57:00.983,139.896,FOCUSED,90.26,0.263,0.34,0.0,0,0,0.0,0
09:57:01.069,139.981,FOCUSED,90.26,0.261,0.34,0.0,0,0,0.0,0
09:57:01.156,140.069,FOCUSED,90.26,0.264,0.333,0.0,0,0,0.0,0
09:57:01.245,140.158,FOCUSED,90.26,0.26,0.33,0.0,0,0,0.0,0
09:57:01.333,140.245,FOCUSED,90.26,0.267,0.329,0.0,0,0,0.0,0
09:57:01.424,140.336,FOCUSED,90.26,0.282,0.334,0.0,0,0,0.0,0
09:57:01.514,140.426,FOCUSED,90.26,0.275,0.328,0.0,0,0,0.0,0
09:57:01.612,140.525,FOCUSED,90.26,0.275,0.33,0.0,0,0,0.0,0
09:57:01.700,140.613,FOCUSED,90.26,0.274,0.33,0.0,0,0,0.0,0
09:57:01.786,140.699,FOCUSED,90.26,0.273,0.329,0.0,0,0,0.0,0
09:57:01.877,140.789,FOCUSED,90.26,0.278,0.325,0.0,0,0,0.0,0
09:57:01.968,140.881,FOCUSED,90.26,0.281,0.324,0.0,0,0,0.0,0
09:57:02.065,140.978,FOCUSED,90.26,0.281,0.325,0.0,0,0,0.0,0
09:57:02.164,141.076,FOCUSED,90.26,0.271,0.313,0.0,0,0,0.0,0
09:57:02.258,141.171,FOCUSED,90.26,0.284,0.315,0.0,0,0,0.0,0
09:57:02.370,141.282,FOCUSED,90.26,0.273,0.315,0.0,0,0,0.0,0
09:57:02.460,141.373,FOCUSED,90.26,0.274,0.314,0.0,0,0,0.0,0
09:57:02.557,141.47,FOCUSED,90.26,0.278,0.314,0.0,0,0,0.0,0
09:57:02.642,141.555,FOCUSED,90.26,0.273,0.316,0.0,0,0,0.0,0
09:57:02.727,141.64,FOCUSED,90.26,0.276,0.315,0.0,0,0,0.0,0
09:57:02.832,141.744,FOCUSED,90.26,0.274,0.309,0.0,0,0,0.0,0
09:57:02.930,141.842,FOCUSED,90.26,0.269,0.312,0.0,0,0,0.0,0
09:57:03.024,141.936,FOCUSED,90.26,0.062,0.308,0.0,0,0,0.6,0
09:57:03.119,142.032,FOCUSED,90.26,0.124,0.3,0.0,0,0,0.6,0
09:57:03.202,142.115,FOCUSED,90.26,0.208,0.307,0.0,0,0,0.0,0
09:57:03.305,142.218,FOCUSED,90.26,0.255,0.316,0.0,0,0,0.0,0
09:57:03.402,142.315,FOCUSED,90.26,0.261,0.319,0.0,0,0,0.0,0
09:57:03.521,142.433,FOCUSED,90.26,0.262,0.321,0.0,0,0,0.0,0
09:57:03.600,142.513,FOCUSED,90.26,0.262,0.322,0.0,0,0,0.0,0
09:57:03.697,142.609,FOCUSED,90.26,0.267,0.321,0.0,0,0,0.0,0
09:57:03.794,142.707,FOCUSED,90.26,0.271,0.314,0.0,0,0,0.0,0
09:57:03.889,142.801,FOCUSED,90.26,0.272,0.31,0.0,0,0,0.0,0
09:57:03.971,142.884,FOCUSED,90.26,0.255,0.306,0.0,0,0,0.0,0
09:57:04.074,142.986,FOCUSED,90.26,0.26,0.318,0.0,0,0,0.0,0
09:57:04.169,143.081,FOCUSED,90.26,0.265,0.316,0.0,0,0,0.0,0
09:57:04.260,143.172,FOCUSED,90.26,0.25,0.304,0.0,0,0,0.0,0
09:57:04.358,143.27,FOCUSED,90.26,0.257,0.306,0.0,0,0,0.0,0
09:57:04.473,143.386,FOCUSED,90.26,0.257,0.304,0.0,0,0,0.0,0
09:57:04.557,143.47,FOCUSED,90.26,0.25,0.299,0.0,0,0,0.0,0
09:57:04.677,143.59,FOCUSED,90.26,0.245,0.302,0.0,0,0,0.0,0
09:57:04.771,143.683,FOCUSED,90.26,0.252,0.3,0.0,0,0,0.0,0
09:57:04.869,143.781,FOCUSED,90.26,0.25,0.297,0.0,0,0,0.0,0
09:57:04.967,143.879,FOCUSED,90.26,0.253,0.3,0.0,0,0,0.0,0
09:57:05.060,143.973,FOCUSED,90.26,0.252,0.297,0.0,0,0,0.0,0
09:57:05.144,144.056,FOCUSED,90.26,0.25,0.3,0.0,0,0,0.0,0
09:57:05.241,144.153,FOCUSED,90.26,0.256,0.297,0.0,0,0,0.0,0
09:57:05.329,144.242,FOCUSED,90.26,0.245,0.302,0.0,0,0,0.0,0
09:57:05.443,144.355,FOCUSED,90.26,0.248,0.3,0.0,0,0,0.0,0
09:57:05.544,144.456,FOCUSED,90.26,0.242,0.299,0.0,0,0,0.0,0
09:57:05.641,144.554,FOCUSED,90.26,0.246,0.301,0.0,0,0,0.0,0
09:57:05.736,144.648,FOCUSED,90.26,0.246,0.301,0.0,0,0,0.0,0
09:57:05.826,144.738,FOCUSED,90.26,0.247,0.301,0.0,0,0,0.0,0
09:57:05.917,144.83,FOCUSED,90.26,0.25,0.3,0.0,0,0,0.0,0
09:57:06.004,144.917,FOCUSED,90.26,0.252,0.299,0.0,0,0,0.0,0
09:57:06.087,145.0,FOCUSED,90.26,0.243,0.296,0.0,0,0,0.0,0
09:57:06.197,145.11,FOCUSED,90.26,0.253,0.298,0.0,0,0,0.0,0
09:57:06.295,145.207,FOCUSED,90.26,0.251,0.297,0.0,0,0,0.0,0
09:57:06.382,145.294,FOCUSED,90.26,0.247,0.3,0.0,0,0,0.0,0
09:57:06.477,145.39,FOCUSED,90.26,0.25,0.299,0.0,0,0,0.0,0
09:57:06.578,145.49,FOCUSED,90.26,0.242,0.299,0.0,0,0,0.0,0
09:57:06.683,145.595,FOCUSED,90.26,0.256,0.299,0.0,0,0,0.0,0
09:57:06.772,145.685,FOCUSED,90.26,0.252,0.293,0.0,0,0,0.0,0
09:57:06.883,145.796,FOCUSED,90.26,0.243,0.295,0.0,0,0,0.0,0
09:57:06.986,145.898,FOCUSED,90.26,0.254,0.3,0.0,0,0,0.0,0
09:57:07.091,146.004,FOCUSED,90.26,0.246,0.306,0.0,0,0,0.0,0
09:57:07.200,146.113,FOCUSED,90.26,0.249,0.304,0.0,0,0,0.0,0
09:57:07.293,146.206,FOCUSED,90.26,0.251,0.308,0.0,0,0,0.0,0
09:57:07.392,146.305,FOCUSED,90.26,0.249,0.301,0.0,0,0,0.0,0
09:57:07.499,146.411,FOCUSED,90.26,0.089,0.288,0.0,0,0,0.6,0
09:57:07.585,146.497,FOCUSED,90.26,0.216,0.285,0.0,0,0,0.0,0
09:57:07.678,146.591,FOCUSED,90.26,0.29,0.278,0.0,0,0,0.0,0
09:57:07.778,146.69,FOCUSED,90.26,0.303,0.279,0.0,0,0,0.0,0
09:57:07.872,146.784,FOCUSED,90.26,0.279,0.283,0.0,0,0,0.0,0
09:57:07.964,146.877,FOCUSED,90.26,0.27,0.297,0.0,0,0,0.0,0
09:57:08.066,146.978,FOCUSED,90.26,0.252,0.285,0.0,0,0,0.0,0
09:57:08.168,147.08,FOCUSED,90.26,0.234,0.291,0.0,0,0,0.0,0
09:57:08.260,147.172,FOCUSED,90.26,0.23,0.297,0.0,0,0,0.0,0
09:57:08.354,147.267,FOCUSED,90.26,0.225,0.316,0.0,0,0,0.0,0
09:57:08.433,147.345,FOCUSED,90.26,0.234,0.327,0.0,0,0,0.0,0
09:57:08.536,147.448,FOCUSED,90.26,0.223,0.333,0.0,0,0,0.0,0
09:57:08.662,147.574,FOCUSED,90.26,0.237,0.337,0.0,0,0,0.0,0
09:57:08.746,147.658,FOCUSED,90.26,0.229,0.339,0.0,0,0,0.0,0
09:57:08.888,147.801,FOCUSED,90.26,0.229,0.339,0.0,0,0,0.0,0
09:57:08.961,147.874,FOCUSED,90.26,0.243,0.349,0.0,0,0,0.0,0
09:57:09.026,147.938,FOCUSED,90.26,0.25,0.36,0.0,0,0,0.0,0
09:57:09.084,147.997,FOCUSED,90.26,0.258,0.367,0.0,0,0,0.0,0
09:57:09.142,148.055,FOCUSED,90.26,0.269,0.372,0.0,0,0,0.0,0
09:57:09.199,148.112,FOCUSED,90.26,0.273,0.377,0.0,0,0,0.0,0
09:57:09.258,148.171,FOCUSED,90.26,0.273,0.383,0.0,0,0,0.0,0
09:57:09.317,148.229,FOCUSED,90.26,0.269,0.381,0.0,0,0,0.0,0
09:57:09.371,148.284,FOCUSED,90.26,0.291,0.39,0.0,0,0,0.0,0
09:57:09.430,148.343,FOCUSED,90.26,0.278,0.388,0.0,0,0,0.0,0
09:57:09.493,148.405,FOCUSED,90.26,0.283,0.392,0.0,0,0,0.0,0
09:57:09.554,148.466,FOCUSED,90.26,0.291,0.398,0.0,0,0,0.0,0
09:57:09.619,148.532,FOCUSED,90.26,0.284,0.402,0.0,0,0,0.0,0
09:57:09.687,148.6,FOCUSED,90.26,0.286,0.399,0.0,0,0,0.0,0
09:57:09.754,148.667,FOCUSED,90.26,0.288,0.405,0.0,0,0,0.0,0
09:57:09.816,148.728,FOCUSED,90.26,0.288,0.407,0.0,0,0,0.0,0
09:57:09.877,148.789,FOCUSED,90.26,0.288,0.406,0.0,0,0,0.0,0
09:57:09.937,148.849,FOCUSED,90.26,0.293,0.406,0.0,0,0,0.0,0
09:57:09.998,148.91,FOCUSED,90.26,0.287,0.405,0.0,0,0,0.0,0
09:57:10.063,148.975,FOCUSED,90.26,0.288,0.4,0.0,0,0,0.0,0
09:57:10.125,149.038,FOCUSED,90.26,0.29,0.401,0.0,0,0,0.0,0
09:57:10.192,149.105,FOCUSED,90.26,0.283,0.402,0.0,0,0,0.0,0
09:57:10.258,149.171,FOCUSED,90.26,0.285,0.402,0.0,0,0,0.0,0
09:57:10.325,149.238,FOCUSED,90.26,0.274,0.401,0.0,0,0,0.0,0
09:57:10.391,149.303,FOCUSED,90.26,0.294,0.408,0.0,0,0,0.0,0
09:57:10.456,149.369,FOCUSED,90.26,0.3,0.413,0.0,0,0,0.0,0
09:57:10.518,149.431,FOCUSED,90.26,0.305,0.406,0.0,0,0,0.0,0
09:57:10.585,149.497,FOCUSED,90.26,0.303,0.408,0.0,0,0,0.0,0
09:57:10.651,149.563,FOCUSED,90.26,0.292,0.407,0.0,0,0,0.0,0
09:57:10.714,149.626,FOCUSED,90.26,0.285,0.401,0.0,0,0,0.0,0
09:57:10.778,149.691,FOCUSED,90.26,0.302,0.4,0.0,0,0,0.0,0
09:57:10.842,149.755,FOCUSED,90.26,0.284,0.398,0.0,0,0,0.0,0
09:57:10.906,149.819,FOCUSED,90.26,0.289,0.395,0.0,0,0,0.0,0
09:57:10.975,149.889,FOCUSED,90.26,0.289,0.393,0.0,0,0,0.0,0
09:57:11.048,149.96,FOCUSED,90.26,0.293,0.396,0.0,0,0,0.0,0
09:57:11.121,150.034,FOCUSED,90.26,0.292,0.395,0.0,0,0,0.0,0
09:57:11.189,150.101,FOCUSED,90.26,0.293,0.398,0.0,0,0,0.0,0
09:57:11.255,150.167,FOCUSED,90.26,0.296,0.396,0.0,0,0,0.0,0
09:57:11.323,150.235,FOCUSED,90.26,0.291,0.397,0.0,0,0,0.0,0
09:57:11.400,150.312,FOCUSED,90.26,0.296,0.397,0.0,0,0,0.0,0
09:57:11.471,150.384,FOCUSED,90.26,0.288,0.397,0.0,0,0,0.0,0
09:57:11.545,150.458,FOCUSED,90.26,0.29,0.397,0.0,0,0,0.0,0
09:57:11.615,150.528,FOCUSED,90.26,0.282,0.399,0.0,0,0,0.0,0
09:57:11.689,150.602,FOCUSED,90.26,0.296,0.4,0.0,0,0,0.0,0
09:57:11.759,150.672,FOCUSED,90.26,0.309,0.405,0.0,0,0,0.0,0
09:57:11.825,150.737,FOCUSED,90.26,0.311,0.406,0.0,0,0,0.0,0
09:57:11.895,150.807,FOCUSED,90.26,0.31,0.406,0.0,0,0,0.0,0
09:57:11.960,150.872,FOCUSED,90.26,0.306,0.405,0.0,0,0,0.0,0
09:57:12.023,150.936,FOCUSED,90.26,0.311,0.406,0.0,0,0,0.0,0
09:57:12.086,150.998,FOCUSED,90.26,0.311,0.4,0.0,0,0,0.0,0
09:57:12.147,151.059,FOCUSED,90.26,0.308,0.405,0.0,0,0,0.0,0
09:57:12.211,151.123,FOCUSED,90.26,0.309,0.404,0.0,0,0,0.0,0
09:57:12.273,151.185,FOCUSED,90.26,0.313,0.402,0.0,0,0,0.0,0
09:57:12.347,151.259,FOCUSED,90.26,0.308,0.401,0.0,0,0,0.0,0
09:57:12.414,151.326,FOCUSED,90.26,0.309,0.401,0.0,0,0,0.0,0
09:57:12.482,151.394,FOCUSED,90.26,0.284,0.397,0.0,0,0,0.0,0
09:57:12.549,151.461,FOCUSED,90.26,0.278,0.393,0.0,0,0,0.0,0
09:57:12.616,151.528,FOCUSED,90.26,0.277,0.389,0.0,0,0,0.0,0
09:57:12.675,151.588,FOCUSED,90.26,0.281,0.387,0.0,0,0,0.0,0
09:57:12.752,151.664,FOCUSED,90.26,0.282,0.383,0.0,0,0,0.0,0
09:57:12.821,151.733,FOCUSED,90.26,0.278,0.388,0.0,0,0,0.0,0
09:57:12.885,151.798,FOCUSED,90.26,0.279,0.385,0.0,0,0,0.0,0
09:57:12.964,151.876,FOCUSED,90.26,0.281,0.386,0.0,0,0,0.0,0
09:57:13.047,151.959,FOCUSED,90.26,0.269,0.389,0.0,0,0,0.0,0
09:57:13.122,152.034,FOCUSED,90.26,0.274,0.386,0.0,0,0,0.0,0
09:57:13.206,152.118,FOCUSED,90.26,0.286,0.382,0.0,0,0,0.0,0
09:57:13.285,152.198,FOCUSED,90.26,0.283,0.383,0.0,0,0,0.0,0
09:57:13.364,152.276,FOCUSED,90.26,0.275,0.382,0.0,0,0,0.0,0
09:57:13.439,152.352,FOCUSED,90.26,0.267,0.383,0.0,0,0,0.0,0
09:57:13.514,152.426,FOCUSED,90.26,0.269,0.389,0.0,0,0,0.0,0
09:57:13.591,152.503,FOCUSED,90.26,0.263,0.382,0.0,0,0,0.0,0
09:57:13.670,152.583,FOCUSED,90.26,0.228,0.38,0.0,0,0,0.0,0
09:57:13.745,152.658,FOCUSED,90.26,0.233,0.382,0.0,0,0,0.0,0
09:57:13.821,152.734,FOCUSED,90.26,0.231,0.381,0.0,0,0,0.0,0
09:57:13.900,152.813,FOCUSED,90.26,0.22,0.381,0.0,0,0,0.0,0
09:57:13.981,152.894,FOCUSED,90.26,0.218,0.38,0.0,0,0,0.0,0
09:57:14.063,152.976,FOCUSED,90.26,0.207,0.378,0.0,0,0,0.0,0
09:57:14.147,153.06,FOCUSED,90.26,0.047,0.374,0.0,0,0,0.6,0
09:57:14.225,153.137,FOCUSED,90.26,0.051,0.378,0.0,0,0,0.6,0
09:57:14.295,153.207,FOCUSED,90.26,0.208,0.376,0.0,0,0,0.0,0
09:57:14.362,153.274,FOCUSED,90.26,0.25,0.38,0.0,0,0,0.0,0
09:57:14.429,153.341,FOCUSED,90.26,0.267,0.384,0.0,0,0,0.0,0
09:57:14.492,153.405,FOCUSED,90.26,0.274,0.379,0.0,0,0,0.0,0
09:57:14.559,153.471,FOCUSED,90.26,0.275,0.379,0.0,0,0,0.0,0
09:57:14.625,153.538,FOCUSED,90.26,0.296,0.379,0.0,0,0,0.0,0
09:57:14.692,153.605,FOCUSED,90.26,0.296,0.381,0.0,0,0,0.0,0
09:57:14.761,153.673,FOCUSED,90.26,0.299,0.375,0.0,0,0,0.0,0
09:57:14.823,153.736,FOCUSED,90.26,0.288,0.374,0.0,0,0,0.0,0
09:57:14.887,153.8,FOCUSED,90.26,0.305,0.373,0.0,0,0,0.0,0
09:57:14.948,153.861,FOCUSED,90.26,0.299,0.377,0.0,0,0,0.0,0
09:57:15.011,153.924,FOCUSED,90.26,0.302,0.375,0.0,0,0,0.0,0
09:57:15.084,153.996,FOCUSED,90.26,0.296,0.382,0.0,0,0,0.0,0
09:57:15.174,154.086,FOCUSED,90.26,0.302,0.379,0.0,0,0,0.0,0
09:57:15.255,154.167,FOCUSED,90.26,0.304,0.378,0.0,0,0,0.0,0
09:57:15.341,154.253,FOCUSED,90.26,0.298,0.374,0.0,0,0,0.0,0
09:57:15.428,154.341,FOCUSED,90.26,0.309,0.367,0.0,0,0,0.0,0
09:57:15.514,154.427,FOCUSED,90.26,0.315,0.353,0.0,0,0,0.0,0
09:57:15.593,154.505,FOCUSED,90.26,0.312,0.353,0.0,0,0,0.0,0
09:57:15.671,154.583,FOCUSED,90.26,0.322,0.357,0.0,0,0,0.0,0
09:57:15.749,154.662,FOCUSED,90.26,0.311,0.343,0.0,0,0,0.0,0
09:57:15.831,154.744,FOCUSED,90.26,0.314,0.338,0.0,0,0,0.0,0
09:57:15.933,154.845,FOCUSED,90.26,0.308,0.326,0.0,0,0,0.0,0
09:57:16.059,154.971,FOCUSED,90.26,0.092,0.306,0.0,0,0,0.6,0
09:57:16.141,155.053,FOCUSED,90.26,0.274,0.323,0.0,0,0,0.0,0
09:57:16.216,155.129,FOCUSED,90.26,0.31,0.338,0.0,0,0,0.0,0
09:57:16.289,155.202,FOCUSED,90.26,0.333,0.34,0.0,0,0,0.0,0
09:57:16.377,155.29,FOCUSED,90.26,0.347,0.341,0.0,0,0,0.0,0
09:57:16.472,155.384,FOCUSED,90.26,0.355,0.327,0.0,0,0,0.0,0
09:57:16.572,155.485,FOCUSED,90.26,0.359,0.313,0.0,0,0,0.0,0
09:57:16.684,155.596,FOCUSED,90.26,0.327,0.303,0.0,0,0,0.0,0
09:57:16.774,155.686,FOCUSED,90.26,0.359,0.292,0.0,0,0,0.0,0
09:57:16.847,155.76,FOCUSED,90.26,0.324,0.251,0.0,0,0,0.0,0
09:57:16.925,155.837,FOCUSED,90.26,0.324,0.25,0.0,0,0,0.0,0
09:57:16.993,155.905,FOCUSED,90.26,0.339,0.272,0.0,0,0,0.0,0
09:57:17.067,155.979,FOCUSED,90.26,0.322,0.277,0.0,0,0,0.0,0
09:57:17.152,156.064,FOCUSED,90.26,0.305,0.271,0.0,0,0,0.0,0
09:57:17.248,156.162,FOCUSED,90.26,0.309,0.272,0.0,0,0,0.0,0
09:57:17.354,156.267,FOCUSED,90.26,0.301,0.263,0.0,0,0,0.0,0
09:57:17.465,156.378,FOCUSED,90.26,0.336,0.259,0.0,0,0,0.0,0
09:57:17.558,156.471,FOCUSED,90.26,0.334,0.266,0.0,0,0,0.0,0
09:57:17.653,156.566,FOCUSED,90.26,0.328,0.276,0.0,0,0,0.0,0
09:57:17.744,156.656,FOCUSED,90.26,0.324,0.29,0.0,0,0,0.0,0
09:57:17.819,156.731,FOCUSED,90.26,0.33,0.294,0.0,0,0,0.0,0
09:57:17.902,156.814,FOCUSED,90.26,0.349,0.291,0.0,0,0,0.0,0
09:57:18.007,156.92,FOCUSED,90.26,0.37,0.284,0.0,0,0,0.0,0
09:57:18.105,157.017,FOCUSED,90.26,0.359,0.287,0.0,0,0,0.0,0
09:57:18.198,157.111,FOCUSED,90.26,0.349,0.264,0.0,0,0,0.0,0
09:57:18.301,157.214,FOCUSED,90.26,0.342,0.272,0.0,0,0,0.0,0
09:57:18.376,157.288,FOCUSED,90.26,0.323,0.276,0.0,0,0,0.0,0
09:57:18.475,157.388,FOCUSED,90.26,0.332,0.268,0.0,0,0,0.0,0
09:57:18.563,157.475,FOCUSED,90.26,0.331,0.266,0.0,0,0,0.0,0
09:57:18.634,157.546,FOCUSED,90.26,0.346,0.277,0.0,0,0,0.0,0
09:57:18.721,157.633,FOCUSED,90.26,0.338,0.268,0.0,0,0,0.0,0
09:57:18.810,157.722,FOCUSED,90.26,0.328,0.28,0.0,0,0,0.0,0
09:57:18.890,157.802,FOCUSED,90.26,0.329,0.279,0.0,0,0,0.0,0
09:57:18.973,157.885,FOCUSED,90.26,0.337,0.279,0.0,0,0,0.0,0
09:57:19.036,157.948,FOCUSED,90.26,0.328,0.285,0.0,0,0,0.0,0
09:57:19.114,158.026,FOCUSED,90.26,0.329,0.293,0.0,0,0,0.0,0
09:57:19.186,158.098,FOCUSED,90.26,0.342,0.292,0.0,0,0,0.0,0
09:57:19.268,158.18,FOCUSED,90.26,0.353,0.311,0.0,0,0,0.0,0
09:57:19.336,158.248,FOCUSED,90.26,0.319,0.314,0.0,0,0,0.0,0
09:57:19.418,158.33,FOCUSED,90.26,0.329,0.31,0.0,0,0,0.0,0
09:57:19.486,158.398,FOCUSED,90.26,0.338,0.307,0.0,0,0,0.0,0
09:57:19.561,158.473,FOCUSED,90.26,0.319,0.299,0.0,0,0,0.0,0
09:57:19.635,158.547,FOCUSED,90.26,0.321,0.293,0.0,0,0,0.0,0
09:57:19.706,158.618,FOCUSED,90.26,0.337,0.287,0.0,0,0,0.0,0
09:57:19.788,158.701,FOCUSED,90.26,0.332,0.287,0.0,0,0,0.0,0
09:57:19.866,158.779,FOCUSED,90.26,0.324,0.289,0.0,0,0,0.0,0
09:57:19.939,158.852,FOCUSED,90.26,0.326,0.288,0.0,0,0,0.0,0
09:57:20.020,158.932,FOCUSED,90.26,0.335,0.288,0.0,0,0,0.0,0
09:57:20.099,159.011,FOCUSED,90.26,0.339,0.285,0.0,0,0,0.0,0
09:57:20.168,159.08,FOCUSED,90.26,0.34,0.287,0.0,0,0,0.0,0
09:57:20.242,159.154,FOCUSED,90.26,0.335,0.286,0.0,0,0,0.0,0
09:57:20.311,159.224,FOCUSED,90.26,0.345,0.286,0.0,0,0,0.0,0
09:57:20.380,159.293,FOCUSED,90.26,0.346,0.29,0.0,0,0,0.0,0
09:57:20.455,159.368,FOCUSED,90.26,0.358,0.291,0.0,0,0,0.0,0
09:57:20.535,159.447,FOCUSED,90.26,0.335,0.291,0.0,0,0,0.0,0
09:57:20.607,159.52,FOCUSED,90.26,0.34,0.298,0.0,0,0,0.0,0
09:57:20.674,159.587,FOCUSED,90.26,0.327,0.299,0.0,0,0,0.0,0
09:57:20.746,159.659,FOCUSED,90.26,0.317,0.301,0.0,0,0,0.0,0
09:57:20.815,159.727,FOCUSED,90.26,0.232,0.29,0.0,0,0,0.0,0
09:57:20.906,159.819,FOCUSED,90.26,0.205,0.284,0.0,0,0,0.0,0
09:57:20.980,159.892,FOCUSED,90.26,0.211,0.278,0.0,0,0,0.0,0
09:57:21.068,159.98,FOCUSED,90.26,0.218,0.276,0.0,0,0,0.0,0
09:57:21.144,160.056,FOCUSED,90.26,0.222,0.286,0.0,0,0,0.0,0
09:57:21.226,160.138,FOCUSED,90.26,0.215,0.281,0.0,0,0,0.0,0
09:57:21.298,160.211,FOCUSED,90.26,0.217,0.283,0.0,0,0,0.0,0
09:57:21.370,160.283,FOCUSED,90.26,0.221,0.284,0.0,0,0,0.0,0
09:57:21.445,160.357,FOCUSED,90.26,0.219,0.285,0.0,0,0,0.0,0
09:57:21.522,160.434,FOCUSED,90.26,0.22,0.286,0.0,0,0,0.0,0
09:57:21.594,160.507,FOCUSED,90.26,0.22,0.287,0.0,0,0,0.0,0
09:57:21.681,160.594,FOCUSED,90.26,0.213,0.286,0.0,0,0,0.0,0
09:57:21.749,160.661,FOCUSED,90.26,0.223,0.289,0.0,0,0,0.0,0
09:57:21.840,160.753,FOCUSED,90.26,0.223,0.287,0.0,0,0,0.0,0
09:57:21.919,160.832,FOCUSED,90.26,0.221,0.284,0.0,0,0,0.0,0
09:57:21.992,160.904,FOCUSED,90.26,0.209,0.284,0.0,0,0,0.0,0
09:57:22.072,160.984,FOCUSED,90.26,0.21,0.281,0.0,0,0,0.0,0
09:57:22.159,161.072,FOCUSED,90.26,0.216,0.284,0.0,0,0,0.0,0
09:57:22.233,161.146,FOCUSED,90.26,0.209,0.283,0.0,0,0,0.0,0
09:57:22.312,161.224,FOCUSED,90.26,0.215,0.283,0.0,0,0,0.0,0
09:57:22.384,161.297,FOCUSED,90.26,0.21,0.285,0.0,0,0,0.0,0
09:57:22.467,161.38,FOCUSED,90.26,0.214,0.284,0.0,0,0,0.0,0
09:57:22.539,161.452,FOCUSED,90.26,0.215,0.282,0.0,0,0,0.0,0
09:57:22.611,161.524,FOCUSED,90.26,0.214,0.282,0.0,0,0,0.0,0
09:57:22.685,161.597,FOCUSED,90.26,0.211,0.284,0.0,0,0,0.0,0
09:57:22.756,161.668,FOCUSED,90.26,0.224,0.287,0.0,0,0,0.0,0
09:57:22.821,161.733,FOCUSED,90.26,0.141,0.289,0.0,0,0,0.6,0
09:57:22.902,161.815,FOCUSED,90.26,0.069,0.298,0.0,0,0,0.6,0
09:57:22.984,161.897,FOCUSED,90.26,0.269,0.303,0.0,0,0,0.0,0
09:57:23.069,161.982,FOCUSED,90.26,0.344,0.299,0.0,0,0,0.0,0
09:57:23.160,162.072,FOCUSED,90.26,0.371,0.294,0.0,0,0,0.0,0
09:57:23.255,162.167,FOCUSED,90.26,0.363,0.292,0.0,0,0,0.0,0
09:57:23.335,162.248,FOCUSED,90.26,0.373,0.294,0.0,0,0,0.0,0
09:57:23.435,162.347,FOCUSED,90.26,0.364,0.287,0.0,0,0,0.0,0
09:57:23.524,162.436,FOCUSED,90.26,0.339,0.285,0.0,0,0,0.0,0
09:57:23.606,162.519,FOCUSED,90.26,0.345,0.291,0.0,0,0,0.0,0
09:57:23.696,162.609,FOCUSED,90.26,0.329,0.292,0.0,0,0,0.0,0
09:57:23.782,162.694,FOCUSED,90.26,0.321,0.296,0.0,0,0,0.0,0
09:57:23.851,162.764,FOCUSED,90.26,0.335,0.292,0.0,0,0,0.0,0
09:57:23.930,162.843,FOCUSED,90.26,0.353,0.291,0.0,0,0,0.0,0
09:57:24.017,162.93,FOCUSED,90.26,0.334,0.288,0.0,0,0,0.0,0
09:57:24.100,163.013,FOCUSED,90.26,0.336,0.283,0.0,0,0,0.0,0
09:57:24.188,163.1,FOCUSED,90.26,0.337,0.282,0.0,0,0,0.0,0
09:57:24.266,163.18,FOCUSED,90.26,0.338,0.282,0.0,0,0,0.0,0
09:57:24.347,163.26,FOCUSED,90.26,0.255,0.278,0.0,0,0,0.0,0
09:57:24.434,163.346,FOCUSED,90.26,0.053,0.269,0.0,0,0,0.6,0
09:57:24.515,163.428,FOCUSED,90.26,0.22,0.281,0.0,0,0,0.0,0
09:57:24.593,163.506,FOCUSED,90.26,0.253,0.287,0.0,0,0,0.0,0
09:57:24.671,163.583,FOCUSED,90.26,0.265,0.301,0.0,0,0,0.0,0
09:57:24.757,163.669,FOCUSED,90.26,0.257,0.298,0.0,0,0,0.0,0
09:57:24.835,163.748,FOCUSED,90.26,0.258,0.298,0.0,0,0,0.0,0
09:57:24.914,163.826,FOCUSED,90.26,0.263,0.303,0.0,0,0,0.0,0
09:57:24.988,163.9,FOCUSED,90.26,0.264,0.309,0.0,0,0,0.0,0
09:57:25.064,163.976,FOCUSED,90.26,0.273,0.315,0.0,0,0,0.0,0
09:57:25.139,164.052,FOCUSED,90.26,0.267,0.315,0.0,0,0,0.0,0
09:57:25.247,164.16,FOCUSED,90.26,0.261,0.319,0.0,0,0,0.0,0
09:57:25.323,164.235,FOCUSED,90.26,0.252,0.316,0.0,0,0,0.0,0
09:57:25.398,164.311,FOCUSED,90.26,0.249,0.308,0.0,0,0,0.0,0
09:57:25.484,164.396,FOCUSED,90.26,0.256,0.307,0.0,0,0,0.0,0
09:57:25.554,164.467,FOCUSED,90.26,0.248,0.31,0.0,0,0,0.0,0
09:57:25.630,164.543,FOCUSED,90.26,0.25,0.316,0.0,0,0,0.0,0
09:57:25.700,164.613,FOCUSED,90.26,0.233,0.313,0.0,0,0,0.0,0
09:57:25.779,164.691,FOCUSED,90.26,0.231,0.309,0.0,0,0,0.0,0
09:57:25.858,164.771,FOCUSED,90.26,0.234,0.305,0.0,0,0,0.0,0
09:57:25.941,164.854,FOCUSED,90.26,0.228,0.297,0.0,0,0,0.0,0
09:57:26.018,164.93,FOCUSED,90.26,0.236,0.31,0.0,0,0,0.0,0
09:57:26.107,165.019,FOCUSED,90.26,0.221,0.297,0.0,0,0,0.0,0
09:57:26.187,165.1,FOCUSED,90.26,0.22,0.282,0.0,0,0,0.0,0
09:57:26.270,165.182,FOCUSED,90.26,0.223,0.287,0.0,0,0,0.0,0
09:57:26.342,165.255,FOCUSED,90.26,0.214,0.29,0.0,0,0,0.0,0
09:57:26.410,165.323,FOCUSED,90.26,0.218,0.285,0.0,0,0,0.0,0
09:57:26.487,165.4,FOCUSED,90.26,0.224,0.286,0.0,0,0,0.0,0
09:57:26.569,165.482,FOCUSED,90.26,0.214,0.292,0.0,0,0,0.0,0
09:57:26.648,165.56,FOCUSED,90.26,0.223,0.281,0.0,0,0,0.0,0
09:57:26.722,165.635,FOCUSED,90.26,0.218,0.276,0.0,0,0,0.0,0
09:57:26.798,165.71,FOCUSED,90.26,0.228,0.272,0.0,0,0,0.0,0
09:57:26.871,165.783,FOCUSED,90.26,0.231,0.275,0.0,0,0,0.0,0
09:57:26.948,165.86,FOCUSED,90.26,0.225,0.279,0.0,0,0,0.0,0
09:57:27.018,165.93,FOCUSED,90.26,0.227,0.284,0.0,0,0,0.0,0
09:57:27.108,166.021,FOCUSED,90.26,0.221,0.285,0.0,0,0,0.0,0
09:57:27.195,166.108,FOCUSED,90.26,0.227,0.286,0.0,0,0,0.0,0
09:57:27.276,166.188,FOCUSED,90.26,0.225,0.295,0.0,0,0,0.0,0
09:57:27.345,166.258,FOCUSED,90.26,0.222,0.292,0.0,0,0,0.0,0
09:57:27.425,166.338,FOCUSED,90.26,0.21,0.293,0.0,0,0,0.0,0
09:57:27.517,166.43,FOCUSED,90.26,0.219,0.291,0.0,0,0,0.0,0
09:57:27.598,166.51,FOCUSED,90.26,0.228,0.289,0.0,0,0,0.0,0
09:57:27.675,166.588,FOCUSED,90.26,0.225,0.29,0.0,0,0,0.0,0
09:57:27.758,166.67,FOCUSED,90.26,0.226,0.292,0.0,0,0,0.0,0
09:57:27.828,166.741,FOCUSED,90.26,0.224,0.296,0.0,0,0,0.0,0
09:57:27.910,166.822,FOCUSED,90.26,0.221,0.298,0.0,0,0,0.0,0
09:57:27.996,166.91,FOCUSED,90.26,0.224,0.292,0.0,0,0,0.0,0
09:57:28.064,166.977,FOCUSED,90.26,0.223,0.295,0.0,0,0,0.0,0
09:57:28.149,167.061,FOCUSED,90.26,0.22,0.294,0.0,0,0,0.0,0
09:57:28.230,167.143,FOCUSED,90.26,0.215,0.291,0.0,0,0,0.0,0
09:57:28.317,167.229,FOCUSED,90.26,0.218,0.293,0.0,0,0,0.0,0
09:57:28.402,167.315,FOCUSED,90.26,0.221,0.295,0.0,0,0,0.0,0
09:57:28.482,167.394,FOCUSED,90.26,0.222,0.296,0.0,0,0,0.0,0
09:57:28.556,167.469,FOCUSED,90.26,0.227,0.295,0.0,0,0,0.0,0
09:57:28.624,167.536,FOCUSED,90.26,0.22,0.294,0.0,0,0,0.0,0
09:57:28.697,167.61,FOCUSED,90.26,0.229,0.301,0.0,0,0,0.0,0
09:57:28.765,167.678,FOCUSED,90.26,0.24,0.298,0.0,0,0,0.0,0
09:57:28.839,167.751,FOCUSED,90.26,0.24,0.298,0.0,0,0,0.0,0
09:57:28.906,167.819,FOCUSED,90.26,0.244,0.298,0.0,0,0,0.0,0
09:57:28.984,167.896,FOCUSED,90.26,0.257,0.302,0.0,0,0,0.0,0
09:57:29.063,167.975,FOCUSED,90.26,0.262,0.301,0.0,0,0,0.0,0
09:57:29.131,168.044,FOCUSED,90.26,0.263,0.301,0.0,0,0,0.0,0
09:57:29.214,168.127,FOCUSED,90.26,0.265,0.304,0.0,0,0,0.0,0
09:57:29.285,168.199,FOCUSED,90.26,0.274,0.305,0.0,0,0,0.0,0
09:57:29.374,168.286,FOCUSED,90.26,0.267,0.303,0.0,0,0,0.0,0
09:57:29.455,168.368,FOCUSED,90.26,0.265,0.301,0.0,0,0,0.0,0
09:57:29.526,168.438,FOCUSED,90.26,0.271,0.302,0.0,0,0,0.0,0
09:57:29.601,168.514,FOCUSED,90.26,0.262,0.306,0.0,0,0,0.0,0
09:57:29.677,168.589,FOCUSED,90.26,0.267,0.306,0.0,0,0,0.0,0
09:57:29.750,168.663,FOCUSED,90.26,0.272,0.308,0.0,0,0,0.0,0
09:57:29.823,168.736,FOCUSED,90.26,0.275,0.31,0.0,0,0,0.0,0
09:57:29.896,168.808,FOCUSED,90.26,0.277,0.309,0.0,0,0,0.0,0
09:57:29.967,168.88,FOCUSED,90.26,0.278,0.31,0.0,0,0,0.0,0
09:57:30.040,168.953,FOCUSED,90.26,0.276,0.311,0.0,0,0,0.0,0
09:57:30.116,169.028,FOCUSED,90.26,0.276,0.307,0.0,0,0,0.0,0
09:57:30.192,169.105,FOCUSED,90.26,0.276,0.308,0.0,0,0,0.0,0
09:57:30.261,169.174,FOCUSED,90.26,0.28,0.309,0.0,0,0,0.0,0
09:57:30.341,169.254,FOCUSED,90.26,0.269,0.307,0.0,0,0,0.0,0
09:57:30.417,169.329,FOCUSED,90.26,0.258,0.303,0.0,0,0,0.0,0
09:57:30.504,169.416,FOCUSED,90.26,0.254,0.301,0.0,0,0,0.0,0
09:57:30.584,169.496,FOCUSED,90.26,0.244,0.3,0.0,0,0,0.0,0
09:57:30.667,169.579,FOCUSED,90.26,0.247,0.296,0.0,0,0,0.0,0
09:57:30.741,169.653,FOCUSED,90.26,0.244,0.297,0.0,0,0,0.0,0
09:57:30.828,169.74,FOCUSED,90.26,0.25,0.298,0.0,0,0,0.0,0
09:57:30.905,169.818,FOCUSED,90.26,0.251,0.3,0.0,0,0,0.0,0
09:57:30.997,169.909,FOCUSED,90.26,0.252,0.299,0.0,0,0,0.0,0
09:57:31.098,170.011,FOCUSED,90.26,0.253,0.296,0.0,0,0,0.0,0
09:57:31.190,170.102,FOCUSED,90.26,0.255,0.3,0.0,0,0,0.0,0
09:57:31.273,170.186,FOCUSED,90.26,0.252,0.3,0.0,0,0,0.0,0
09:57:31.360,170.272,FOCUSED,90.26,0.249,0.303,0.0,0,0,0.0,0
09:57:31.436,170.349,FOCUSED,90.26,0.261,0.307,0.0,0,0,0.0,0
09:57:31.514,170.427,FOCUSED,90.26,0.255,0.304,0.0,0,0,0.0,0
09:57:31.595,170.508,FOCUSED,90.26,0.253,0.304,0.0,0,0,0.0,0
09:57:31.675,170.587,FOCUSED,90.26,0.255,0.302,0.0,0,0,0.0,0
09:57:31.757,170.669,FOCUSED,90.26,0.076,0.296,0.0,0,0,0.6,0
09:57:31.845,170.758,FOCUSED,90.26,0.21,0.305,0.0,0,0,0.0,0
09:57:31.935,170.848,FOCUSED,90.26,0.313,0.316,0.0,0,0,0.0,0
09:57:32.021,170.933,FOCUSED,90.26,0.317,0.321,0.0,0,0,0.0,0
09:57:32.104,171.016,FOCUSED,90.26,0.324,0.324,0.0,0,0,0.0,0
09:57:32.186,171.098,FOCUSED,90.26,0.319,0.322,0.0,0,0,0.0,0
09:57:32.273,171.186,FOCUSED,90.26,0.332,0.327,0.0,0,0,0.0,0
09:57:32.355,171.267,FOCUSED,90.26,0.331,0.325,0.0,0,0,0.0,0
09:57:32.447,171.36,FOCUSED,90.26,0.322,0.326,0.0,0,0,0.0,0
09:57:32.531,171.444,FOCUSED,90.26,0.329,0.322,0.0,0,0,0.0,0
09:57:32.614,171.526,FOCUSED,90.26,0.324,0.323,0.0,0,0,0.0,0
09:57:32.708,171.621,FOCUSED,90.26,0.322,0.324,0.0,0,0,0.0,0
09:57:32.793,171.705,FOCUSED,90.26,0.321,0.323,0.0,0,0,0.0,0
09:57:32.870,171.783,FOCUSED,90.26,0.32,0.323,0.0,0,0,0.0,0
09:57:32.967,171.88,FOCUSED,90.26,0.324,0.321,0.0,0,0,0.0,0
09:57:33.052,171.965,FOCUSED,90.26,0.318,0.319,0.0,0,0,0.0,0
09:57:33.143,172.056,FOCUSED,90.26,0.322,0.323,0.0,0,0,0.0,0
09:57:33.225,172.137,FOCUSED,90.26,0.338,0.323,0.0,0,0,0.0,0
09:57:33.302,172.215,FOCUSED,90.26,0.333,0.32,0.0,0,0,0.0,0
09:57:33.380,172.292,FOCUSED,90.26,0.329,0.319,0.0,0,0,0.0,0
09:57:33.448,172.361,FOCUSED,90.26,0.334,0.317,0.0,0,0,0.0,0
09:57:33.532,172.444,FOCUSED,90.26,0.336,0.317,0.0,0,0,0.0,0
09:57:33.617,172.53,FOCUSED,90.26,0.342,0.317,0.0,0,0,0.0,0
09:57:33.692,172.605,FOCUSED,90.26,0.333,0.317,0.0,0,0,0.0,0
09:57:33.762,172.674,FOCUSED,90.26,0.328,0.316,0.0,0,0,0.0,0
09:57:33.836,172.748,FOCUSED,90.26,0.334,0.318,0.0,0,0,0.0,0
09:57:33.908,172.821,FOCUSED,90.26,0.33,0.316,0.0,0,0,0.0,0
09:57:33.977,172.89,FOCUSED,90.26,0.332,0.316,0.0,0,0,0.0,0
09:57:34.059,172.971,FOCUSED,90.26,0.337,0.317,0.0,0,0,0.0,0
09:57:34.135,173.048,FOCUSED,90.26,0.338,0.319,0.0,0,0,0.0,0
09:57:34.220,173.132,FOCUSED,90.26,0.337,0.32,0.0,0,0,0.0,0
09:57:34.294,173.206,FOCUSED,90.26,0.343,0.32,0.0,0,0,0.0,0
09:57:34.378,173.291,FOCUSED,90.26,0.337,0.319,0.0,0,0,0.0,0
09:57:34.450,173.363,FOCUSED,90.26,0.34,0.319,0.0,0,0,0.0,0
09:57:34.537,173.45,FOCUSED,90.26,0.332,0.321,0.0,0,0,0.0,0
09:57:34.610,173.522,FOCUSED,90.26,0.332,0.318,0.0,0,0,0.0,0
09:57:34.691,173.603,FOCUSED,90.26,0.327,0.318,0.0,0,0,0.0,0
09:57:34.764,173.677,FOCUSED,90.26,0.329,0.316,0.0,0,0,0.0,0
09:57:34.844,173.757,FOCUSED,90.26,0.339,0.32,0.0,0,0,0.0,0
09:57:34.924,173.837,FOCUSED,90.26,0.332,0.322,0.0,0,0,0.0,0
09:57:34.998,173.911,FOCUSED,90.26,0.335,0.317,0.0,0,0,0.0,0
09:57:35.080,173.993,FOCUSED,90.26,0.306,0.317,0.0,0,0,0.0,0
09:57:35.164,174.077,FOCUSED,90.26,0.311,0.318,0.0,0,0,0.0,0
09:57:35.257,174.169,FOCUSED,90.26,0.317,0.317,0.0,0,0,0.0,0
09:57:35.346,174.259,FOCUSED,90.26,0.318,0.315,0.0,0,0,0.0,0
09:57:35.428,174.341,FOCUSED,90.26,0.321,0.315,0.0,0,0,0.0,0
09:57:35.509,174.422,FOCUSED,90.26,0.324,0.314,0.0,0,0,0.0,0
09:57:35.587,174.499,FOCUSED,90.26,0.313,0.316,0.0,0,0,0.0,0
09:57:35.672,174.584,FOCUSED,90.26,0.321,0.317,0.0,0,0,0.0,0
09:57:35.759,174.672,FOCUSED,90.26,0.319,0.319,0.0,0,0,0.0,0
09:57:35.843,174.755,FOCUSED,90.26,0.321,0.318,0.0,0,0,0.0,0
09:57:35.930,174.843,FOCUSED,90.26,0.326,0.317,0.0,0,0,0.0,0
09:57:36.014,174.926,FOCUSED,90.26,0.323,0.31,0.0,0,0,0.0,0
09:57:36.102,175.015,FOCUSED,90.26,0.318,0.316,0.0,0,0,0.0,0
09:57:36.201,175.114,FOCUSED,90.26,0.197,0.318,0.0,0,0,0.0,0
09:57:36.290,175.202,FOCUSED,90.26,0.199,0.333,0.0,0,0,0.0,0
09:57:36.369,175.282,FOCUSED,90.26,0.26,0.358,0.0,0,0,0.0,0
09:57:36.451,175.364,FOCUSED,90.26,0.276,0.351,0.0,0,0,0.0,0
09:57:36.549,175.461,FOCUSED,90.26,0.275,0.317,0.0,0,0,0.0,0
09:57:36.628,175.541,FOCUSED,90.26,0.283,0.302,0.0,0,0,0.0,0
09:57:36.706,175.619,FOCUSED,90.26,0.248,0.315,0.0,0,0,0.0,0
09:57:36.798,175.711,FOCUSED,90.26,0.028,0.323,0.0,0,0,0.6,0
09:57:36.874,175.786,FOCUSED,90.26,0.037,0.333,0.0,0,0,0.6,0
09:57:36.958,175.871,FOCUSED,90.26,0.046,0.336,0.0,0,0,0.6,0
09:57:37.045,175.958,FOCUSED,90.26,0.198,0.334,0.0,0,0,0.0,0
09:57:37.119,176.032,FOCUSED,90.26,0.199,0.33,0.0,0,0,0.0,0
09:57:37.208,176.12,FOCUSED,90.26,0.031,0.337,0.0,0,0,0.6,0
09:57:37.296,176.209,FOCUSED,90.26,0.034,0.348,0.0,0,0,0.6,0
09:57:37.372,176.284,FOCUSED,90.26,0.231,0.392,0.0,0,0,0.0,0
09:57:37.448,176.36,FOCUSED,90.26,0.262,0.386,0.0,0,0,0.0,0
09:57:37.529,176.441,FOCUSED,90.26,0.275,0.358,0.0,0,0,0.0,0
09:57:37.614,176.527,FOCUSED,90.26,0.274,0.334,0.0,0,0,0.0,0
09:57:37.692,176.604,FOCUSED,90.26,0.253,0.329,0.0,0,0,0.0,0
09:57:37.769,176.681,FOCUSED,90.26,0.262,0.352,0.0,0,0,0.0,0
09:57:37.846,176.759,FOCUSED,90.26,0.292,0.413,0.0,0,0,0.0,0
09:57:37.928,176.84,FOCUSED,90.26,0.291,0.432,0.0,0,0,0.0,0
09:57:38.007,176.92,FOCUSED,90.26,0.285,0.413,0.0,0,0,0.0,0
09:57:38.087,177.0,FOCUSED,90.26,0.283,0.36,0.0,0,0,0.0,0
09:57:38.162,177.074,FOCUSED,90.26,0.284,0.343,0.0,0,0,0.0,0
09:57:38.240,177.152,FOCUSED,90.26,0.248,0.345,0.0,0,0,0.0,0
09:57:38.314,177.227,FOCUSED,90.26,0.278,0.379,0.0,0,0,0.0,0
09:57:38.406,177.319,FOCUSED,90.26,0.274,0.382,0.0,0,0,0.0,0
09:57:38.483,177.395,FOCUSED,90.26,0.286,0.395,0.0,0,0,0.0,0
09:57:38.565,177.478,FOCUSED,90.26,0.266,0.382,0.0,0,0,0.0,0
09:57:38.648,177.561,FOCUSED,90.26,0.238,0.377,0.0,0,0,0.0,0
09:57:38.742,177.655,FOCUSED,90.26,0.219,0.379,0.0,0,0,0.0,0
09:57:38.824,177.738,FOCUSED,90.26,0.217,0.375,0.0,0,0,0.0,0
09:57:38.910,177.823,FOCUSED,90.26,0.252,0.381,0.0,0,0,0.0,0
09:57:38.990,177.902,FOCUSED,90.26,0.249,0.365,0.0,0,0,0.0,0
09:57:39.068,177.98,FOCUSED,90.26,0.276,0.366,0.0,0,0,0.0,0
09:57:39.150,178.062,FOCUSED,90.26,0.271,0.358,0.0,0,0,0.0,0
09:57:39.237,178.15,FOCUSED,90.26,0.264,0.377,0.0,0,0,0.0,0
09:57:39.315,178.228,FOCUSED,90.26,0.262,0.401,0.0,0,0,0.0,0
09:57:39.391,178.303,FOCUSED,90.26,0.258,0.4,0.0,0,0,0.0,0
09:57:39.466,178.379,FOCUSED,90.26,0.264,0.4,0.0,0,0,0.0,0
09:57:39.545,178.458,FOCUSED,90.26,0.251,0.399,0.0,0,0,0.0,0
09:57:39.623,178.536,FOCUSED,90.26,0.256,0.4,0.0,0,0,0.0,0
09:57:39.699,178.612,FOCUSED,90.26,0.246,0.401,0.0,0,0,0.0,0
09:57:39.782,178.694,FOCUSED,90.26,0.246,0.394,0.0,0,0,0.0,0
09:57:39.868,178.78,FOCUSED,90.26,0.245,0.391,0.0,0,0,0.0,0
09:57:39.940,178.853,FOCUSED,90.26,0.232,0.385,0.0,0,0,0.0,0
09:57:40.018,178.93,FOCUSED,90.26,0.237,0.38,0.0,0,0,0.0,0
09:57:40.106,179.019,FOCUSED,90.26,0.273,0.389,0.0,0,0,0.0,0
09:57:40.173,179.086,FOCUSED,90.26,0.295,0.388,0.0,0,0,0.0,0
09:57:40.247,179.16,FOCUSED,90.26,0.298,0.389,0.0,0,0,0.0,0
09:57:40.319,179.232,FOCUSED,90.26,0.319,0.395,0.0,0,0,0.0,0
09:57:40.404,179.316,FOCUSED,90.26,0.315,0.401,0.0,0,0,0.0,0
09:57:40.486,179.399,FOCUSED,90.26,0.321,0.401,0.0,0,0,0.0,0
09:57:40.567,179.479,FOCUSED,90.26,0.34,0.4,0.0,0,0,0.0,0
09:57:40.642,179.555,FOCUSED,90.26,0.362,0.402,0.0,0,0,0.0,0
09:57:40.738,179.65,FOCUSED,90.26,0.358,0.41,0.0,0,0,0.0,0
09:57:40.826,179.739,FOCUSED,90.26,0.356,0.397,0.0,0,0,0.0,0
09:57:40.904,179.816,FOCUSED,90.26,0.338,0.396,0.0,0,0,0.0,0
09:57:40.995,179.908,FOCUSED,90.26,0.316,0.405,0.0,0,0,0.0,0
09:57:41.106,180.019,FOCUSED,90.26,0.303,0.41,0.0,0,0,0.0,0
09:57:41.220,180.134,FOCUSED,90.26,0.278,0.412,0.0,0,0,0.0,0
09:57:41.312,180.224,FOCUSED,90.26,0.263,0.398,0.0,0,0,0.0,0
09:57:41.421,180.333,FOCUSED,90.26,0.282,0.388,0.0,0,0,0.0,0
09:57:41.506,180.419,FOCUSED,90.26,0.266,0.385,0.0,0,0,0.0,0
09:57:41.611,180.523,FOCUSED,90.26,0.214,0.383,0.0,0,0,0.0,0
09:57:41.693,180.606,FOCUSED,90.26,0.248,0.384,0.0,0,0,0.0,0
09:57:41.782,180.694,FOCUSED,90.26,0.229,0.395,0.0,0,0,0.0,0
09:57:41.869,180.782,FOCUSED,90.26,0.191,0.394,0.0,0,0,0.0,0
09:57:41.949,180.862,FOCUSED,90.26,0.204,0.398,0.0,0,0,0.0,0
09:57:42.033,180.946,FOCUSED,90.26,0.152,0.393,0.0,0,0,0.6,0
09:57:42.116,181.028,FOCUSED,90.26,0.124,0.389,0.0,0,0,0.6,0
09:57:42.225,181.138,FOCUSED,90.26,0.116,0.387,0.0,0,0,0.6,0
09:57:42.331,181.243,FOCUSED,90.26,0.145,0.371,0.0,0,0,0.6,0
09:57:42.444,181.356,FOCUSED,90.26,0.127,0.33,0.0,0,0,0.6,0
09:57:42.552,181.465,FOCUSED,90.26,0.16,0.302,0.0,0,0,0.6,0
09:57:42.629,181.541,FOCUSED,90.26,0.084,0.295,0.0,0,0,0.6,0
09:57:42.727,181.639,FOCUSED,90.26,0.225,0.316,0.0,0,0,0.0,0
09:57:42.814,181.726,FOCUSED,90.26,0.308,0.308,0.0,0,0,0.0,0
09:57:42.913,181.825,FOCUSED,90.26,0.327,0.271,0.0,0,0,0.0,0
09:57:42.998,181.911,FOCUSED,90.26,0.318,0.226,0.0,0,0,0.0,0
09:57:43.095,182.008,FOCUSED,90.26,0.283,0.123,0.0,0,0,0.0,0
09:57:43.191,182.104,FOCUSED,90.26,0.282,0.298,0.0,0,0,0.0,0
09:57:43.295,182.207,UNKNOWN,90.21,,,0.0,0,0,0.0,0
09:57:43.423,182.335,UNKNOWN,90.15,,,0.0,0,0,0.0,0
09:57:43.528,182.441,UNKNOWN,90.1,,,0.0,0,0,0.0,0
09:57:43.623,182.535,UNKNOWN,90.05,,,0.0,0,0,0.0,0
09:57:43.718,182.63,UNKNOWN,90.0,,,0.0,0,0,0.0,0
09:57:43.804,182.717,UNKNOWN,89.96,,,0.0,0,0,0.0,0
09:57:43.896,182.808,UNKNOWN,89.91,,,0.0,0,0,0.0,0
09:57:43.981,182.893,UNKNOWN,89.87,,,0.0,0,0,0.0,0
09:57:44.050,182.962,FOCUSED,89.87,0.171,0.094,0.0,0,0,0.6,0
09:57:44.154,183.067,FOCUSED,89.87,0.193,0.196,0.0,0,0,0.0,0
09:57:44.251,183.163,FOCUSED,89.87,0.203,0.252,0.0,0,0,0.0,0
09:57:44.362,183.275,FOCUSED,89.87,0.142,0.276,0.0,0,0,0.6,0
09:57:44.443,183.355,FOCUSED,89.87,0.124,0.272,0.0,0,0,0.6,0
09:57:44.519,183.432,FOCUSED,89.87,0.111,0.257,0.0,0,0,0.6,0
09:57:44.594,183.506,FOCUSED,89.87,0.1,0.258,0.0,0,0,0.6,0
09:57:44.681,183.593,FOCUSED,89.87,0.134,0.248,0.0,0,0,0.6,0
09:57:44.751,183.663,FOCUSED,89.87,0.124,0.259,0.0,0,0,0.6,0
09:57:44.821,183.734,FOCUSED,89.87,0.14,0.251,0.0,0,0,0.6,0
09:57:44.909,183.821,FOCUSED,89.87,0.13,0.257,0.0,0,0,0.6,0
09:57:44.986,183.898,FOCUSED,89.87,0.157,0.258,0.0,0,0,0.6,0
09:57:45.050,183.962,DROWSY,89.68,0.144,0.272,0.0,0,0,1.0,0
09:57:45.125,184.039,DROWSY,89.45,0.132,0.283,0.0,0,0,1.0,0
09:57:45.223,184.136,DROWSY,89.16,0.079,0.286,0.0,0,0,1.0,0
09:57:45.300,184.212,DROWSY,88.93,0.131,0.267,0.0,0,0,1.0,0
09:57:45.370,184.283,DROWSY,88.72,0.209,0.279,0.0,0,0,1.0,0
09:57:45.442,184.354,DROWSY,88.5,0.219,0.284,0.0,0,0,1.0,0
09:57:45.527,184.439,DROWSY,88.25,0.217,0.296,0.0,0,0,1.0,0
09:57:45.628,184.541,DROWSY,87.94,0.231,0.296,0.0,0,0,1.0,0
09:57:45.730,184.642,FOCUSED,87.94,0.226,0.293,0.0,0,0,0.0,0
09:57:45.798,184.711,FOCUSED,87.94,0.23,0.289,0.0,0,0,0.0,0
09:57:45.875,184.787,FOCUSED,87.94,0.232,0.284,0.0,0,0,0.0,0
09:57:45.963,184.876,FOCUSED,87.94,0.223,0.282,0.0,0,0,0.0,0
09:57:46.095,185.007,FOCUSED,87.94,0.23,0.282,0.0,0,0,0.0,0
09:57:46.218,185.13,FOCUSED,87.94,0.24,0.281,0.0,0,0,0.0,0
09:57:46.318,185.232,FOCUSED,87.94,0.255,0.282,0.0,0,0,0.0,0
09:57:46.421,185.334,FOCUSED,87.94,0.194,0.293,0.0,0,0,0.0,0
09:57:46.525,185.437,FOCUSED,87.94,0.094,0.291,0.0,0,0,0.6,0
09:57:46.607,185.519,FOCUSED,87.94,0.127,0.301,0.0,0,0,0.6,0
09:57:46.696,185.608,FOCUSED,87.94,0.133,0.303,0.0,0,0,0.6,0
09:57:46.783,185.695,FOCUSED,87.94,0.127,0.302,0.0,0,0,0.6,0
09:57:46.868,185.78,FOCUSED,87.94,0.122,0.304,0.0,0,0,0.6,0
09:57:46.953,185.866,FOCUSED,87.94,0.113,0.306,0.0,0,0,0.6,0
09:57:47.043,185.955,FOCUSED,87.94,0.125,0.305,0.0,0,0,0.6,0
09:57:47.114,186.027,FOCUSED,87.94,0.1,0.309,0.0,0,0,0.6,0
09:57:47.201,186.113,FOCUSED,87.94,0.102,0.312,0.0,0,0,0.6,0
09:57:47.280,186.193,FOCUSED,87.94,0.104,0.31,0.0,0,0,0.6,0
09:57:47.371,186.283,DROWSY,87.67,0.095,0.317,0.0,0,0,1.0,0
09:57:47.442,186.354,DROWSY,87.46,0.098,0.315,0.0,0,0,1.0,0
09:57:47.517,186.429,DROWSY,87.23,0.097,0.307,0.0,0,0,1.0,0
09:57:47.616,186.529,DROWSY,86.93,0.095,0.312,0.0,0,0,1.0,0
09:57:47.707,186.619,DROWSY,86.66,0.118,0.314,0.0,0,0,1.0,0
09:57:47.796,186.708,DROWSY,86.39,0.043,0.313,0.0,0,0,1.0,0
09:57:47.875,186.788,DROWSY,86.16,0.151,0.338,0.0,0,0,1.0,0
09:57:47.985,186.898,DROWSY,85.83,0.208,0.354,0.0,0,0,1.0,0
09:57:48.081,186.993,DROWSY,85.54,0.211,0.355,0.0,0,0,1.0,0
09:57:48.181,187.094,DROWSY,85.24,0.218,0.337,0.0,0,0,1.0,0
09:57:48.271,187.184,DROWSY,84.97,0.221,0.336,0.0,0,0,1.0,0
09:57:48.358,187.271,FOCUSED,84.97,0.219,0.327,0.0,0,0,0.0,0
09:57:48.444,187.357,FOCUSED,84.97,0.235,0.325,0.0,0,0,0.0,0
09:57:48.523,187.435,FOCUSED,84.97,0.281,0.311,0.0,0,0,0.0,0
09:57:48.606,187.518,FOCUSED,84.97,0.256,0.31,0.0,0,0,0.0,0
09:57:48.689,187.602,FOCUSED,84.97,0.262,0.297,0.0,0,0,0.0,0
09:57:48.767,187.681,FOCUSED,84.97,0.245,0.3,0.0,0,0,0.0,0
09:57:48.852,187.764,FOCUSED,84.97,0.245,0.304,0.0,0,0,0.0,0
09:57:48.930,187.843,FOCUSED,84.97,0.254,0.305,0.0,0,0,0.0,0
09:57:49.012,187.924,FOCUSED,84.97,0.265,0.309,0.0,0,0,0.0,0
09:57:49.097,188.01,FOCUSED,84.97,0.278,0.32,0.0,0,0,0.0,0
09:57:49.177,188.089,FOCUSED,84.97,0.277,0.329,0.0,0,0,0.0,0
09:57:49.248,188.16,FOCUSED,84.97,0.267,0.343,0.0,0,0,0.0,0
09:57:49.330,188.243,FOCUSED,84.97,0.263,0.348,0.0,0,0,0.0,0
09:57:49.424,188.336,FOCUSED,84.97,0.284,0.354,0.0,0,0,0.0,0
09:57:49.549,188.462,FOCUSED,84.97,0.273,0.356,0.0,0,0,0.0,0
09:57:49.630,188.542,FOCUSED,84.97,0.298,0.361,0.0,0,0,0.0,0
09:57:49.751,188.664,FOCUSED,84.97,0.306,0.367,0.0,0,0,0.0,0
09:57:49.907,188.82,FOCUSED,84.97,0.311,0.367,0.0,0,0,0.0,0
09:57:49.988,188.901,FOCUSED,84.97,0.308,0.368,0.0,0,0,0.0,0
09:57:50.066,188.979,FOCUSED,84.97,0.295,0.371,0.0,0,0,0.0,0
09:57:50.148,189.061,FOCUSED,84.97,0.279,0.369,0.0,0,0,0.0,0
09:57:50.231,189.144,FOCUSED,84.97,0.293,0.368,0.0,0,0,0.0,0
09:57:50.318,189.231,FOCUSED,84.97,0.289,0.37,0.0,0,0,0.0,0
09:57:50.412,189.324,FOCUSED,84.97,0.301,0.373,0.0,0,0,0.0,0
09:57:50.498,189.411,FOCUSED,84.97,0.301,0.373,0.0,0,0,0.0,0
09:57:50.589,189.502,FOCUSED,84.97,0.297,0.373,0.0,0,0,0.0,0
09:57:50.684,189.597,FOCUSED,84.97,0.254,0.374,0.0,0,0,0.0,0
09:57:50.772,189.684,FOCUSED,84.97,0.253,0.376,0.0,0,0,0.0,0
09:57:50.852,189.765,FOCUSED,84.97,0.276,0.383,0.0,0,0,0.0,0
09:57:50.962,189.874,FOCUSED,84.97,0.292,0.381,0.0,0,0,0.0,0
09:57:51.056,189.968,FOCUSED,84.97,0.273,0.376,0.0,0,0,0.0,0
09:57:51.160,190.072,FOCUSED,84.97,0.304,0.376,0.0,0,0,0.0,0
09:57:51.241,190.153,FOCUSED,84.97,0.303,0.384,0.0,0,0,0.0,0
09:57:51.318,190.23,FOCUSED,84.97,0.284,0.382,0.0,0,0,0.0,0
09:57:51.400,190.313,FOCUSED,84.97,0.29,0.383,0.0,0,0,0.0,0
09:57:51.505,190.418,FOCUSED,84.97,0.292,0.391,0.0,0,0,0.0,0
09:57:51.589,190.502,FOCUSED,84.97,0.301,0.398,0.0,0,0,0.0,0
09:57:51.694,190.606,FOCUSED,84.97,0.306,0.401,0.0,0,0,0.0,0
09:57:51.788,190.7,FOCUSED,84.97,0.304,0.407,0.0,0,0,0.0,0
09:57:51.894,190.806,FOCUSED,84.97,0.302,0.415,0.0,0,0,0.0,0
09:57:51.997,190.91,FOCUSED,84.97,0.304,0.418,0.0,0,0,0.0,0
09:57:52.091,191.004,FOCUSED,84.97,0.305,0.414,0.0,0,0,0.0,0
09:57:52.202,191.115,FOCUSED,84.97,0.31,0.413,0.0,0,0,0.0,0
09:57:52.291,191.204,FOCUSED,84.97,0.317,0.41,0.0,0,0,0.0,0
09:57:52.378,191.291,FOCUSED,84.97,0.32,0.409,0.0,0,0,0.0,0
09:57:52.463,191.375,FOCUSED,84.97,0.325,0.403,0.0,0,0,0.0,0
09:57:52.546,191.459,FOCUSED,84.97,0.319,0.404,0.0,0,0,0.0,0
09:57:52.664,191.576,FOCUSED,84.97,0.308,0.409,0.0,0,0,0.0,0
09:57:52.775,191.688,FOCUSED,84.97,0.311,0.402,0.0,0,0,0.0,0
09:57:52.866,191.778,FOCUSED,84.97,0.315,0.401,0.0,0,0,0.0,0
09:57:52.940,191.852,FOCUSED,84.97,0.301,0.408,0.0,0,0,0.0,0
09:57:53.026,191.938,FOCUSED,84.97,0.311,0.408,0.0,0,0,0.0,0
09:57:53.112,192.024,FOCUSED,84.97,0.31,0.407,0.0,0,0,0.0,0
09:57:53.199,192.112,FOCUSED,84.97,0.311,0.404,0.0,0,0,0.0,0
09:57:53.303,192.216,FOCUSED,84.97,0.248,0.399,0.0,0,0,0.0,0
09:57:53.424,192.337,FOCUSED,84.97,0.31,0.408,0.0,0,0,0.0,0
09:57:53.512,192.424,FOCUSED,84.97,0.307,0.402,0.0,0,0,0.0,0
09:57:53.585,192.498,FOCUSED,84.97,0.255,0.389,0.0,0,0,0.0,0
09:57:53.692,192.605,FOCUSED,84.97,0.149,0.384,0.0,0,0,0.6,0
09:57:53.791,192.704,FOCUSED,84.97,0.282,0.396,0.0,0,0,0.0,0
09:57:53.917,192.83,FOCUSED,84.97,0.311,0.396,0.0,0,0,0.0,0
09:57:54.001,192.914,FOCUSED,84.97,0.319,0.399,0.0,0,0,0.0,0
09:57:54.082,192.994,FOCUSED,84.97,0.306,0.4,0.0,0,0,0.0,0
09:57:54.163,193.075,FOCUSED,84.97,0.315,0.395,0.0,0,0,0.0,0
09:57:54.272,193.185,FOCUSED,84.97,0.315,0.394,0.0,0,0,0.0,0
09:57:54.380,193.292,FOCUSED,84.97,0.315,0.392,0.0,0,0,0.0,0
09:57:54.471,193.383,FOCUSED,84.97,0.317,0.394,0.0,0,0,0.0,0
09:57:54.551,193.463,FOCUSED,84.97,0.316,0.396,0.268,1,0,0.0,0
09:57:54.650,193.563,FOCUSED,84.97,0.317,0.395,0.0,0,0,0.0,0
09:57:54.760,193.672,FOCUSED,84.97,0.317,0.395,0.0,0,0,0.0,0
09:57:54.850,193.762,FOCUSED,84.97,0.315,0.395,0.0,0,0,0.0,0
09:57:54.949,193.861,FOCUSED,84.97,0.319,0.396,0.0,0,0,0.0,0
09:57:55.050,193.963,FOCUSED,84.97,0.319,0.391,0.0,0,0,0.0,0
09:57:55.136,194.048,FOCUSED,84.97,0.331,0.388,0.0,0,0,0.0,0
09:57:55.233,194.146,FOCUSED,84.97,0.318,0.393,0.0,0,0,0.0,0
09:57:55.333,194.245,FOCUSED,84.97,0.319,0.393,0.0,0,0,0.0,0
09:57:55.437,194.35,FOCUSED,84.97,0.32,0.395,0.0,0,0,0.0,0
09:57:55.518,194.43,FOCUSED,84.97,0.312,0.395,0.0,0,0,0.0,0
09:57:55.625,194.538,FOCUSED,84.97,0.324,0.394,0.0,0,0,0.0,0
09:57:55.702,194.615,FOCUSED,84.97,0.321,0.394,0.0,0,0,0.0,0
09:57:55.799,194.711,FOCUSED,84.97,0.318,0.394,0.0,0,0,0.0,0
09:57:55.903,194.816,FOCUSED,84.97,0.318,0.387,0.0,0,0,0.0,0
09:57:56.005,194.917,FOCUSED,84.97,0.317,0.394,0.0,0,0,0.0,0
09:57:56.119,195.032,FOCUSED,84.97,0.304,0.39,0.0,0,0,0.0,0
09:57:56.223,195.136,FOCUSED,84.97,0.321,0.395,0.0,0,0,0.0,0
09:57:56.328,195.24,FOCUSED,84.97,0.328,0.397,0.0,0,0,0.0,0
09:57:56.448,195.361,FOCUSED,84.97,0.324,0.386,0.0,0,0,0.0,0
09:57:56.548,195.461,FOCUSED,84.97,0.329,0.393,0.0,0,0,0.0,0
09:57:56.634,195.547,FOCUSED,84.97,0.323,0.383,0.0,0,0,0.0,0
09:57:56.740,195.653,FOCUSED,84.97,0.325,0.376,0.0,0,0,0.0,0
09:57:56.837,195.75,FOCUSED,84.97,0.318,0.383,0.0,0,0,0.0,0
09:57:56.919,195.832,FOCUSED,84.97,0.303,0.375,0.0,0,0,0.0,0
09:57:57.021,195.933,FOCUSED,84.97,0.307,0.351,0.0,0,0,0.0,0
09:57:57.125,196.037,FOCUSED,84.97,0.306,0.341,0.0,0,0,0.0,0
09:57:57.216,196.129,FOCUSED,84.97,0.324,0.337,0.0,0,0,0.0,0
09:57:57.377,196.291,FOCUSED,84.97,0.33,0.326,0.0,0,0,0.0,0
09:57:57.478,196.39,FOCUSED,84.97,0.309,0.291,0.0,0,0,0.0,0
09:57:57.570,196.482,FOCUSED,84.97,0.3,0.26,0.314,1,0,0.0,0
09:57:57.642,196.555,FOCUSED,84.97,0.294,0.241,0.545,1,0,0.0,0
09:57:57.778,196.691,FOCUSED,84.97,0.293,0.235,0.0,0,0,0.0,0
09:57:57.883,196.795,FOCUSED,84.97,0.292,0.236,0.0,0,0,0.0,0
09:57:57.992,196.905,FOCUSED,84.97,0.308,0.242,0.292,1,0,0.0,0
09:57:58.096,197.009,FOCUSED,84.97,0.284,0.244,0.369,1,0,0.0,0
09:57:58.185,197.097,FOCUSED,84.97,0.299,0.249,0.0,0,0,0.0,0
09:57:58.285,197.197,FOCUSED,84.97,0.31,0.265,0.0,0,0,0.0,0
09:57:58.378,197.29,FOCUSED,84.97,0.315,0.289,0.0,0,0,0.0,0
09:57:58.474,197.386,FOCUSED,84.97,0.315,0.315,0.0,0,0,0.0,0
09:57:58.569,197.482,FOCUSED,84.97,0.315,0.346,0.0,0,0,0.0,0
09:57:58.664,197.577,FOCUSED,84.97,0.316,0.378,0.0,0,0,0.0,0
09:57:58.784,197.696,FOCUSED,84.97,0.298,0.377,0.0,0,0,0.0,0
09:57:58.916,197.828,FOCUSED,84.97,0.291,0.383,0.0,0,0,0.0,0
09:57:59.000,197.913,FOCUSED,84.97,0.308,0.39,0.0,0,0,0.0,0
09:57:59.086,197.999,FOCUSED,84.97,0.29,0.397,0.0,0,0,0.0,0
09:57:59.177,198.089,FOCUSED,84.97,0.295,0.405,0.0,0,0,0.0,0
09:57:59.254,198.166,FOCUSED,84.97,0.3,0.404,0.0,0,0,0.0,0
09:57:59.327,198.24,FOCUSED,84.97,0.301,0.404,0.0,0,0,0.0,0
09:57:59.412,198.325,FOCUSED,84.97,0.303,0.403,0.0,0,0,0.0,0
09:57:59.499,198.412,FOCUSED,84.97,0.296,0.405,0.0,0,0,0.0,0
09:57:59.572,198.484,FOCUSED,84.97,0.295,0.406,0.0,0,0,0.0,0
09:57:59.647,198.56,FOCUSED,84.97,0.293,0.405,0.0,0,0,0.0,0
09:57:59.722,198.635,FOCUSED,84.97,0.287,0.405,0.0,0,0,0.0,0
09:57:59.800,198.712,FOCUSED,84.97,0.294,0.409,0.0,0,0,0.0,0
09:57:59.871,198.783,FOCUSED,84.97,0.294,0.41,0.0,0,0,0.0,0
09:57:59.954,198.866,FOCUSED,84.97,0.289,0.415,0.0,0,0,0.0,0
09:58:00.033,198.945,FOCUSED,84.97,0.287,0.418,0.0,0,0,0.0,0
09:58:00.107,199.019,FOCUSED,84.97,0.285,0.419,0.0,0,0,0.0,0
09:58:00.195,199.107,FOCUSED,84.97,0.29,0.421,0.0,0,0,0.0,0
09:58:00.281,199.193,FOCUSED,84.97,0.284,0.419,0.0,0,0,0.0,0
09:58:00.366,199.279,FOCUSED,84.97,0.284,0.42,0.0,0,0,0.0,0
09:58:00.448,199.36,FOCUSED,84.97,0.289,0.426,0.0,0,0,0.0,0
09:58:00.518,199.431,FOCUSED,84.97,0.295,0.419,0.0,0,0,0.0,0
09:58:00.604,199.516,FOCUSED,84.97,0.281,0.423,0.0,0,0,0.0,0
09:58:00.691,199.603,FOCUSED,84.97,0.283,0.422,0.0,0,0,0.0,0
09:58:00.780,199.693,FOCUSED,84.97,0.283,0.421,0.0,0,0,0.0,0
09:58:00.896,199.809,FOCUSED,84.97,0.288,0.422,0.0,0,0,0.0,0
09:58:00.992,199.905,FOCUSED,84.97,0.286,0.42,0.0,0,0,0.0,0
09:58:01.080,199.992,FOCUSED,84.97,0.288,0.416,0.0,0,0,0.0,0
09:58:01.176,200.088,FOCUSED,84.97,0.282,0.414,0.0,0,0,0.0,0
09:58:01.262,200.174,FOCUSED,84.97,0.289,0.423,0.0,0,0,0.0,0
09:58:01.351,200.263,FOCUSED,84.97,0.281,0.406,0.0,0,0,0.0,0
09:58:01.441,200.353,FOCUSED,84.97,0.29,0.424,0.0,0,0,0.0,0
09:58:01.546,200.459,FOCUSED,84.97,0.292,0.423,0.0,0,0,0.0,0
09:58:01.629,200.542,FOCUSED,84.97,0.297,0.42,0.0,0,0,0.0,0
09:58:01.729,200.641,FOCUSED,84.97,0.292,0.414,0.0,0,0,0.0,0
09:58:01.817,200.73,FOCUSED,84.97,0.29,0.421,0.0,0,0,0.0,0
09:58:01.926,200.839,FOCUSED,84.97,0.285,0.437,0.0,0,0,0.0,0
09:58:02.031,200.943,FOCUSED,84.97,0.289,0.437,0.0,0,0,0.0,0
09:58:02.137,201.05,FOCUSED,84.97,0.292,0.423,0.0,0,0,0.0,0
09:58:02.220,201.132,FOCUSED,84.97,0.29,0.419,0.0,0,0,0.0,0
09:58:02.299,201.212,FOCUSED,84.97,0.287,0.42,0.0,0,0,0.0,0
09:58:02.380,201.292,FOCUSED,84.97,0.282,0.42,0.0,0,0,0.0,0
09:58:02.452,201.365,FOCUSED,84.97,0.286,0.417,0.0,0,0,0.0,0
09:58:02.529,201.442,FOCUSED,84.97,0.28,0.425,0.0,0,0,0.0,0
09:58:02.634,201.547,FOCUSED,84.97,0.098,0.413,0.0,0,0,0.6,0
09:58:02.717,201.63,FOCUSED,84.97,0.245,0.419,0.0,0,0,0.0,0
09:58:02.803,201.716,FOCUSED,84.97,0.28,0.423,0.0,0,0,0.0,0
09:58:02.881,201.794,FOCUSED,84.97,0.29,0.429,0.0,0,0,0.0,0
09:58:02.971,201.884,FOCUSED,84.97,0.3,0.431,0.0,0,0,0.0,0
09:58:03.066,201.979,FOCUSED,84.97,0.302,0.431,0.0,0,0,0.0,0
09:58:03.143,202.056,FOCUSED,84.97,0.294,0.429,0.0,0,0,0.0,0
09:58:03.217,202.13,FOCUSED,84.97,0.312,0.431,0.0,0,0,0.0,0
09:58:03.299,202.211,FOCUSED,84.97,0.318,0.432,0.0,0,0,0.0,0
09:58:03.375,202.288,FOCUSED,84.97,0.317,0.435,0.0,0,0,0.0,0
09:58:03.448,202.36,FOCUSED,84.97,0.308,0.442,0.0,0,0,0.0,0
09:58:03.512,202.425,FOCUSED,84.97,0.318,0.442,0.0,0,0,0.0,0
09:58:03.582,202.494,FOCUSED,84.97,0.314,0.439,0.0,0,0,0.0,0
09:58:03.650,202.562,FOCUSED,84.97,0.318,0.441,0.0,0,0,0.0,0
09:58:03.717,202.63,FOCUSED,84.97,0.312,0.439,0.0,0,0,0.0,0
09:58:03.786,202.699,FOCUSED,84.97,0.308,0.437,0.0,0,0,0.0,0
09:58:03.858,202.771,FOCUSED,84.97,0.312,0.437,0.0,0,0,0.0,0
09:58:03.925,202.837,FOCUSED,84.97,0.319,0.434,0.0,0,0,0.0,0
09:58:04.008,202.92,FOCUSED,84.97,0.315,0.426,0.0,0,0,0.0,0
09:58:04.073,202.985,FOCUSED,84.97,0.317,0.425,0.0,0,0,0.0,0
09:58:04.155,203.068,FOCUSED,84.97,0.319,0.425,0.0,0,0,0.0,0
09:58:04.233,203.146,FOCUSED,84.97,0.324,0.433,0.0,0,0,0.0,0
09:58:04.314,203.226,FOCUSED,84.97,0.327,0.433,0.0,0,0,0.0,0
09:58:04.377,203.289,FOCUSED,84.97,0.311,0.436,0.0,0,0,0.0,0
09:58:04.445,203.358,FOCUSED,84.97,0.317,0.433,0.0,0,0,0.0,0
09:58:04.515,203.428,FOCUSED,84.97,0.309,0.437,0.0,0,0,0.0,0
09:58:04.578,203.49,FOCUSED,84.97,0.311,0.436,0.0,0,0,0.0,0
09:58:04.644,203.556,FOCUSED,84.97,0.302,0.44,0.0,0,0,0.0,0
09:58:04.710,203.623,FOCUSED,84.97,0.303,0.445,0.0,0,0,0.0,0
09:58:04.777,203.69,FOCUSED,84.97,0.285,0.441,0.0,0,0,0.0,0
09:58:04.842,203.755,FOCUSED,84.97,0.245,0.443,0.0,0,0,0.0,0
09:58:04.907,203.819,FOCUSED,84.97,0.137,0.437,0.0,0,0,0.6,0
09:58:04.974,203.886,FOCUSED,84.97,0.098,0.44,0.0,0,0,0.6,0
09:58:05.035,203.947,FOCUSED,84.97,0.091,0.443,0.0,0,0,0.6,0
09:58:05.102,204.015,FOCUSED,84.97,0.076,0.44,0.0,0,0,0.6,0
09:58:05.162,204.075,FOCUSED,84.97,0.074,0.439,0.0,0,0,0.6,0
09:58:05.230,204.143,FOCUSED,84.97,0.073,0.441,0.0,0,0,0.6,0
09:58:05.295,204.208,FOCUSED,84.97,0.076,0.438,0.0,0,0,0.6,0
09:58:05.363,204.276,FOCUSED,84.97,0.078,0.438,0.0,0,0,0.6,0
09:58:05.427,204.339,FOCUSED,84.97,0.073,0.443,0.0,0,0,0.6,0
09:58:05.489,204.402,FOCUSED,84.97,0.092,0.44,0.0,0,0,0.6,0
09:58:05.551,204.464,FOCUSED,84.97,0.259,0.452,0.0,0,0,0.0,0
