timestamp,elapsed_sec,state,score,ear,pitch,phone_conf,hand_interaction,raw_absent,drowsy_score,phone_in_use
20:18:48.766,3.894,FOCUSED,100.0,0.275,0.375,0.0,0,0,0.0,0
20:18:48.882,4.009,FOCUSED,100.0,0.267,0.378,0.0,0,0,0.0,0
20:18:48.944,4.072,FOCUSED,100.0,0.26,0.373,0.0,0,0,0.0,0
20:18:49.002,4.129,FOCUSED,100.0,0.256,0.374,0.0,0,0,0.0,0
20:18:49.069,4.196,FOCUSED,100.0,0.256,0.372,0.0,0,0,0.0,0
20:18:49.128,4.256,FOCUSED,100.0,0.257,0.374,0.0,0,0,0.0,0
20:18:49.193,4.321,FOCUSED,100.0,0.261,0.374,0.0,0,0,0.0,0
20:18:49.253,4.38,FOCUSED,100.0,0.263,0.374,0.0,0,0,0.0,0
20:18:49.317,4.445,FOCUSED,100.0,0.26,0.37,0.0,0,0,0.0,0
20:18:49.382,4.509,FOCUSED,100.0,0.088,0.369,0.0,0,0,0.6,0
20:18:49.442,4.569,FOCUSED,100.0,0.171,0.371,0.0,0,0,0.6,0
20:18:49.502,4.629,FOCUSED,100.0,0.257,0.384,0.0,0,0,0.0,0
20:18:49.560,4.688,FOCUSED,100.0,0.269,0.394,0.0,0,0,0.0,0
20:18:49.619,4.747,FOCUSED,100.0,0.259,0.399,0.0,0,0,0.0,0
20:18:49.682,4.81,FOCUSED,100.0,0.274,0.403,0.0,0,0,0.0,0
20:18:49.740,4.868,FOCUSED,100.0,0.282,0.404,0.0,0,0,0.0,0
20:18:49.804,4.931,FOCUSED,100.0,0.289,0.401,0.0,0,0,0.0,0
20:18:49.863,4.991,FOCUSED,100.0,0.287,0.402,0.0,0,0,0.0,0
20:18:49.922,5.05,FOCUSED,100.0,0.275,0.396,0.0,0,0,0.0,0
20:18:49.983,5.111,FOCUSED,100.0,0.284,0.392,0.0,0,0,0.0,0
20:18:50.041,5.168,FOCUSED,100.0,0.279,0.388,0.0,0,0,0.0,0
20:18:50.099,5.227,FOCUSED,100.0,0.293,0.385,0.0,0,0,0.0,0
20:18:50.157,5.285,FOCUSED,100.0,0.285,0.38,0.0,0,0,0.0,0
20:18:50.216,5.344,FOCUSED,100.0,0.287,0.381,0.0,0,0,0.0,0
20:18:50.268,5.395,FOCUSED,100.0,0.285,0.379,0.0,0,0,0.0,0
20:18:50.328,5.455,FOCUSED,100.0,0.289,0.381,0.0,0,0,0.0,0
20:18:50.383,5.511,FOCUSED,100.0,0.281,0.382,0.0,0,0,0.0,0
20:18:50.441,5.569,FOCUSED,100.0,0.289,0.382,0.0,0,0,0.0,0
20:18:50.499,5.627,FOCUSED,100.0,0.283,0.38,0.0,0,0,0.0,0
20:18:50.552,5.679,FOCUSED,100.0,0.285,0.383,0.0,0,0,0.0,0
20:18:50.609,5.736,FOCUSED,100.0,0.286,0.381,0.0,0,0,0.0,0
20:18:50.664,5.792,FOCUSED,100.0,0.276,0.379,0.0,0,0,0.0,0
20:18:50.716,5.844,FOCUSED,100.0,0.279,0.378,0.0,0,0,0.0,0
20:18:50.771,5.898,FOCUSED,100.0,0.282,0.379,0.0,0,0,0.0,0
20:18:50.830,5.957,FOCUSED,100.0,0.286,0.379,0.0,0,0,0.0,0
20:18:50.888,6.015,FOCUSED,100.0,0.287,0.38,0.0,0,0,0.0,0
20:18:50.943,6.071,FOCUSED,100.0,0.281,0.379,0.0,0,0,0.0,0
20:18:51.000,6.127,FOCUSED,100.0,0.281,0.383,0.0,0,0,0.0,0
20:18:51.054,6.181,FOCUSED,100.0,0.274,0.383,0.0,0,0,0.0,0
20:18:51.111,6.239,FOCUSED,100.0,0.274,0.383,0.0,0,0,0.0,0
20:18:51.166,6.294,FOCUSED,100.0,0.273,0.383,0.0,0,0,0.0,0
20:18:51.222,6.35,FOCUSED,100.0,0.277,0.38,0.0,0,0,0.0,0
20:18:51.278,6.405,FOCUSED,100.0,0.282,0.38,0.0,0,0,0.0,0
20:18:51.336,6.463,FOCUSED,100.0,0.284,0.378,0.0,0,0,0.0,0
20:18:51.397,6.525,FOCUSED,100.0,0.283,0.377,0.0,0,0,0.0,0
20:18:51.458,6.585,FOCUSED,100.0,0.278,0.379,0.0,0,0,0.0,0
20:18:51.508,6.635,FOCUSED,100.0,0.28,0.38,0.0,0,0,0.0,0
20:18:51.566,6.694,FOCUSED,100.0,0.281,0.379,0.0,0,0,0.0,0
20:18:51.620,6.747,FOCUSED,100.0,0.276,0.375,0.0,0,0,0.0,0
20:18:51.678,6.806,FOCUSED,100.0,0.278,0.376,0.0,0,0,0.0,0
20:18:51.741,6.868,FOCUSED,100.0,0.273,0.382,0.0,0,0,0.0,0
20:18:51.797,6.924,FOCUSED,100.0,0.274,0.38,0.0,0,0,0.0,0
20:18:51.856,6.984,FOCUSED,100.0,0.273,0.374,0.0,0,0,0.0,0
20:18:51.916,7.044,FOCUSED,100.0,0.273,0.372,0.0,0,0,0.0,0
20:18:51.973,7.1,FOCUSED,100.0,0.27,0.377,0.0,0,0,0.0,0
20:18:52.030,7.158,FOCUSED,100.0,0.269,0.377,0.0,0,0,0.0,0
20:18:52.090,7.218,FOCUSED,100.0,0.27,0.376,0.0,0,0,0.0,0
20:18:52.147,7.275,FOCUSED,100.0,0.267,0.374,0.0,0,0,0.0,0
20:18:52.203,7.331,FOCUSED,100.0,0.268,0.371,0.0,0,0,0.0,0
20:18:52.260,7.388,FOCUSED,100.0,0.262,0.368,0.0,0,0,0.0,0
20:18:52.319,7.446,FOCUSED,100.0,0.264,0.367,0.0,0,0,0.0,0
20:18:52.374,7.502,FOCUSED,100.0,0.263,0.365,0.0,0,0,0.0,0
20:18:52.428,7.555,FOCUSED,100.0,0.265,0.361,0.0,0,0,0.0,0
20:18:52.485,7.613,FOCUSED,100.0,0.265,0.357,0.0,0,0,0.0,0
20:18:52.543,7.671,FOCUSED,100.0,0.262,0.358,0.0,0,0,0.0,0
20:18:52.603,7.73,FOCUSED,100.0,0.26,0.359,0.0,0,0,0.0,0
20:18:52.659,7.787,FOCUSED,100.0,0.26,0.359,0.0,0,0,0.0,0
20:18:52.715,7.842,FOCUSED,100.0,0.26,0.359,0.0,0,0,0.0,0
20:18:52.788,7.915,FOCUSED,100.0,0.26,0.358,0.0,0,0,0.0,0
20:18:52.858,7.986,FOCUSED,100.0,0.261,0.357,0.0,0,0,0.0,0
20:18:52.940,8.068,FOCUSED,100.0,0.261,0.355,0.0,0,0,0.0,0
20:18:53.039,8.167,FOCUSED,100.0,0.259,0.357,0.0,0,0,0.0,0
20:18:53.130,8.257,FOCUSED,100.0,0.259,0.355,0.0,0,0,0.0,0
20:18:53.218,8.345,FOCUSED,100.0,0.271,0.359,0.0,0,0,0.0,0
20:18:53.319,8.447,FOCUSED,100.0,0.273,0.361,0.0,0,0,0.0,0
20:18:53.411,8.538,FOCUSED,100.0,0.278,0.362,0.0,0,0,0.0,0
20:18:53.511,8.639,FOCUSED,100.0,0.276,0.364,0.0,0,0,0.0,0
20:18:53.604,8.732,FOCUSED,100.0,0.283,0.364,0.0,0,0,0.0,0
20:18:53.698,8.825,FOCUSED,100.0,0.286,0.364,0.0,0,0,0.0,0
20:18:53.805,8.932,FOCUSED,100.0,0.291,0.363,0.0,0,0,0.0,0
20:18:53.924,9.051,FOCUSED,100.0,0.287,0.364,0.0,0,0,0.0,0
20:18:54.038,9.165,FOCUSED,100.0,0.277,0.368,0.0,0,0,0.0,0
20:18:54.143,9.27,FOCUSED,100.0,0.287,0.368,0.0,0,0,0.0,0
20:18:54.241,9.369,FOCUSED,100.0,0.307,0.365,0.0,0,0,0.0,0
20:18:54.357,9.485,FOCUSED,100.0,0.3,0.367,0.0,0,0,0.0,0
20:18:54.454,9.582,FOCUSED,100.0,0.303,0.368,0.0,0,0,0.0,0
20:18:54.559,9.687,FOCUSED,100.0,0.278,0.368,0.0,0,0,0.0,0
20:18:54.660,9.787,FOCUSED,100.0,0.282,0.367,0.0,0,0,0.0,0
20:18:54.762,9.89,FOCUSED,100.0,0.279,0.367,0.0,0,0,0.0,0
20:18:54.856,9.983,FOCUSED,100.0,0.287,0.366,0.0,0,0,0.0,0
20:18:54.946,10.073,FOCUSED,100.0,0.286,0.369,0.0,0,0,0.0,0
20:18:55.051,10.179,FOCUSED,100.0,0.292,0.369,0.0,0,0,0.0,0
20:18:55.144,10.271,FOCUSED,100.0,0.294,0.366,0.0,0,0,0.0,0
20:18:55.244,10.372,FOCUSED,100.0,0.288,0.367,0.0,0,0,0.0,0
20:18:55.339,10.466,FOCUSED,100.0,0.287,0.367,0.0,0,0,0.0,0
20:18:55.435,10.562,FOCUSED,100.0,0.286,0.367,0.0,0,0,0.0,0
20:18:55.552,10.679,FOCUSED,100.0,0.288,0.367,0.0,0,0,0.0,0
20:18:55.673,10.801,FOCUSED,100.0,0.289,0.365,0.0,0,0,0.0,0
20:18:55.802,10.929,FOCUSED,100.0,0.291,0.365,0.0,0,0,0.0,0
20:18:55.886,11.014,FOCUSED,100.0,0.122,0.353,0.0,0,0,0.6,0
20:18:55.978,11.106,FOCUSED,100.0,0.235,0.36,0.0,0,0,0.0,0
20:18:56.069,11.196,FOCUSED,100.0,0.256,0.358,0.0,0,0,0.0,0
20:18:56.145,11.272,FOCUSED,100.0,0.257,0.361,0.0,0,0,0.0,0
20:18:56.242,11.369,FOCUSED,100.0,0.26,0.362,0.0,0,0,0.0,0
20:18:56.342,11.469,FOCUSED,100.0,0.262,0.363,0.0,0,0,0.0,0
20:18:56.430,11.558,FOCUSED,100.0,0.258,0.364,0.0,0,0,0.0,0
20:18:56.546,11.674,FOCUSED,100.0,0.261,0.363,0.0,0,0,0.0,0
20:18:56.642,11.769,FOCUSED,100.0,0.257,0.362,0.0,0,0,0.0,0
20:18:56.741,11.868,FOCUSED,100.0,0.261,0.362,0.0,0,0,0.0,0
20:18:56.859,11.987,FOCUSED,100.0,0.261,0.361,0.0,0,0,0.0,0
20:18:56.992,12.12,FOCUSED,100.0,0.262,0.36,0.0,0,0,0.0,0
20:18:57.090,12.218,FOCUSED,100.0,0.255,0.362,0.0,0,0,0.0,0
20:18:57.206,12.333,FOCUSED,100.0,0.255,0.363,0.0,0,0,0.0,0
20:18:57.304,12.431,FOCUSED,100.0,0.259,0.363,0.0,0,0,0.0,0
20:18:57.419,12.546,FOCUSED,100.0,0.257,0.362,0.0,0,0,0.0,0
20:18:57.526,12.654,FOCUSED,100.0,0.258,0.359,0.0,0,0,0.0,0
20:18:57.628,12.755,FOCUSED,100.0,0.26,0.361,0.0,0,0,0.0,0
20:18:57.722,12.85,FOCUSED,100.0,0.258,0.362,0.0,0,0,0.0,0
20:18:57.803,12.932,FOCUSED,100.0,0.259,0.362,0.0,0,0,0.0,0
20:18:57.897,13.025,FOCUSED,100.0,0.246,0.369,0.0,0,0,0.0,0
20:18:58.016,13.144,FOCUSED,100.0,0.255,0.366,0.0,0,0,0.0,0
20:18:58.114,13.242,FOCUSED,100.0,0.258,0.368,0.0,0,0,0.0,0
20:18:58.204,13.331,FOCUSED,100.0,0.258,0.368,0.0,0,0,0.0,0
20:18:58.302,13.429,FOCUSED,100.0,0.248,0.371,0.0,0,0,0.0,0
20:18:58.383,13.511,FOCUSED,100.0,0.249,0.37,0.0,0,0,0.0,0
20:18:58.482,13.61,FOCUSED,100.0,0.251,0.369,0.0,0,0,0.0,0
20:18:58.580,13.707,FOCUSED,100.0,0.256,0.369,0.0,0,0,0.0,0
20:18:58.674,13.801,FOCUSED,100.0,0.253,0.369,0.0,0,0,0.0,0
20:18:58.760,13.887,FOCUSED,100.0,0.254,0.367,0.0,0,0,0.0,0
20:18:58.866,13.994,FOCUSED,100.0,0.256,0.367,0.0,0,0,0.0,0
20:18:58.957,14.085,FOCUSED,100.0,0.257,0.369,0.0,0,0,0.0,0
20:18:59.074,14.201,FOCUSED,100.0,0.253,0.368,0.0,0,0,0.0,0
20:18:59.175,14.303,FOCUSED,100.0,0.258,0.368,0.0,0,0,0.0,0
20:18:59.291,14.419,FOCUSED,100.0,0.256,0.372,0.0,0,0,0.0,0
20:18:59.397,14.525,FOCUSED,100.0,0.254,0.369,0.0,0,0,0.0,0
20:18:59.506,14.634,FOCUSED,100.0,0.253,0.37,0.0,0,0,0.0,0
20:18:59.603,14.731,FOCUSED,100.0,0.259,0.37,0.0,0,0,0.0,0
20:18:59.707,14.835,FOCUSED,100.0,0.267,0.368,0.0,0,0,0.0,0
20:18:59.802,14.93,FOCUSED,100.0,0.28,0.369,0.0,0,0,0.0,0
20:18:59.926,15.054,FOCUSED,100.0,0.279,0.37,0.0,0,0,0.0,0
20:19:00.085,15.213,FOCUSED,100.0,0.283,0.369,0.0,0,0,0.0,0
20:19:00.228,15.355,FOCUSED,100.0,0.277,0.369,0.0,0,0,0.0,0
20:19:00.333,15.46,FOCUSED,100.0,0.277,0.37,0.0,0,0,0.0,0
20:19:00.462,15.59,FOCUSED,100.0,0.275,0.369,0.0,0,0,0.0,0
20:19:00.561,15.688,FOCUSED,100.0,0.278,0.371,0.0,0,0,0.0,0
20:19:00.657,15.785,FOCUSED,100.0,0.268,0.37,0.0,0,0,0.0,0
20:19:00.756,15.884,FOCUSED,100.0,0.261,0.37,0.0,0,0,0.0,0
20:19:00.863,15.99,FOCUSED,100.0,0.261,0.372,0.0,0,0,0.0,0
20:19:00.958,16.086,FOCUSED,100.0,0.266,0.372,0.0,0,0,0.0,0
20:19:01.062,16.189,FOCUSED,100.0,0.267,0.371,0.0,0,0,0.0,0
20:19:01.176,16.304,FOCUSED,100.0,0.269,0.371,0.0,0,0,0.0,0
20:19:01.273,16.402,FOCUSED,100.0,0.263,0.371,0.0,0,0,0.0,0
20:19:01.384,16.511,FOCUSED,100.0,0.267,0.371,0.0,0,0,0.0,0
20:19:01.497,16.625,FOCUSED,100.0,0.264,0.371,0.0,0,0,0.0,0
20:19:01.596,16.724,FOCUSED,100.0,0.261,0.371,0.0,0,0,0.0,0
20:19:01.714,16.841,FOCUSED,100.0,0.263,0.37,0.0,0,0,0.0,0
20:19:01.831,16.959,FOCUSED,100.0,0.263,0.371,0.0,0,0,0.0,0
20:19:01.934,17.061,FOCUSED,100.0,0.267,0.372,0.0,0,0,0.0,0
20:19:02.021,17.148,FOCUSED,100.0,0.264,0.37,0.0,0,0,0.0,0
20:19:02.114,17.242,FOCUSED,100.0,0.265,0.37,0.0,0,0,0.0,0
20:19:02.224,17.352,FOCUSED,100.0,0.263,0.369,0.0,0,0,0.0,0
20:19:02.344,17.472,FOCUSED,100.0,0.267,0.367,0.0,0,0,0.0,0
20:19:02.461,17.588,FOCUSED,100.0,0.266,0.367,0.0,0,0,0.0,0
20:19:02.562,17.689,FOCUSED,100.0,0.269,0.367,0.0,0,0,0.0,0
20:19:02.671,17.798,FOCUSED,100.0,0.266,0.37,0.0,0,0,0.0,0
20:19:02.771,17.898,FOCUSED,100.0,0.261,0.369,0.0,0,0,0.0,0
20:19:02.882,18.01,FOCUSED,100.0,0.259,0.369,0.0,0,0,0.0,0
20:19:02.967,18.094,FOCUSED,100.0,0.241,0.369,0.0,0,0,0.0,0
20:19:03.066,18.194,FOCUSED,100.0,0.248,0.365,0.0,0,0,0.0,0
20:19:03.169,18.297,FOCUSED,100.0,0.261,0.362,0.0,0,0,0.0,0
20:19:03.259,18.386,FOCUSED,100.0,0.268,0.352,0.0,0,0,0.0,0
20:19:03.358,18.485,FOCUSED,100.0,0.265,0.342,0.0,0,0,0.0,0
20:19:03.450,18.577,FOCUSED,100.0,0.274,0.337,0.0,0,0,0.0,0
20:19:03.566,18.694,FOCUSED,100.0,0.266,0.34,0.0,0,0,0.0,0
20:19:03.677,18.805,FOCUSED,100.0,0.269,0.336,0.0,0,0,0.0,0
20:19:03.793,18.921,FOCUSED,100.0,0.257,0.332,0.0,0,0,0.0,0
20:19:03.879,19.007,FOCUSED,100.0,0.255,0.338,0.0,0,0,0.0,0
20:19:03.994,19.121,FOCUSED,100.0,0.253,0.337,0.0,0,0,0.0,0
20:19:04.083,19.21,FOCUSED,100.0,0.255,0.338,0.0,0,0,0.0,0
20:19:04.198,19.326,FOCUSED,100.0,0.26,0.337,0.0,0,0,0.0,0
20:19:04.304,19.432,FOCUSED,100.0,0.263,0.338,0.0,0,0,0.0,0
20:19:04.396,19.523,FOCUSED,100.0,0.26,0.339,0.0,0,0,0.0,0
20:19:04.496,19.624,FOCUSED,100.0,0.254,0.339,0.0,0,0,0.0,0
20:19:04.590,19.718,FOCUSED,100.0,0.189,0.333,0.0,0,0,0.0,0
20:19:04.677,19.804,FOCUSED,100.0,0.017,0.332,0.0,0,0,0.6,0
20:19:04.788,19.915,FOCUSED,100.0,0.23,0.339,0.0,0,0,0.0,0
20:19:04.898,20.026,FOCUSED,100.0,0.25,0.346,0.0,0,0,0.0,0
20:19:04.981,20.109,FOCUSED,100.0,0.251,0.342,0.0,0,0,0.0,0
20:19:05.104,20.231,FOCUSED,100.0,0.255,0.342,0.0,0,0,0.0,0
20:19:05.219,20.347,FOCUSED,100.0,0.255,0.345,0.0,0,0,0.0,0
20:19:05.315,20.443,FOCUSED,100.0,0.262,0.344,0.0,0,0,0.0,0
20:19:05.405,20.532,FOCUSED,100.0,0.256,0.341,0.0,0,0,0.0,0
20:19:05.513,20.641,FOCUSED,100.0,0.257,0.341,0.0,0,0,0.0,0
20:19:05.627,20.754,FOCUSED,100.0,0.258,0.341,0.0,0,0,0.0,0
20:19:05.718,20.845,FOCUSED,100.0,0.254,0.342,0.0,0,0,0.0,0
20:19:05.807,20.934,FOCUSED,100.0,0.26,0.344,0.0,0,0,0.0,0
20:19:05.925,21.053,FOCUSED,100.0,0.254,0.34,0.0,0,0,0.0,0
20:19:06.043,21.17,FOCUSED,100.0,0.251,0.339,0.0,0,0,0.0,0
20:19:06.171,21.298,FOCUSED,100.0,0.259,0.344,0.0,0,0,0.0,0
20:19:06.304,21.432,FOCUSED,100.0,0.256,0.345,0.0,0,0,0.0,0
20:19:06.424,21.552,FOCUSED,100.0,0.255,0.343,0.0,0,0,0.0,0
20:19:06.524,21.652,FOCUSED,100.0,0.255,0.34,0.0,0,0,0.0,0
20:19:06.623,21.75,FOCUSED,100.0,0.262,0.341,0.0,0,0,0.0,0
20:19:06.721,21.849,FOCUSED,100.0,0.26,0.345,0.0,0,0,0.0,0
20:19:06.833,21.96,FOCUSED,100.0,0.263,0.345,0.0,0,0,0.0,0
20:19:06.938,22.066,FOCUSED,100.0,0.265,0.346,0.0,0,0,0.0,0
20:19:07.026,22.153,FOCUSED,100.0,0.265,0.347,0.0,0,0,0.0,0
20:19:07.129,22.256,FOCUSED,100.0,0.26,0.342,0.0,0,0,0.0,0
20:19:07.215,22.343,FOCUSED,100.0,0.259,0.344,0.0,0,0,0.0,0
20:19:07.314,22.442,FOCUSED,100.0,0.258,0.344,0.0,0,0,0.0,0
20:19:07.414,22.542,FOCUSED,100.0,0.266,0.341,0.0,0,0,0.0,0
20:19:07.531,22.658,FOCUSED,100.0,0.259,0.342,0.0,0,0,0.0,0
20:19:07.627,22.755,FOCUSED,100.0,0.26,0.343,0.0,0,0,0.0,0
20:19:07.719,22.847,FOCUSED,100.0,0.268,0.343,0.0,0,0,0.0,0
20:19:07.813,22.941,FOCUSED,100.0,0.259,0.343,0.0,0,0,0.0,0
20:19:07.908,23.036,FOCUSED,100.0,0.259,0.339,0.0,0,0,0.0,0
20:19:07.994,23.121,FOCUSED,100.0,0.259,0.338,0.0,0,0,0.0,0
20:19:08.103,23.231,FOCUSED,100.0,0.262,0.346,0.0,0,0,0.0,0
20:19:08.200,23.327,FOCUSED,100.0,0.26,0.342,0.0,0,0,0.0,0
20:19:08.286,23.414,FOCUSED,100.0,0.263,0.344,0.0,0,0,0.0,0
20:19:08.367,23.494,FOCUSED,100.0,0.265,0.342,0.0,0,0,0.0,0
20:19:08.464,23.592,FOCUSED,100.0,0.269,0.346,0.0,0,0,0.0,0
20:19:08.580,23.707,FOCUSED,100.0,0.262,0.346,0.0,0,0,0.0,0
20:19:08.693,23.82,FOCUSED,100.0,0.267,0.344,0.0,0,0,0.0,0
20:19:08.822,23.949,FOCUSED,100.0,0.26,0.34,0.0,0,0,0.0,0
20:19:08.914,24.042,FOCUSED,100.0,0.257,0.342,0.0,0,0,0.0,0
20:19:09.011,24.139,FOCUSED,100.0,0.261,0.342,0.0,0,0,0.0,0
20:19:09.109,24.237,FOCUSED,100.0,0.269,0.342,0.0,0,0,0.0,0
20:19:09.229,24.356,FOCUSED,100.0,0.264,0.34,0.0,0,0,0.0,0
20:19:09.325,24.452,FOCUSED,100.0,0.259,0.342,0.0,0,0,0.0,0
20:19:09.425,24.553,FOCUSED,100.0,0.271,0.342,0.0,0,0,0.0,0
20:19:09.528,24.655,FOCUSED,100.0,0.026,0.337,0.0,0,0,0.6,0
20:19:09.628,24.756,FOCUSED,100.0,0.231,0.34,0.0,0,0,0.0,0
20:19:09.744,24.872,FOCUSED,100.0,0.245,0.342,0.0,0,0,0.0,0
20:19:09.878,25.006,FOCUSED,100.0,0.259,0.344,0.0,0,0,0.0,0
20:19:10.010,25.138,FOCUSED,100.0,0.267,0.344,0.0,0,0,0.0,0
20:19:10.145,25.272,FOCUSED,100.0,0.264,0.344,0.0,0,0,0.0,0
20:19:10.269,25.396,FOCUSED,100.0,0.265,0.347,0.0,0,0,0.0,0
20:19:10.366,25.494,FOCUSED,100.0,0.267,0.343,0.0,0,0,0.0,0
20:19:10.468,25.596,FOCUSED,100.0,0.271,0.349,0.0,0,0,0.0,0
20:19:10.575,25.702,FOCUSED,100.0,0.267,0.348,0.0,0,0,0.0,0
20:19:10.671,25.8,FOCUSED,100.0,0.268,0.35,0.0,0,0,0.0,0
20:19:10.756,25.883,FOCUSED,100.0,0.272,0.348,0.0,0,0,0.0,0
20:19:10.856,25.984,FOCUSED,100.0,0.267,0.348,0.0,0,0,0.0,0
20:19:10.965,26.092,FOCUSED,100.0,0.262,0.347,0.0,0,0,0.0,0
20:19:11.064,26.192,FOCUSED,100.0,0.265,0.347,0.0,0,0,0.0,0
20:19:11.158,26.286,FOCUSED,100.0,0.268,0.345,0.0,0,0,0.0,0
20:19:11.256,26.384,FOCUSED,100.0,0.267,0.345,0.0,0,0,0.0,0
20:19:11.351,26.479,FOCUSED,100.0,0.261,0.346,0.0,0,0,0.0,0
20:19:11.444,26.571,FOCUSED,100.0,0.268,0.343,0.0,0,0,0.0,0
20:19:11.537,26.664,FOCUSED,100.0,0.268,0.345,0.0,0,0,0.0,0
20:19:11.625,26.753,FOCUSED,100.0,0.261,0.346,0.0,0,0,0.0,0
20:19:11.721,26.849,FOCUSED,100.0,0.258,0.344,0.0,0,0,0.0,0
20:19:11.812,26.94,FOCUSED,100.0,0.26,0.346,0.0,0,0,0.0,0
20:19:11.901,27.028,FOCUSED,100.0,0.262,0.345,0.0,0,0,0.0,0
20:19:12.002,27.129,FOCUSED,100.0,0.265,0.347,0.0,0,0,0.0,0
20:19:12.085,27.213,FOCUSED,100.0,0.258,0.348,0.0,0,0,0.0,0
20:19:12.192,27.32,FOCUSED,100.0,0.254,0.341,0.0,0,0,0.0,0
20:19:12.288,27.416,FOCUSED,100.0,0.258,0.341,0.0,0,0,0.0,0
20:19:12.414,27.542,FOCUSED,100.0,0.255,0.341,0.0,0,0,0.0,0
20:19:12.502,27.63,FOCUSED,100.0,0.258,0.343,0.0,0,0,0.0,0
20:19:12.612,27.74,FOCUSED,100.0,0.266,0.344,0.0,0,0,0.0,0
20:19:12.709,27.837,FOCUSED,100.0,0.266,0.347,0.0,0,0,0.0,0
20:19:12.806,27.933,FOCUSED,100.0,0.258,0.342,0.0,0,0,0.0,0
20:19:12.903,28.031,FOCUSED,100.0,0.264,0.339,0.0,0,0,0.0,0
20:19:13.029,28.156,FOCUSED,100.0,0.258,0.341,0.0,0,0,0.0,0
20:19:13.141,28.268,FOCUSED,100.0,0.253,0.34,0.0,0,0,0.0,0
20:19:13.231,28.359,FOCUSED,100.0,0.263,0.336,0.0,0,0,0.0,0
20:19:13.329,28.456,FOCUSED,100.0,0.256,0.353,0.0,0,0,0.0,0
20:19:13.440,28.568,FOCUSED,100.0,0.263,0.362,0.0,0,0,0.0,0
20:19:13.529,28.657,FOCUSED,100.0,0.26,0.359,0.0,0,0,0.0,0
20:19:13.621,28.749,FOCUSED,100.0,0.254,0.361,0.0,0,0,0.0,0
20:19:13.709,28.837,FOCUSED,100.0,0.272,0.358,0.0,0,0,0.0,0
20:19:13.818,28.945,FOCUSED,100.0,0.265,0.359,0.0,0,0,0.0,0
20:19:13.916,29.043,FOCUSED,100.0,0.263,0.365,0.0,0,0,0.0,0
20:19:14.022,29.15,FOCUSED,100.0,0.274,0.37,0.0,0,0,0.0,0
20:19:14.126,29.254,FOCUSED,100.0,0.263,0.367,0.0,0,0,0.0,0
20:19:14.225,29.352,FOCUSED,100.0,0.28,0.365,0.0,0,0,0.0,0
20:19:14.356,29.484,FOCUSED,100.0,0.282,0.358,0.0,0,0,0.0,0
20:19:14.443,29.571,FOCUSED,100.0,0.286,0.361,0.0,0,0,0.0,0
20:19:14.533,29.66,FOCUSED,100.0,0.267,0.357,0.0,0,0,0.0,0
20:19:14.639,29.766,FOCUSED,100.0,0.263,0.357,0.0,0,0,0.0,0
20:19:14.726,29.855,FOCUSED,100.0,0.265,0.357,0.0,0,0,0.0,0
20:19:14.825,29.953,FOCUSED,100.0,0.266,0.358,0.0,0,0,0.0,0
20:19:14.912,30.04,FOCUSED,100.0,0.268,0.358,0.0,0,0,0.0,0
20:19:15.014,30.142,FOCUSED,100.0,0.271,0.36,0.0,0,0,0.0,0
20:19:15.138,30.266,FOCUSED,100.0,0.274,0.361,0.0,0,0,0.0,0
20:19:15.243,30.37,FOCUSED,100.0,0.27,0.36,0.0,0,0,0.0,0
20:19:15.336,30.464,FOCUSED,100.0,0.275,0.36,0.0,0,0,0.0,0
20:19:15.440,30.568,FOCUSED,100.0,0.276,0.36,0.0,0,0,0.0,0
20:19:15.559,30.687,FOCUSED,100.0,0.274,0.359,0.0,0,0,0.0,0
20:19:15.667,30.794,FOCUSED,100.0,0.273,0.357,0.0,0,0,0.0,0
20:19:15.764,30.893,FOCUSED,100.0,0.274,0.36,0.0,0,0,0.0,0
20:19:15.855,30.982,FOCUSED,100.0,0.272,0.36,0.0,0,0,0.0,0
20:19:15.951,31.079,FOCUSED,100.0,0.271,0.36,0.0,0,0,0.0,0
20:19:16.053,31.18,FOCUSED,100.0,0.268,0.36,0.0,0,0,0.0,0
20:19:16.163,31.291,FOCUSED,100.0,0.271,0.36,0.0,0,0,0.0,0
20:19:16.273,31.4,FOCUSED,100.0,0.268,0.36,0.0,0,0,0.0,0
20:19:16.388,31.515,FOCUSED,100.0,0.269,0.359,0.0,0,0,0.0,0
20:19:16.473,31.601,FOCUSED,100.0,0.273,0.361,0.0,0,0,0.0,0
20:19:16.572,31.7,FOCUSED,100.0,0.269,0.361,0.0,0,0,0.0,0
20:19:16.694,31.821,FOCUSED,100.0,0.262,0.36,0.0,0,0,0.0,0
20:19:16.791,31.919,FOCUSED,100.0,0.267,0.362,0.0,0,0,0.0,0
20:19:16.874,32.002,FOCUSED,100.0,0.266,0.361,0.0,0,0,0.0,0
20:19:16.978,32.106,FOCUSED,100.0,0.267,0.361,0.0,0,0,0.0,0
20:19:17.060,32.188,FOCUSED,100.0,0.266,0.36,0.0,0,0,0.0,0
20:19:17.161,32.288,FOCUSED,100.0,0.264,0.364,0.0,0,0,0.0,0
20:19:17.267,32.395,FOCUSED,100.0,0.266,0.365,0.0,0,0,0.0,0
20:19:17.407,32.535,FOCUSED,100.0,0.263,0.362,0.0,0,0,0.0,0
20:19:17.510,32.637,FOCUSED,100.0,0.26,0.363,0.0,0,0,0.0,0
20:19:17.608,32.735,FOCUSED,100.0,0.26,0.362,0.0,0,0,0.0,0
20:19:17.702,32.829,FOCUSED,100.0,0.262,0.365,0.0,0,0,0.0,0
20:19:17.807,32.935,FOCUSED,100.0,0.263,0.363,0.0,0,0,0.0,0
20:19:17.910,33.038,FOCUSED,100.0,0.258,0.367,0.0,0,0,0.0,0
20:19:18.013,33.141,FOCUSED,100.0,0.266,0.367,0.0,0,0,0.0,0
20:19:18.123,33.25,FOCUSED,100.0,0.262,0.367,0.0,0,0,0.0,0
20:19:18.229,33.356,FOCUSED,100.0,0.264,0.368,0.0,0,0,0.0,0
20:19:18.320,33.448,FOCUSED,100.0,0.268,0.369,0.0,0,0,0.0,0
20:19:18.424,33.551,FOCUSED,100.0,0.263,0.367,0.0,0,0,0.0,0
20:19:18.529,33.657,FOCUSED,100.0,0.268,0.366,0.0,0,0,0.0,0
20:19:18.649,33.776,FOCUSED,100.0,0.273,0.367,0.0,0,0,0.0,0
20:19:18.750,33.878,FOCUSED,100.0,0.272,0.368,0.0,0,0,0.0,0
20:19:18.844,33.972,FOCUSED,100.0,0.266,0.368,0.0,0,0,0.0,0
20:19:18.942,34.07,FOCUSED,100.0,0.27,0.369,0.0,0,0,0.0,0
20:19:19.049,34.177,FOCUSED,100.0,0.259,0.367,0.0,0,0,0.0,0
20:19:19.153,34.28,FOCUSED,100.0,0.26,0.368,0.0,0,0,0.0,0
20:19:19.281,34.409,FOCUSED,100.0,0.263,0.368,0.0,0,0,0.0,0
20:19:19.389,34.516,FOCUSED,100.0,0.261,0.369,0.0,0,0,0.0,0
20:19:19.499,34.626,FOCUSED,100.0,0.257,0.369,0.0,0,0,0.0,0
20:19:19.610,34.738,FOCUSED,100.0,0.258,0.369,0.0,0,0,0.0,0
20:19:19.704,34.831,FOCUSED,100.0,0.267,0.37,0.0,0,0,0.0,0
20:19:19.811,34.938,FOCUSED,100.0,0.27,0.37,0.0,0,0,0.0,0
20:19:19.925,35.052,FOCUSED,100.0,0.265,0.369,0.0,0,0,0.0,0
20:19:20.033,35.161,FOCUSED,100.0,0.266,0.368,0.0,0,0,0.0,0
20:19:20.141,35.269,FOCUSED,100.0,0.263,0.366,0.0,0,0,0.0,0
20:19:20.234,35.362,FOCUSED,100.0,0.258,0.366,0.0,0,0,0.0,0
20:19:20.334,35.462,FOCUSED,100.0,0.262,0.365,0.0,0,0,0.0,0
20:19:20.436,35.564,FOCUSED,100.0,0.26,0.366,0.0,0,0,0.0,0
20:19:20.537,35.665,FOCUSED,100.0,0.264,0.367,0.0,0,0,0.0,0
20:19:20.661,35.789,FOCUSED,100.0,0.262,0.368,0.0,0,0,0.0,0
20:19:20.761,35.889,FOCUSED,100.0,0.269,0.368,0.0,0,0,0.0,0
20:19:20.857,35.985,FOCUSED,100.0,0.261,0.368,0.0,0,0,0.0,0
20:19:20.947,36.075,FOCUSED,100.0,0.261,0.367,0.0,0,0,0.0,0
20:19:21.044,36.172,FOCUSED,100.0,0.265,0.367,0.0,0,0,0.0,0
20:19:21.137,36.264,FOCUSED,100.0,0.263,0.369,0.0,0,0,0.0,0
20:19:21.240,36.367,FOCUSED,100.0,0.26,0.366,0.0,0,0,0.0,0
20:19:21.330,36.458,FOCUSED,100.0,0.26,0.369,0.0,0,0,0.0,0
20:19:21.436,36.564,FOCUSED,100.0,0.258,0.368,0.0,0,0,0.0,0
20:19:21.549,36.676,FOCUSED,100.0,0.258,0.367,0.0,0,0,0.0,0
20:19:21.669,36.797,FOCUSED,100.0,0.256,0.367,0.0,0,0,0.0,0
20:19:21.786,36.914,FOCUSED,100.0,0.252,0.366,0.0,0,0,0.0,0
20:19:21.884,37.011,FOCUSED,100.0,0.25,0.365,0.0,0,0,0.0,0
20:19:21.986,37.113,FOCUSED,100.0,0.244,0.365,0.0,0,0,0.0,0
20:19:22.071,37.199,FOCUSED,100.0,0.252,0.366,0.0,0,0,0.0,0
20:19:22.170,37.298,FOCUSED,100.0,0.251,0.364,0.0,0,0,0.0,0
20:19:22.265,37.393,FOCUSED,100.0,0.26,0.367,0.0,0,0,0.0,0
20:19:22.370,37.498,FOCUSED,100.0,0.258,0.367,0.0,0,0,0.0,0
20:19:22.474,37.602,FOCUSED,100.0,0.258,0.365,0.0,0,0,0.0,0
20:19:22.601,37.729,FOCUSED,100.0,0.254,0.365,0.0,0,0,0.0,0
20:19:22.720,37.847,FOCUSED,100.0,0.248,0.363,0.0,0,0,0.0,0
20:19:22.834,37.961,FOCUSED,100.0,0.248,0.364,0.0,0,0,0.0,0
20:19:22.930,38.058,FOCUSED,100.0,0.248,0.365,0.0,0,0,0.0,0
20:19:23.016,38.144,FOCUSED,100.0,0.256,0.366,0.0,0,0,0.0,0
20:19:23.132,38.26,FOCUSED,100.0,0.256,0.365,0.0,0,0,0.0,0
20:19:23.229,38.356,FOCUSED,100.0,0.255,0.367,0.0,0,0,0.0,0
20:19:23.327,38.455,FOCUSED,100.0,0.255,0.365,0.0,0,0,0.0,0
20:19:23.424,38.551,FOCUSED,100.0,0.254,0.366,0.0,0,0,0.0,0
20:19:23.514,38.642,FOCUSED,100.0,0.248,0.364,0.0,0,0,0.0,0
20:19:23.623,38.75,FOCUSED,100.0,0.249,0.364,0.0,0,0,0.0,0
20:19:23.741,38.868,FOCUSED,100.0,0.248,0.364,0.0,0,0,0.0,0
20:19:23.842,38.969,FOCUSED,100.0,0.254,0.365,0.0,0,0,0.0,0
20:19:23.948,39.075,FOCUSED,100.0,0.251,0.364,0.0,0,0,0.0,0
20:19:24.114,39.241,FOCUSED,100.0,0.252,0.366,0.0,0,0,0.0,0
20:19:24.204,39.332,FOCUSED,100.0,0.255,0.364,0.0,0,0,0.0,0
20:19:24.300,39.428,FOCUSED,100.0,0.236,0.363,0.0,0,0,0.0,0
20:19:24.399,39.526,FOCUSED,100.0,0.248,0.364,0.0,0,0,0.0,0
20:19:24.509,39.637,FOCUSED,100.0,0.257,0.368,0.0,0,0,0.0,0
20:19:24.614,39.741,FOCUSED,100.0,0.263,0.37,0.0,0,0,0.0,0
20:19:24.716,39.844,FOCUSED,100.0,0.258,0.367,0.0,0,0,0.0,0
20:19:24.800,39.928,FOCUSED,100.0,0.263,0.365,0.0,0,0,0.0,0
20:19:24.864,39.991,FOCUSED,100.0,0.262,0.365,0.0,0,0,0.0,0
20:19:24.939,40.066,FOCUSED,100.0,0.261,0.364,0.0,0,0,0.0,0
20:19:25.021,40.149,FOCUSED,100.0,0.261,0.364,0.0,0,0,0.0,0
20:19:25.095,40.222,FOCUSED,100.0,0.262,0.366,0.0,0,0,0.0,0
20:19:25.179,40.307,FOCUSED,100.0,0.255,0.365,0.0,0,0,0.0,0
20:19:25.258,40.385,FOCUSED,100.0,0.259,0.364,0.0,0,0,0.0,0
20:19:25.334,40.462,FOCUSED,100.0,0.259,0.365,0.0,0,0,0.0,0
20:19:25.417,40.545,FOCUSED,100.0,0.26,0.366,0.0,0,0,0.0,0
20:19:25.480,40.607,FOCUSED,100.0,0.26,0.366,0.0,0,0,0.0,0
20:19:25.549,40.676,FOCUSED,100.0,0.263,0.365,0.0,0,0,0.0,0
20:19:25.630,40.758,FOCUSED,100.0,0.261,0.365,0.0,0,0,0.0,0
20:19:25.700,40.828,FOCUSED,100.0,0.258,0.366,0.0,0,0,0.0,0
20:19:25.770,40.897,FOCUSED,100.0,0.258,0.366,0.0,0,0,0.0,0
20:19:25.835,40.962,FOCUSED,100.0,0.256,0.365,0.0,0,0,0.0,0
20:19:25.914,41.042,FOCUSED,100.0,0.254,0.366,0.0,0,0,0.0,0
20:19:25.981,41.108,FOCUSED,100.0,0.15,0.355,0.0,0,0,0.6,0
20:19:26.051,41.179,FOCUSED,100.0,0.17,0.361,0.0,0,0,0.6,0
20:19:26.122,41.25,FOCUSED,100.0,0.245,0.369,0.0,0,0,0.0,0
20:19:26.202,41.329,FOCUSED,100.0,0.259,0.369,0.0,0,0,0.0,0
20:19:26.278,41.405,FOCUSED,100.0,0.262,0.367,0.0,0,0,0.0,0
20:19:26.351,41.478,FOCUSED,100.0,0.266,0.366,0.0,0,0,0.0,0
20:19:26.425,41.553,FOCUSED,100.0,0.266,0.369,0.0,0,0,0.0,0
20:19:26.498,41.625,FOCUSED,100.0,0.267,0.367,0.0,0,0,0.0,0
20:19:26.581,41.708,FOCUSED,100.0,0.265,0.367,0.0,0,0,0.0,0
20:19:26.659,41.787,FOCUSED,100.0,0.268,0.369,0.0,0,0,0.0,0
20:19:26.721,41.848,FOCUSED,100.0,0.266,0.369,0.0,0,0,0.0,0
20:19:26.798,41.925,FOCUSED,100.0,0.269,0.369,0.0,0,0,0.0,0
20:19:26.860,41.987,FOCUSED,100.0,0.268,0.368,0.0,0,0,0.0,0
20:19:26.928,42.056,FOCUSED,100.0,0.265,0.367,0.0,0,0,0.0,0
20:19:26.987,42.114,FOCUSED,100.0,0.267,0.369,0.0,0,0,0.0,0
20:19:27.054,42.181,FOCUSED,100.0,0.269,0.369,0.0,0,0,0.0,0
20:19:27.136,42.263,FOCUSED,100.0,0.268,0.37,0.0,0,0,0.0,0
20:19:27.209,42.337,FOCUSED,100.0,0.268,0.369,0.0,0,0,0.0,0
20:19:27.283,42.41,FOCUSED,100.0,0.267,0.368,0.0,0,0,0.0,0
20:19:27.352,42.479,FOCUSED,100.0,0.27,0.369,0.0,0,0,0.0,0
20:19:27.415,42.542,FOCUSED,100.0,0.27,0.369,0.0,0,0,0.0,0
20:19:27.480,42.607,FOCUSED,100.0,0.267,0.37,0.0,0,0,0.0,0
20:19:27.543,42.67,FOCUSED,100.0,0.259,0.366,0.0,0,0,0.0,0
20:19:27.608,42.736,FOCUSED,100.0,0.259,0.365,0.0,0,0,0.0,0
20:19:27.688,42.815,FOCUSED,100.0,0.262,0.366,0.0,0,0,0.0,0
20:19:27.751,42.879,FOCUSED,100.0,0.259,0.367,0.0,0,0,0.0,0
20:19:27.825,42.953,FOCUSED,100.0,0.263,0.367,0.0,0,0,0.0,0
20:19:27.898,43.025,FOCUSED,100.0,0.262,0.367,0.0,0,0,0.0,0
20:19:27.979,43.108,FOCUSED,100.0,0.262,0.366,0.0,0,0,0.0,0
20:19:28.058,43.186,FOCUSED,100.0,0.265,0.367,0.0,0,0,0.0,0
20:19:28.128,43.256,FOCUSED,100.0,0.266,0.366,0.0,0,0,0.0,0
20:19:28.202,43.33,FOCUSED,100.0,0.264,0.367,0.0,0,0,0.0,0
20:19:28.286,43.414,FOCUSED,100.0,0.263,0.367,0.0,0,0,0.0,0
20:19:28.363,43.49,FOCUSED,100.0,0.264,0.368,0.0,0,0,0.0,0
20:19:28.429,43.557,FOCUSED,100.0,0.262,0.367,0.0,0,0,0.0,0
20:19:28.498,43.625,FOCUSED,100.0,0.265,0.368,0.0,0,0,0.0,0
20:19:28.563,43.69,FOCUSED,100.0,0.259,0.366,0.0,0,0,0.0,0
20:19:28.627,43.755,FOCUSED,100.0,0.263,0.367,0.0,0,0,0.0,0
20:19:28.699,43.826,FOCUSED,100.0,0.264,0.367,0.0,0,0,0.0,0
20:19:28.763,43.89,FOCUSED,100.0,0.264,0.368,0.0,0,0,0.0,0
20:19:28.827,43.955,FOCUSED,100.0,0.263,0.369,0.0,0,0,0.0,0
20:19:28.900,44.028,FOCUSED,100.0,0.261,0.369,0.0,0,0,0.0,0
20:19:28.976,44.104,FOCUSED,100.0,0.261,0.368,0.0,0,0,0.0,0
20:19:29.043,44.17,FOCUSED,100.0,0.266,0.368,0.0,0,0,0.0,0
20:19:29.116,44.244,FOCUSED,100.0,0.264,0.367,0.0,0,0,0.0,0
20:19:29.188,44.315,FOCUSED,100.0,0.265,0.366,0.0,0,0,0.0,0
20:19:29.265,44.393,FOCUSED,100.0,0.268,0.368,0.0,0,0,0.0,0
20:19:29.348,44.475,FOCUSED,100.0,0.257,0.366,0.0,0,0,0.0,0
20:19:29.430,44.558,FOCUSED,100.0,0.252,0.364,0.0,0,0,0.0,0
20:19:29.513,44.641,FOCUSED,100.0,0.257,0.366,0.0,0,0,0.0,0
20:19:29.577,44.704,FOCUSED,100.0,0.259,0.366,0.0,0,0,0.0,0
20:19:29.649,44.777,FOCUSED,100.0,0.262,0.366,0.0,0,0,0.0,0
20:19:29.709,44.837,FOCUSED,100.0,0.262,0.368,0.0,0,0,0.0,0
20:19:29.767,44.895,FOCUSED,100.0,0.261,0.366,0.0,0,0,0.0,0
20:19:29.845,44.973,FOCUSED,100.0,0.263,0.365,0.0,0,0,0.0,0
20:19:29.928,45.055,FOCUSED,100.0,0.263,0.367,0.0,0,0,0.0,0
20:19:29.985,45.113,FOCUSED,100.0,0.264,0.369,0.0,0,0,0.0,0
20:19:30.039,45.167,FOCUSED,100.0,0.264,0.371,0.0,0,0,0.0,0
20:19:30.098,45.225,FOCUSED,100.0,0.266,0.37,0.0,0,0,0.0,0
20:19:30.151,45.279,FOCUSED,100.0,0.266,0.368,0.0,0,0,0.0,0
20:19:30.213,45.341,FOCUSED,100.0,0.266,0.369,0.0,0,0,0.0,0
20:19:30.270,45.397,FOCUSED,100.0,0.268,0.369,0.0,0,0,0.0,0
20:19:30.327,45.454,FOCUSED,100.0,0.268,0.369,0.0,0,0,0.0,0
20:19:30.388,45.516,FOCUSED,100.0,0.273,0.369,0.0,0,0,0.0,0
20:19:30.445,45.573,FOCUSED,100.0,0.262,0.369,0.0,0,0,0.0,0
20:19:30.505,45.632,FOCUSED,100.0,0.02,0.362,0.0,0,0,0.6,0
20:19:30.558,45.685,FOCUSED,100.0,0.033,0.365,0.0,0,0,0.6,0
20:19:30.608,45.736,FOCUSED,100.0,0.237,0.381,0.0,0,0,0.0,0
20:19:30.667,45.795,FOCUSED,100.0,0.267,0.396,0.0,0,0,0.0,0
20:19:30.727,45.855,FOCUSED,100.0,0.273,0.408,0.0,0,0,0.0,0
20:19:30.784,45.911,FOCUSED,100.0,0.278,0.421,0.0,0,0,0.0,0
20:19:30.843,45.971,FOCUSED,100.0,0.285,0.421,0.0,0,0,0.0,0
20:19:30.898,46.025,FOCUSED,100.0,0.283,0.414,0.0,0,0,0.0,0
20:19:30.954,46.082,FOCUSED,100.0,0.293,0.414,0.0,0,0,0.0,0
20:19:31.012,46.14,FOCUSED,100.0,0.288,0.403,0.0,0,0,0.0,0
20:19:31.068,46.196,FOCUSED,100.0,0.292,0.394,0.0,0,0,0.0,0
20:19:31.121,46.249,FOCUSED,100.0,0.293,0.395,0.0,0,0,0.0,0
20:19:31.177,46.304,FOCUSED,100.0,0.296,0.392,0.0,0,0,0.0,0
20:19:31.236,46.365,FOCUSED,100.0,0.293,0.39,0.0,0,0,0.0,0
20:19:31.291,46.418,FOCUSED,100.0,0.289,0.383,0.0,0,0,0.0,0
20:19:31.347,46.475,FOCUSED,100.0,0.291,0.378,0.0,0,0,0.0,0
20:19:31.400,46.527,FOCUSED,100.0,0.29,0.38,0.0,0,0,0.0,0
20:19:31.460,46.587,FOCUSED,100.0,0.295,0.376,0.0,0,0,0.0,0
20:19:31.515,46.643,FOCUSED,100.0,0.293,0.376,0.0,0,0,0.0,0
20:19:31.569,46.697,FOCUSED,100.0,0.296,0.379,0.0,0,0,0.0,0
20:19:31.626,46.754,FOCUSED,100.0,0.284,0.375,0.0,0,0,0.0,0
20:19:31.686,46.814,FOCUSED,100.0,0.288,0.374,0.0,0,0,0.0,0
20:19:31.738,46.866,FOCUSED,100.0,0.29,0.374,0.0,0,0,0.0,0
20:19:31.802,46.93,FOCUSED,100.0,0.284,0.375,0.0,0,0,0.0,0
20:19:31.857,46.985,FOCUSED,100.0,0.29,0.372,0.0,0,0,0.0,0
20:19:31.922,47.05,FOCUSED,100.0,0.287,0.37,0.0,0,0,0.0,0
20:19:31.983,47.11,FOCUSED,100.0,0.289,0.37,0.0,0,0,0.0,0
20:19:32.043,47.171,FOCUSED,100.0,0.283,0.378,0.0,0,0,0.0,0
20:19:32.107,47.235,FOCUSED,100.0,0.28,0.381,0.0,0,0,0.0,0
20:19:32.186,47.314,FOCUSED,100.0,0.283,0.384,0.0,0,0,0.0,0
20:19:32.246,47.374,FOCUSED,100.0,0.285,0.382,0.0,0,0,0.0,0
20:19:32.302,47.43,FOCUSED,100.0,0.277,0.379,0.0,0,0,0.0,0
20:19:32.364,47.493,FOCUSED,100.0,0.274,0.369,0.0,0,0,0.0,0
20:19:32.421,47.548,FOCUSED,100.0,0.26,0.369,0.0,0,0,0.0,0
20:19:32.485,47.613,FOCUSED,100.0,0.259,0.364,0.0,0,0,0.0,0
20:19:32.601,47.728,FOCUSED,100.0,0.188,0.372,0.501,1,0,0.0,0
20:19:32.670,47.797,FOCUSED,100.0,0.03,0.379,0.332,1,0,0.6,0
20:19:32.742,47.869,FOCUSED,100.0,0.223,0.424,0.0,0,0,0.0,0
20:19:32.806,47.934,FOCUSED,100.0,0.285,0.456,0.0,0,0,0.0,0
20:19:32.894,48.022,FOCUSED,100.0,0.321,0.497,0.0,0,0,0.0,0
20:19:32.973,48.101,FOCUSED,100.0,0.325,0.535,0.0,0,0,0.0,0
20:19:33.046,48.174,FOCUSED,100.0,0.298,0.584,0.0,0,0,0.0,0
20:19:33.123,48.25,FOCUSED,100.0,0.29,0.577,0.0,0,0,0.0,0
20:19:33.192,48.32,FOCUSED,100.0,0.281,0.588,0.0,0,0,0.0,0
20:19:33.264,48.391,FOCUSED,100.0,0.312,0.602,0.0,0,0,0.0,0
20:19:33.334,48.461,FOCUSED,100.0,0.319,0.559,0.0,0,0,0.0,0
20:19:33.434,48.561,FOCUSED,100.0,0.326,0.532,0.0,0,0,0.0,0
20:19:33.523,48.65,FOCUSED,100.0,0.325,0.471,0.0,0,0,0.0,0
20:19:33.599,48.726,FOCUSED,100.0,0.305,0.425,0.0,0,0,0.0,0
20:19:33.697,48.824,FOCUSED,100.0,0.279,0.397,0.0,0,0,0.0,0
20:19:33.770,48.898,FOCUSED,100.0,0.271,0.379,0.0,0,0,0.0,0
20:19:33.846,48.974,FOCUSED,100.0,0.241,0.348,0.0,0,0,0.0,0
20:19:33.917,49.044,FOCUSED,100.0,0.265,0.34,0.277,1,0,0.0,0
20:19:34.001,49.129,FOCUSED,100.0,0.248,0.335,0.0,0,0,0.0,0
20:19:34.071,49.199,FOCUSED,100.0,0.244,0.329,0.0,0,0,0.0,0
20:19:34.157,49.285,FOCUSED,100.0,0.239,0.335,0.0,0,0,0.0,0
20:19:34.231,49.358,FOCUSED,100.0,0.243,0.343,0.0,0,0,0.0,0
20:19:34.305,49.432,FOCUSED,100.0,0.27,0.348,0.0,0,0,0.0,0
20:19:34.378,49.506,FOCUSED,100.0,0.266,0.347,0.0,0,0,0.0,0
20:19:34.449,49.576,FOCUSED,100.0,0.276,0.351,0.0,0,0,0.0,0
20:19:34.537,49.664,FOCUSED,100.0,0.28,0.349,0.0,0,0,0.0,0
20:19:34.613,49.74,FOCUSED,100.0,0.273,0.335,0.0,0,0,0.0,0
20:19:34.691,49.819,FOCUSED,100.0,0.272,0.338,0.0,0,0,0.0,0
20:19:34.769,49.897,FOCUSED,100.0,0.286,0.335,0.0,0,0,0.0,0
20:19:34.845,49.972,FOCUSED,100.0,0.264,0.331,0.0,0,0,0.0,0
20:19:34.923,50.05,FOCUSED,100.0,0.262,0.337,0.0,0,0,0.0,0
20:19:34.998,50.126,FOCUSED,100.0,0.274,0.336,0.0,0,0,0.0,0
20:19:35.073,50.2,FOCUSED,100.0,0.247,0.343,0.0,0,0,0.0,0
20:19:35.135,50.263,FOCUSED,100.0,0.285,0.349,0.0,0,0,0.0,0
20:19:35.198,50.325,FOCUSED,100.0,0.265,0.356,0.0,0,0,0.0,0
20:19:35.261,50.388,FOCUSED,100.0,0.26,0.361,0.0,0,0,0.0,0
20:19:35.322,50.45,FOCUSED,100.0,0.259,0.364,0.0,0,0,0.0,0
20:19:35.386,50.514,FOCUSED,100.0,0.262,0.366,0.0,0,0,0.0,0
20:19:35.450,50.578,FOCUSED,100.0,0.272,0.363,0.0,0,0,0.0,0
20:19:35.515,50.643,FOCUSED,100.0,0.261,0.361,0.0,0,0,0.0,0
20:19:35.574,50.702,FOCUSED,100.0,0.266,0.356,0.0,0,0,0.0,0
20:19:35.637,50.765,FOCUSED,100.0,0.266,0.358,0.0,0,0,0.0,0
20:19:35.702,50.83,FOCUSED,100.0,0.265,0.36,0.0,0,0,0.0,0
20:19:35.771,50.899,FOCUSED,100.0,0.269,0.36,0.0,0,0,0.0,0
20:19:35.834,50.962,FOCUSED,100.0,0.27,0.36,0.0,0,0,0.0,0
20:19:35.899,51.026,FOCUSED,100.0,0.267,0.361,0.0,0,0,0.0,0
20:19:35.979,51.107,FOCUSED,100.0,0.268,0.358,0.0,0,0,0.0,0
20:19:36.062,51.189,FOCUSED,100.0,0.275,0.358,0.0,0,0,0.0,0
20:19:36.144,51.271,FOCUSED,100.0,0.275,0.359,0.0,0,0,0.0,0
20:19:36.226,51.354,FOCUSED,100.0,0.273,0.356,0.0,0,0,0.0,0
20:19:36.310,51.438,FOCUSED,100.0,0.274,0.354,0.0,0,0,0.0,0
20:19:36.386,51.514,FOCUSED,100.0,0.263,0.36,0.0,0,0,0.0,0
20:19:36.469,51.596,FOCUSED,100.0,0.279,0.357,0.0,0,0,0.0,0
20:19:36.570,51.698,FOCUSED,100.0,0.28,0.355,0.0,0,0,0.0,0
20:19:36.680,51.808,FOCUSED,100.0,0.281,0.355,0.0,0,0,0.0,0
20:19:36.762,51.889,FOCUSED,100.0,0.275,0.361,0.0,0,0,0.0,0
20:19:36.844,51.972,FOCUSED,100.0,0.277,0.359,0.0,0,0,0.0,0
20:19:36.928,52.055,FOCUSED,100.0,0.283,0.363,0.0,0,0,0.0,0
20:19:37.001,52.129,FOCUSED,100.0,0.287,0.36,0.0,0,0,0.0,0
20:19:37.076,52.203,FOCUSED,100.0,0.282,0.359,0.0,0,0,0.0,0
20:19:37.161,52.288,FOCUSED,100.0,0.289,0.358,0.0,0,0,0.0,0
20:19:37.241,52.368,FOCUSED,100.0,0.293,0.359,0.0,0,0,0.0,0
20:19:37.320,52.447,FOCUSED,100.0,0.287,0.357,0.0,0,0,0.0,0
20:19:37.387,52.514,FOCUSED,100.0,0.285,0.356,0.0,0,0,0.0,0
20:19:37.462,52.589,FOCUSED,100.0,0.281,0.354,0.0,0,0,0.0,0
20:19:37.542,52.669,FOCUSED,100.0,0.284,0.355,0.0,0,0,0.0,0
20:19:37.623,52.75,FOCUSED,100.0,0.287,0.358,0.0,0,0,0.0,0
20:19:37.702,52.83,FOCUSED,100.0,0.284,0.359,0.0,0,0,0.0,0
20:19:37.770,52.898,FOCUSED,100.0,0.283,0.36,0.0,0,0,0.0,0
20:19:37.833,52.96,FOCUSED,100.0,0.278,0.362,0.0,0,0,0.0,0
20:19:37.906,53.033,FOCUSED,100.0,0.276,0.36,0.0,0,0,0.0,0
20:19:37.992,53.12,FOCUSED,100.0,0.276,0.359,0.0,0,0,0.0,0
20:19:38.073,53.2,FOCUSED,100.0,0.278,0.359,0.0,0,0,0.0,0
20:19:38.148,53.275,FOCUSED,100.0,0.282,0.359,0.0,0,0,0.0,0
20:19:38.218,53.345,FOCUSED,100.0,0.282,0.358,0.0,0,0,0.0,0
20:19:38.298,53.425,FOCUSED,100.0,0.276,0.357,0.0,0,0,0.0,0
20:19:38.371,53.498,FOCUSED,100.0,0.281,0.358,0.0,0,0,0.0,0
20:19:38.441,53.568,FOCUSED,100.0,0.283,0.356,0.0,0,0,0.0,0
20:19:38.529,53.656,FOCUSED,100.0,0.279,0.358,0.0,0,0,0.0,0
20:19:38.599,53.727,FOCUSED,100.0,0.278,0.355,0.0,0,0,0.0,0
20:19:38.676,53.804,FOCUSED,100.0,0.276,0.356,0.0,0,0,0.0,0
20:19:38.757,53.884,FOCUSED,100.0,0.279,0.356,0.0,0,0,0.0,0
20:19:38.835,53.962,FOCUSED,100.0,0.277,0.356,0.0,0,0,0.0,0
20:19:38.902,54.03,FOCUSED,100.0,0.28,0.358,0.0,0,0,0.0,0
20:19:38.971,54.099,FOCUSED,100.0,0.281,0.357,0.0,0,0,0.0,0
20:19:39.047,54.175,FOCUSED,100.0,0.28,0.357,0.0,0,0,0.0,0
20:19:39.123,54.251,FOCUSED,100.0,0.276,0.358,0.0,0,0,0.0,0
20:19:39.192,54.319,FOCUSED,100.0,0.28,0.357,0.0,0,0,0.0,0
20:19:39.266,54.394,FOCUSED,100.0,0.279,0.357,0.0,0,0,0.0,0
20:19:39.334,54.462,FOCUSED,100.0,0.278,0.356,0.0,0,0,0.0,0
20:19:39.403,54.531,FOCUSED,100.0,0.273,0.356,0.0,0,0,0.0,0
20:19:39.469,54.597,FOCUSED,100.0,0.277,0.356,0.0,0,0,0.0,0
20:19:39.556,54.684,FOCUSED,100.0,0.274,0.357,0.0,0,0,0.0,0
20:19:39.646,54.774,FOCUSED,100.0,0.276,0.356,0.0,0,0,0.0,0
20:19:39.719,54.846,FOCUSED,100.0,0.273,0.357,0.0,0,0,0.0,0
20:19:39.798,54.925,FOCUSED,100.0,0.273,0.356,0.0,0,0,0.0,0
20:19:39.880,55.008,FOCUSED,100.0,0.279,0.355,0.0,0,0,0.0,0
20:19:39.945,55.072,FOCUSED,100.0,0.272,0.356,0.0,0,0,0.0,0
20:19:40.015,55.142,FOCUSED,100.0,0.273,0.355,0.0,0,0,0.0,0
20:19:40.098,55.225,FOCUSED,100.0,0.271,0.355,0.0,0,0,0.0,0
20:19:40.162,55.29,FOCUSED,100.0,0.27,0.354,0.0,0,0,0.0,0
20:19:40.240,55.368,FOCUSED,100.0,0.281,0.356,0.0,0,0,0.0,0
20:19:40.305,55.432,FOCUSED,100.0,0.281,0.356,0.0,0,0,0.0,0
20:19:40.374,55.503,FOCUSED,100.0,0.28,0.355,0.0,0,0,0.0,0
20:19:40.441,55.569,FOCUSED,100.0,0.276,0.356,0.0,0,0,0.0,0
20:19:40.516,55.644,FOCUSED,100.0,0.273,0.356,0.0,0,0,0.0,0
20:19:40.591,55.718,FOCUSED,100.0,0.273,0.357,0.0,0,0,0.0,0
20:19:40.658,55.785,FOCUSED,100.0,0.27,0.356,0.0,0,0,0.0,0
20:19:40.738,55.866,FOCUSED,100.0,0.271,0.357,0.0,0,0,0.0,0
20:19:40.815,55.942,FOCUSED,100.0,0.271,0.355,0.0,0,0,0.0,0
20:19:40.897,56.025,FOCUSED,100.0,0.27,0.355,0.0,0,0,0.0,0
20:19:40.965,56.093,FOCUSED,100.0,0.269,0.356,0.0,0,0,0.0,0
20:19:41.041,56.169,FOCUSED,100.0,0.273,0.356,0.0,0,0,0.0,0
20:19:41.108,56.235,FOCUSED,100.0,0.271,0.355,0.0,0,0,0.0,0
20:19:41.190,56.317,FOCUSED,100.0,0.27,0.356,0.0,0,0,0.0,0
20:19:41.255,56.382,FOCUSED,100.0,0.267,0.356,0.0,0,0,0.0,0
20:19:41.330,56.458,FOCUSED,100.0,0.273,0.356,0.0,0,0,0.0,0
20:19:41.403,56.531,FOCUSED,100.0,0.271,0.354,0.0,0,0,0.0,0
20:19:41.485,56.613,FOCUSED,100.0,0.273,0.355,0.0,0,0,0.0,0
20:19:41.566,56.694,FOCUSED,100.0,0.274,0.356,0.0,0,0,0.0,0
20:19:41.645,56.773,FOCUSED,100.0,0.274,0.356,0.0,0,0,0.0,0
20:19:41.715,56.843,FOCUSED,100.0,0.273,0.356,0.0,0,0,0.0,0
20:19:41.796,56.924,FOCUSED,100.0,0.273,0.357,0.0,0,0,0.0,0
20:19:41.860,56.988,FOCUSED,100.0,0.268,0.354,0.0,0,0,0.0,0
20:19:41.925,57.053,FOCUSED,100.0,0.27,0.355,0.0,0,0,0.0,0
20:19:41.987,57.115,FOCUSED,100.0,0.269,0.355,0.0,0,0,0.0,0
20:19:42.078,57.206,FOCUSED,100.0,0.27,0.357,0.0,0,0,0.0,0
20:19:42.154,57.282,FOCUSED,100.0,0.274,0.357,0.0,0,0,0.0,0
20:19:42.231,57.358,FOCUSED,100.0,0.274,0.356,0.0,0,0,0.0,0
20:19:42.303,57.43,FOCUSED,100.0,0.275,0.357,0.0,0,0,0.0,0
20:19:42.378,57.505,FOCUSED,100.0,0.274,0.357,0.0,0,0,0.0,0
20:19:42.453,57.581,FOCUSED,100.0,0.269,0.356,0.0,0,0,0.0,0
20:19:42.524,57.652,FOCUSED,100.0,0.269,0.356,0.0,0,0,0.0,0
20:19:42.597,57.724,FOCUSED,100.0,0.275,0.357,0.0,0,0,0.0,0
20:19:42.680,57.807,FOCUSED,100.0,0.268,0.356,0.0,0,0,0.0,0
20:19:42.753,57.881,FOCUSED,100.0,0.265,0.354,0.0,0,0,0.0,0
20:19:42.823,57.95,FOCUSED,100.0,0.267,0.354,0.0,0,0,0.0,0
20:19:42.890,58.018,FOCUSED,100.0,0.268,0.356,0.0,0,0,0.0,0
20:19:42.959,58.087,FOCUSED,100.0,0.27,0.356,0.0,0,0,0.0,0
20:19:43.043,58.17,FOCUSED,100.0,0.274,0.355,0.0,0,0,0.0,0
20:19:43.123,58.25,FOCUSED,100.0,0.268,0.356,0.0,0,0,0.0,0
20:19:43.195,58.322,FOCUSED,100.0,0.27,0.357,0.0,0,0,0.0,0
20:19:43.272,58.4,FOCUSED,100.0,0.272,0.357,0.0,0,0,0.0,0
20:19:43.351,58.479,FOCUSED,100.0,0.27,0.356,0.0,0,0,0.0,0
20:19:43.433,58.56,FOCUSED,100.0,0.272,0.355,0.0,0,0,0.0,0
20:19:43.511,58.639,FOCUSED,100.0,0.273,0.355,0.0,0,0,0.0,0
20:19:43.580,58.707,FOCUSED,100.0,0.273,0.354,0.0,0,0,0.0,0
20:19:43.661,58.789,FOCUSED,100.0,0.276,0.355,0.0,0,0,0.0,0
20:19:43.733,58.86,FOCUSED,100.0,0.274,0.354,0.0,0,0,0.0,0
20:19:43.807,58.935,FOCUSED,100.0,0.272,0.354,0.0,0,0,0.0,0
20:19:43.879,59.007,FOCUSED,100.0,0.273,0.356,0.0,0,0,0.0,0
20:19:43.951,59.078,FOCUSED,100.0,0.271,0.354,0.0,0,0,0.0,0
20:19:44.026,59.153,FOCUSED,100.0,0.271,0.354,0.0,0,0,0.0,0
20:19:44.099,59.226,FOCUSED,100.0,0.272,0.353,0.0,0,0,0.0,0
20:19:44.181,59.309,FOCUSED,100.0,0.274,0.354,0.0,0,0,0.0,0
20:19:44.259,59.387,FOCUSED,100.0,0.271,0.353,0.0,0,0,0.0,0
20:19:44.333,59.461,FOCUSED,100.0,0.277,0.355,0.0,0,0,0.0,0
20:19:44.424,59.552,FOCUSED,100.0,0.27,0.354,0.0,0,0,0.0,0
20:19:44.510,59.638,FOCUSED,100.0,0.276,0.354,0.0,0,0,0.0,0
20:19:44.590,59.718,FOCUSED,100.0,0.273,0.355,0.0,0,0,0.0,0
20:19:44.659,59.787,FOCUSED,100.0,0.268,0.355,0.0,0,0,0.0,0
20:19:44.728,59.855,FOCUSED,100.0,0.269,0.354,0.0,0,0,0.0,0
20:19:44.799,59.926,FOCUSED,100.0,0.273,0.357,0.0,0,0,0.0,0
20:19:44.882,60.01,FOCUSED,100.0,0.272,0.356,0.0,0,0,0.0,0
20:19:44.961,60.088,FOCUSED,100.0,0.271,0.354,0.0,0,0,0.0,0
20:19:45.032,60.159,FOCUSED,100.0,0.274,0.353,0.0,0,0,0.0,0
20:19:45.090,60.217,FOCUSED,100.0,0.273,0.353,0.0,0,0,0.0,0
20:19:45.163,60.291,FOCUSED,100.0,0.274,0.353,0.0,0,0,0.0,0
20:19:45.227,60.354,FOCUSED,100.0,0.277,0.355,0.0,0,0,0.0,0
20:19:45.293,60.421,FOCUSED,100.0,0.276,0.355,0.0,0,0,0.0,0
20:19:45.370,60.497,FOCUSED,100.0,0.279,0.356,0.0,0,0,0.0,0
20:19:45.469,60.597,FOCUSED,100.0,0.277,0.355,0.0,0,0,0.0,0
20:19:45.553,60.68,FOCUSED,100.0,0.278,0.353,0.0,0,0,0.0,0
20:19:45.621,60.749,FOCUSED,100.0,0.28,0.353,0.0,0,0,0.0,0
20:19:45.691,60.819,FOCUSED,100.0,0.279,0.353,0.0,0,0,0.0,0
20:19:45.755,60.883,FOCUSED,100.0,0.282,0.353,0.0,0,0,0.0,0
20:19:45.821,60.949,FOCUSED,100.0,0.271,0.356,0.0,0,0,0.0,0
20:19:45.899,61.026,FOCUSED,100.0,0.271,0.356,0.0,0,0,0.0,0
20:19:45.973,61.101,FOCUSED,100.0,0.274,0.353,0.0,0,0,0.0,0
20:19:46.046,61.174,FOCUSED,100.0,0.274,0.351,0.0,0,0,0.0,0
20:19:46.116,61.244,FOCUSED,100.0,0.275,0.352,0.0,0,0,0.0,0
20:19:46.179,61.306,FOCUSED,100.0,0.274,0.354,0.0,0,0,0.0,0
20:19:46.256,61.384,FOCUSED,100.0,0.267,0.354,0.0,0,0,0.0,0
20:19:46.337,61.464,FOCUSED,100.0,0.216,0.345,0.0,0,0,0.0,0
20:19:46.411,61.538,FOCUSED,100.0,0.195,0.342,0.0,0,0,0.0,0
20:19:46.474,61.602,FOCUSED,100.0,0.177,0.341,0.0,0,0,0.6,0
20:19:46.545,61.672,FOCUSED,100.0,0.171,0.339,0.0,0,0,0.6,0
20:19:46.622,61.75,FOCUSED,100.0,0.157,0.34,0.0,0,0,0.6,0
20:19:46.689,61.817,FOCUSED,100.0,0.153,0.339,0.0,0,0,0.6,0
20:19:46.753,61.881,FOCUSED,100.0,0.177,0.343,0.0,0,0,0.6,0
20:19:46.832,61.959,FOCUSED,100.0,0.217,0.353,0.0,0,0,0.0,0
20:19:46.915,62.043,FOCUSED,100.0,0.258,0.357,0.0,0,0,0.0,0
20:19:46.986,62.114,FOCUSED,100.0,0.265,0.353,0.0,0,0,0.0,0
20:19:47.060,62.187,FOCUSED,100.0,0.268,0.353,0.0,0,0,0.0,0
20:19:47.131,62.259,FOCUSED,100.0,0.271,0.355,0.0,0,0,0.0,0
20:19:47.208,62.336,FOCUSED,100.0,0.267,0.351,0.0,0,0,0.0,0
20:19:47.293,62.421,FOCUSED,100.0,0.267,0.349,0.0,0,0,0.0,0
20:19:47.357,62.485,FOCUSED,100.0,0.274,0.352,0.0,0,0,0.0,0
20:19:47.431,62.559,FOCUSED,100.0,0.257,0.349,0.0,0,0,0.0,0
20:19:47.515,62.642,FOCUSED,100.0,0.14,0.34,0.0,0,0,0.6,0
20:19:47.597,62.725,FOCUSED,100.0,0.242,0.35,0.0,0,0,0.0,0
20:19:47.673,62.8,FOCUSED,100.0,0.256,0.348,0.0,0,0,0.0,0
20:19:47.741,62.869,FOCUSED,100.0,0.262,0.348,0.0,0,0,0.0,0
20:19:47.800,62.927,FOCUSED,100.0,0.263,0.349,0.0,0,0,0.0,0
20:19:47.863,62.991,FOCUSED,100.0,0.264,0.349,0.0,0,0,0.0,0
20:19:47.945,63.072,FOCUSED,100.0,0.263,0.348,0.0,0,0,0.0,0
20:19:48.035,63.163,FOCUSED,100.0,0.263,0.349,0.0,0,0,0.0,0
20:19:48.106,63.234,FOCUSED,100.0,0.269,0.349,0.0,0,0,0.0,0
20:19:48.186,63.314,FOCUSED,100.0,0.265,0.349,0.0,0,0,0.0,0
20:19:48.274,63.401,FOCUSED,100.0,0.267,0.348,0.0,0,0,0.0,0
20:19:48.349,63.477,FOCUSED,100.0,0.27,0.348,0.0,0,0,0.0,0
20:19:48.430,63.557,FOCUSED,100.0,0.267,0.349,0.0,0,0,0.0,0
20:19:48.516,63.644,FOCUSED,100.0,0.267,0.344,0.0,0,0,0.0,0
20:19:48.598,63.726,FOCUSED,100.0,0.26,0.343,0.0,0,0,0.0,0
20:19:48.673,63.801,FOCUSED,100.0,0.26,0.345,0.0,0,0,0.0,0
20:19:48.745,63.872,FOCUSED,100.0,0.263,0.345,0.0,0,0,0.0,0
20:19:48.820,63.948,FOCUSED,100.0,0.261,0.344,0.0,0,0,0.0,0
20:19:48.895,64.022,FOCUSED,100.0,0.258,0.346,0.0,0,0,0.0,0
20:19:48.958,64.086,FOCUSED,100.0,0.26,0.344,0.0,0,0,0.0,0
20:19:49.037,64.165,FOCUSED,100.0,0.263,0.347,0.0,0,0,0.0,0
20:19:49.104,64.232,FOCUSED,100.0,0.26,0.344,0.0,0,0,0.0,0
20:19:49.185,64.314,FOCUSED,100.0,0.261,0.345,0.0,0,0,0.0,0
20:19:49.296,64.424,FOCUSED,100.0,0.257,0.342,0.0,0,0,0.0,0
20:19:49.410,64.537,FOCUSED,100.0,0.27,0.353,0.0,0,0,0.0,0
20:19:49.528,64.656,FOCUSED,100.0,0.287,0.354,0.0,0,0,0.0,0
20:19:49.640,64.768,FOCUSED,100.0,0.289,0.349,0.0,0,0,0.0,0
20:19:49.762,64.89,FOCUSED,100.0,0.292,0.35,0.0,0,0,0.0,0
20:19:49.896,65.023,FOCUSED,100.0,0.282,0.35,0.0,0,0,0.0,0
20:19:50.025,65.152,FOCUSED,100.0,0.275,0.35,0.0,0,0,0.0,0
20:19:50.136,65.266,FOCUSED,100.0,0.283,0.349,0.0,0,0,0.0,0
20:19:50.253,65.381,FOCUSED,100.0,0.28,0.347,0.0,0,0,0.0,0
20:19:50.356,65.483,FOCUSED,100.0,0.279,0.348,0.0,0,0,0.0,0
20:19:50.452,65.579,FOCUSED,100.0,0.275,0.348,0.0,0,0,0.0,0
20:19:50.559,65.687,FOCUSED,100.0,0.278,0.349,0.0,0,0,0.0,0
20:19:50.686,65.814,FOCUSED,100.0,0.275,0.351,0.0,0,0,0.0,0
20:19:50.801,65.929,FOCUSED,100.0,0.273,0.35,0.0,0,0,0.0,0
20:19:50.903,66.031,FOCUSED,100.0,0.28,0.352,0.0,0,0,0.0,0
20:19:51.014,66.141,FOCUSED,100.0,0.281,0.351,0.0,0,0,0.0,0
20:19:51.149,66.277,FOCUSED,100.0,0.281,0.352,0.0,0,0,0.0,0
20:19:51.257,66.384,FOCUSED,100.0,0.28,0.352,0.0,0,0,0.0,0
20:19:51.360,66.487,FOCUSED,100.0,0.283,0.354,0.0,0,0,0.0,0
20:19:51.469,66.597,FOCUSED,100.0,0.285,0.354,0.0,0,0,0.0,0
20:19:51.588,66.716,FOCUSED,100.0,0.291,0.356,0.0,0,0,0.0,0
20:19:51.671,66.799,FOCUSED,100.0,0.294,0.356,0.0,0,0,0.0,0
20:19:51.771,66.899,FOCUSED,100.0,0.282,0.354,0.0,0,0,0.0,0
20:19:51.880,67.008,FOCUSED,100.0,0.278,0.353,0.0,0,0,0.0,0
20:19:51.996,67.124,FOCUSED,100.0,0.243,0.349,0.0,0,0,0.0,0
20:19:52.100,67.227,FOCUSED,100.0,0.186,0.341,0.0,0,0,0.0,0
20:19:52.204,67.332,FOCUSED,100.0,0.161,0.33,0.0,0,0,0.6,0
20:19:52.295,67.422,FOCUSED,100.0,0.178,0.337,0.0,0,0,0.6,0
20:19:52.404,67.532,FOCUSED,100.0,0.287,0.347,0.0,0,0,0.0,0
20:19:52.516,67.644,FOCUSED,100.0,0.283,0.344,0.0,0,0,0.0,0
20:19:52.617,67.744,FOCUSED,100.0,0.282,0.344,0.0,0,0,0.0,0
20:19:52.721,67.849,FOCUSED,100.0,0.287,0.35,0.0,0,0,0.0,0
20:19:52.846,67.974,FOCUSED,100.0,0.292,0.353,0.0,0,0,0.0,0
20:19:52.952,68.08,FOCUSED,100.0,0.298,0.35,0.0,0,0,0.0,0
20:19:53.054,68.182,FOCUSED,100.0,0.304,0.354,0.0,0,0,0.0,0
20:19:53.155,68.282,FOCUSED,100.0,0.303,0.352,0.0,0,0,0.0,0
20:19:53.250,68.378,FOCUSED,100.0,0.297,0.359,0.0,0,0,0.0,0
20:19:53.340,68.467,FOCUSED,100.0,0.291,0.352,0.0,0,0,0.0,0
20:19:53.429,68.557,FOCUSED,100.0,0.287,0.358,0.0,0,0,0.0,0
20:19:53.517,68.644,FOCUSED,100.0,0.281,0.356,0.0,0,0,0.0,0
20:19:53.606,68.734,FOCUSED,100.0,0.29,0.347,0.0,0,0,0.0,0
20:19:53.697,68.824,FOCUSED,100.0,0.291,0.353,0.0,0,0,0.0,0
20:19:53.789,68.917,FOCUSED,100.0,0.215,0.337,0.0,0,0,0.0,0
20:19:53.876,69.004,FOCUSED,100.0,0.216,0.336,0.0,0,0,0.0,0
20:19:53.973,69.101,FOCUSED,100.0,0.266,0.344,0.0,0,0,0.0,0
20:19:54.064,69.191,FOCUSED,100.0,0.27,0.348,0.0,0,0,0.0,0
20:19:54.160,69.287,FOCUSED,100.0,0.255,0.347,0.0,0,0,0.0,0
20:19:54.245,69.373,FOCUSED,100.0,0.252,0.351,0.0,0,0,0.0,0
20:19:54.339,69.467,FOCUSED,100.0,0.26,0.349,0.0,0,0,0.0,0
20:19:54.433,69.56,FOCUSED,100.0,0.261,0.352,0.0,0,0,0.0,0
20:19:54.538,69.666,FOCUSED,100.0,0.266,0.354,0.0,0,0,0.0,0
20:19:54.625,69.752,FOCUSED,100.0,0.265,0.351,0.0,0,0,0.0,0
20:19:54.724,69.852,FOCUSED,100.0,0.268,0.352,0.0,0,0,0.0,0
20:19:54.816,69.944,FOCUSED,100.0,0.271,0.352,0.0,0,0,0.0,0
20:19:54.913,70.041,FOCUSED,100.0,0.271,0.352,0.0,0,0,0.0,0
20:19:55.023,70.15,FOCUSED,100.0,0.269,0.356,0.0,0,0,0.0,0
20:19:55.126,70.253,FOCUSED,100.0,0.286,0.361,0.0,0,0,0.0,0
20:19:55.243,70.371,FOCUSED,100.0,0.291,0.359,0.0,0,0,0.0,0
20:19:55.349,70.477,FOCUSED,100.0,0.293,0.359,0.0,0,0,0.0,0
20:19:55.453,70.581,FOCUSED,100.0,0.272,0.354,0.0,0,0,0.0,0
20:19:55.544,70.672,FOCUSED,100.0,0.266,0.352,0.0,0,0,0.0,0
20:19:55.660,70.789,FOCUSED,100.0,0.264,0.355,0.0,0,0,0.0,0
20:19:55.755,70.882,FOCUSED,100.0,0.268,0.352,0.0,0,0,0.0,0
20:19:55.856,70.983,FOCUSED,100.0,0.265,0.355,0.0,0,0,0.0,0
20:19:55.938,71.066,FOCUSED,100.0,0.267,0.354,0.0,0,0,0.0,0
20:19:56.031,71.159,FOCUSED,100.0,0.264,0.354,0.0,0,0,0.0,0
20:19:56.142,71.269,FOCUSED,100.0,0.264,0.354,0.0,0,0,0.0,0
20:19:56.250,71.377,FOCUSED,100.0,0.263,0.353,0.0,0,0,0.0,0
20:19:56.362,71.489,FOCUSED,100.0,0.268,0.351,0.0,0,0,0.0,0
20:19:56.453,71.581,FOCUSED,100.0,0.266,0.352,0.0,0,0,0.0,0
20:19:56.545,71.673,FOCUSED,100.0,0.265,0.349,0.0,0,0,0.0,0
20:19:56.643,71.77,FOCUSED,100.0,0.263,0.35,0.0,0,0,0.0,0
20:19:56.750,71.878,FOCUSED,100.0,0.266,0.349,0.0,0,0,0.0,0
20:19:56.847,71.974,FOCUSED,100.0,0.264,0.351,0.0,0,0,0.0,0
20:19:56.938,72.066,FOCUSED,100.0,0.261,0.349,0.0,0,0,0.0,0
20:19:57.024,72.151,FOCUSED,100.0,0.256,0.348,0.0,0,0,0.0,0
20:19:57.111,72.238,FOCUSED,100.0,0.261,0.349,0.0,0,0,0.0,0
20:19:57.211,72.338,FOCUSED,100.0,0.262,0.347,0.0,0,0,0.0,0
20:19:57.304,72.431,FOCUSED,100.0,0.262,0.349,0.0,0,0,0.0,0
20:19:57.397,72.525,FOCUSED,100.0,0.261,0.349,0.0,0,0,0.0,0
20:19:57.486,72.613,FOCUSED,100.0,0.259,0.349,0.0,0,0,0.0,0
20:19:57.575,72.703,FOCUSED,100.0,0.261,0.35,0.0,0,0,0.0,0
20:19:57.679,72.807,FOCUSED,100.0,0.262,0.35,0.0,0,0,0.0,0
20:19:57.787,72.914,FOCUSED,100.0,0.26,0.35,0.0,0,0,0.0,0
20:19:57.871,72.999,FOCUSED,100.0,0.264,0.35,0.0,0,0,0.0,0
20:19:57.960,73.088,FOCUSED,100.0,0.259,0.351,0.0,0,0,0.0,0
20:19:58.064,73.191,FOCUSED,100.0,0.265,0.353,0.0,0,0,0.0,0
20:19:58.149,73.276,FOCUSED,100.0,0.264,0.351,0.0,0,0,0.0,0
20:19:58.245,73.373,FOCUSED,100.0,0.263,0.352,0.0,0,0,0.0,0
20:19:58.338,73.465,FOCUSED,100.0,0.26,0.351,0.0,0,0,0.0,0
20:19:58.417,73.545,FOCUSED,100.0,0.266,0.35,0.0,0,0,0.0,0
20:19:58.501,73.629,FOCUSED,100.0,0.268,0.352,0.0,0,0,0.0,0
20:19:58.608,73.736,FOCUSED,100.0,0.262,0.351,0.0,0,0,0.0,0
20:19:58.740,73.867,FOCUSED,100.0,0.264,0.356,0.0,0,0,0.0,0
20:19:58.840,73.968,FOCUSED,100.0,0.258,0.354,0.0,0,0,0.0,0
20:19:58.945,74.073,FOCUSED,100.0,0.269,0.344,0.0,0,0,0.0,0
20:19:59.054,74.181,FOCUSED,100.0,0.264,0.355,0.0,0,0,0.0,0
20:19:59.175,74.302,FOCUSED,100.0,0.21,0.353,0.0,0,0,0.0,0
20:19:59.278,74.406,FOCUSED,100.0,0.179,0.353,0.0,0,0,0.6,0
20:19:59.386,74.514,FOCUSED,100.0,0.149,0.348,0.0,0,0,0.6,0
20:19:59.482,74.609,FOCUSED,100.0,0.157,0.344,0.0,0,0,0.6,0
20:19:59.590,74.718,FOCUSED,100.0,0.232,0.355,0.0,0,0,0.0,0
20:19:59.686,74.815,FOCUSED,100.0,0.254,0.358,0.0,0,0,0.0,0
20:19:59.795,74.922,FOCUSED,100.0,0.251,0.352,0.0,0,0,0.0,0
20:19:59.892,75.019,FOCUSED,100.0,0.254,0.352,0.0,0,0,0.0,0
20:19:59.999,75.127,FOCUSED,100.0,0.254,0.353,0.0,0,0,0.0,0
20:20:00.102,75.229,FOCUSED,100.0,0.251,0.349,0.0,0,0,0.0,0
20:20:00.184,75.311,FOCUSED,100.0,0.253,0.354,0.0,0,0,0.0,0
20:20:00.272,75.4,FOCUSED,100.0,0.258,0.352,0.0,0,0,0.0,0
20:20:00.378,75.505,FOCUSED,100.0,0.26,0.353,0.0,0,0,0.0,0
20:20:00.473,75.6,FOCUSED,100.0,0.261,0.351,0.0,0,0,0.0,0
20:20:00.561,75.689,FOCUSED,100.0,0.256,0.349,0.0,0,0,0.0,0
20:20:00.648,75.775,FOCUSED,100.0,0.258,0.35,0.0,0,0,0.0,0
20:20:00.747,75.875,FOCUSED,100.0,0.263,0.353,0.0,0,0,0.0,0
20:20:00.835,75.963,FOCUSED,100.0,0.261,0.352,0.0,0,0,0.0,0
20:20:00.922,76.049,FOCUSED,100.0,0.26,0.352,0.0,0,0,0.0,0
20:20:01.025,76.152,FOCUSED,100.0,0.259,0.351,0.0,0,0,0.0,0
20:20:01.120,76.247,FOCUSED,100.0,0.263,0.352,0.0,0,0,0.0,0
20:20:01.215,76.343,FOCUSED,100.0,0.271,0.354,0.0,0,0,0.0,0
20:20:01.311,76.439,FOCUSED,100.0,0.266,0.353,0.0,0,0,0.0,0
20:20:01.395,76.523,FOCUSED,100.0,0.265,0.352,0.0,0,0,0.0,0
20:20:01.495,76.622,FOCUSED,100.0,0.261,0.349,0.0,0,0,0.0,0
20:20:01.587,76.714,FOCUSED,100.0,0.261,0.355,0.0,0,0,0.0,0
20:20:01.684,76.811,FOCUSED,100.0,0.275,0.356,0.0,0,0,0.0,0
20:20:01.797,76.925,FOCUSED,100.0,0.265,0.354,0.0,0,0,0.0,0
20:20:01.931,77.059,FOCUSED,100.0,0.267,0.355,0.0,0,0,0.0,0
20:20:02.058,77.185,FOCUSED,100.0,0.256,0.351,0.0,0,0,0.0,0
20:20:02.153,77.281,FOCUSED,100.0,0.267,0.349,0.0,0,0,0.0,0
20:20:02.246,77.374,FOCUSED,100.0,0.268,0.352,0.0,0,0,0.0,0
20:20:02.347,77.474,FOCUSED,100.0,0.262,0.351,0.0,0,0,0.0,0
20:20:02.435,77.562,FOCUSED,100.0,0.271,0.353,0.0,0,0,0.0,0
20:20:02.523,77.651,FOCUSED,100.0,0.265,0.354,0.0,0,0,0.0,0
20:20:02.623,77.751,FOCUSED,100.0,0.265,0.354,0.0,0,0,0.0,0
20:20:02.736,77.864,FOCUSED,100.0,0.265,0.353,0.0,0,0,0.0,0
20:20:02.842,77.97,FOCUSED,100.0,0.26,0.353,0.0,0,0,0.0,0
20:20:02.948,78.075,FOCUSED,100.0,0.268,0.353,0.0,0,0,0.0,0
20:20:03.025,78.152,FOCUSED,100.0,0.26,0.354,0.0,0,0,0.0,0
20:20:03.107,78.235,FOCUSED,100.0,0.257,0.353,0.0,0,0,0.0,0
20:20:03.217,78.345,FOCUSED,100.0,0.261,0.354,0.0,0,0,0.0,0
20:20:03.308,78.436,FOCUSED,100.0,0.262,0.353,0.0,0,0,0.0,0
20:20:03.388,78.516,FOCUSED,100.0,0.269,0.349,0.0,0,0,0.0,0
20:20:03.471,78.599,FOCUSED,100.0,0.262,0.352,0.0,0,0,0.0,0
20:20:03.567,78.694,FOCUSED,100.0,0.265,0.35,0.0,0,0,0.0,0
20:20:03.655,78.782,FOCUSED,100.0,0.264,0.353,0.0,0,0,0.0,0
20:20:03.759,78.887,FOCUSED,100.0,0.26,0.353,0.0,0,0,0.0,0
20:20:03.873,79.0,FOCUSED,100.0,0.266,0.35,0.0,0,0,0.0,0
20:20:03.974,79.102,FOCUSED,100.0,0.264,0.352,0.0,0,0,0.0,0
20:20:04.057,79.184,FOCUSED,100.0,0.272,0.345,0.0,0,0,0.0,0
20:20:04.145,79.272,FOCUSED,100.0,0.25,0.344,0.0,0,0,0.0,0
20:20:04.257,79.384,FOCUSED,100.0,0.262,0.341,0.0,0,0,0.0,0
20:20:04.356,79.483,FOCUSED,100.0,0.258,0.346,0.0,0,0,0.0,0
20:20:04.460,79.587,FOCUSED,100.0,0.267,0.356,0.0,0,0,0.0,0
20:20:04.562,79.69,FOCUSED,100.0,0.259,0.356,0.0,0,0,0.0,0
20:20:04.653,79.781,FOCUSED,100.0,0.258,0.361,0.0,0,0,0.0,0
20:20:04.737,79.864,FOCUSED,100.0,0.26,0.353,0.0,0,0,0.0,0
20:20:04.838,79.966,FOCUSED,100.0,0.265,0.356,0.0,0,0,0.0,0
20:20:04.933,80.06,FOCUSED,100.0,0.269,0.353,0.0,0,0,0.0,0
20:20:05.020,80.147,FOCUSED,100.0,0.27,0.352,0.0,0,0,0.0,0
20:20:05.108,80.236,FOCUSED,100.0,0.278,0.356,0.0,0,0,0.0,0
20:20:05.197,80.324,FOCUSED,100.0,0.273,0.357,0.0,0,0,0.0,0
20:20:05.288,80.416,FOCUSED,100.0,0.269,0.359,0.0,0,0,0.0,0
20:20:05.380,80.507,FOCUSED,100.0,0.268,0.368,0.0,0,0,0.0,0
20:20:05.474,80.601,FOCUSED,100.0,0.266,0.367,0.0,0,0,0.0,0
20:20:05.570,80.697,FOCUSED,100.0,0.27,0.37,0.0,0,0,0.0,0
20:20:05.654,80.782,FOCUSED,100.0,0.268,0.371,0.0,0,0,0.0,0
20:20:05.757,80.885,FOCUSED,100.0,0.273,0.374,0.0,0,0,0.0,0
20:20:05.844,80.972,FOCUSED,100.0,0.269,0.377,0.0,0,0,0.0,0
20:20:05.941,81.069,FOCUSED,100.0,0.254,0.369,0.0,0,0,0.0,0
20:20:06.026,81.154,FOCUSED,100.0,0.23,0.368,0.0,0,0,0.0,0
20:20:06.130,81.258,FOCUSED,100.0,0.24,0.366,0.0,0,0,0.0,0
20:20:06.223,81.35,FOCUSED,100.0,0.244,0.366,0.0,0,0,0.0,0
20:20:06.317,81.444,FOCUSED,100.0,0.249,0.371,0.0,0,0,0.0,0
20:20:06.432,81.559,FOCUSED,100.0,0.246,0.369,0.0,0,0,0.0,0
20:20:06.525,81.652,FOCUSED,100.0,0.249,0.373,0.0,0,0,0.0,0
20:20:06.601,81.728,FOCUSED,100.0,0.254,0.371,0.0,0,0,0.0,0
20:20:06.661,81.789,FOCUSED,100.0,0.255,0.371,0.0,0,0,0.0,0
20:20:06.716,81.844,FOCUSED,100.0,0.253,0.372,0.0,0,0,0.0,0
20:20:06.776,81.903,FOCUSED,100.0,0.252,0.37,0.0,0,0,0.0,0
20:20:06.830,81.957,FOCUSED,100.0,0.254,0.371,0.0,0,0,0.0,0
20:20:06.888,82.016,FOCUSED,100.0,0.185,0.369,0.0,0,0,0.0,0
20:20:06.943,82.071,FOCUSED,100.0,0.094,0.372,0.0,0,0,0.6,0
20:20:07.026,82.153,FOCUSED,100.0,0.206,0.38,0.0,0,0,0.0,0
20:20:07.095,82.223,FOCUSED,100.0,0.264,0.392,0.0,0,0,0.0,0
20:20:07.165,82.293,FOCUSED,100.0,0.28,0.403,0.0,0,0,0.0,0
20:20:07.230,82.357,FOCUSED,100.0,0.291,0.404,0.0,0,0,0.0,0
20:20:07.288,82.416,FOCUSED,100.0,0.291,0.404,0.0,0,0,0.0,0
20:20:07.345,82.472,FOCUSED,100.0,0.297,0.407,0.0,0,0,0.0,0
20:20:07.402,82.53,FOCUSED,100.0,0.31,0.413,0.0,0,0,0.0,0
20:20:07.458,82.585,FOCUSED,100.0,0.316,0.409,0.0,0,0,0.0,0
20:20:07.516,82.644,FOCUSED,100.0,0.317,0.409,0.0,0,0,0.0,0
20:20:07.571,82.698,FOCUSED,100.0,0.318,0.409,0.0,0,0,0.0,0
20:20:07.635,82.763,FOCUSED,100.0,0.315,0.408,0.0,0,0,0.0,0
20:20:07.695,82.823,FOCUSED,100.0,0.312,0.405,0.0,0,0,0.0,0
20:20:07.754,82.882,FOCUSED,100.0,0.314,0.407,0.0,0,0,0.0,0
20:20:07.813,82.94,FOCUSED,100.0,0.312,0.406,0.0,0,0,0.0,0
20:20:07.868,82.995,FOCUSED,100.0,0.312,0.406,0.0,0,0,0.0,0
20:20:07.927,83.054,FOCUSED,100.0,0.311,0.406,0.0,0,0,0.0,0
20:20:07.988,83.116,FOCUSED,100.0,0.315,0.406,0.0,0,0,0.0,0
20:20:08.053,83.18,FOCUSED,100.0,0.314,0.406,0.0,0,0,0.0,0
20:20:08.121,83.249,FOCUSED,100.0,0.31,0.404,0.0,0,0,0.0,0
20:20:08.190,83.318,FOCUSED,100.0,0.309,0.404,0.0,0,0,0.0,0
20:20:08.257,83.384,FOCUSED,100.0,0.312,0.403,0.0,0,0,0.0,0
20:20:08.329,83.456,FOCUSED,100.0,0.303,0.403,0.0,0,0,0.0,0
20:20:08.405,83.532,FOCUSED,100.0,0.307,0.402,0.0,0,0,0.0,0
20:20:08.474,83.602,FOCUSED,100.0,0.299,0.402,0.0,0,0,0.0,0
20:20:08.549,83.676,FOCUSED,100.0,0.301,0.404,0.0,0,0,0.0,0
20:20:08.627,83.754,FOCUSED,100.0,0.304,0.402,0.0,0,0,0.0,0
20:20:08.698,83.826,FOCUSED,100.0,0.301,0.401,0.0,0,0,0.0,0
20:20:08.764,83.891,FOCUSED,100.0,0.306,0.389,0.0,0,0,0.0,0
20:20:08.825,83.953,FOCUSED,100.0,0.306,0.388,0.0,0,0,0.0,0
20:20:08.887,84.014,FOCUSED,100.0,0.311,0.39,0.0,0,0,0.0,0
20:20:08.951,84.079,FOCUSED,100.0,0.31,0.394,0.0,0,0,0.0,0
20:20:09.013,84.14,FOCUSED,100.0,0.31,0.396,0.0,0,0,0.0,0
20:20:09.078,84.205,FOCUSED,100.0,0.315,0.406,0.0,0,0,0.0,0
20:20:09.144,84.272,FOCUSED,100.0,0.313,0.409,0.0,0,0,0.0,0
20:20:09.206,84.334,FOCUSED,100.0,0.306,0.41,0.0,0,0,0.0,0
20:20:09.271,84.398,FOCUSED,100.0,0.306,0.41,0.0,0,0,0.0,0
20:20:09.330,84.457,FOCUSED,100.0,0.302,0.415,0.0,0,0,0.0,0
20:20:09.393,84.521,FOCUSED,100.0,0.304,0.41,0.0,0,0,0.0,0
20:20:09.453,84.58,FOCUSED,100.0,0.302,0.412,0.0,0,0,0.0,0
20:20:09.518,84.645,FOCUSED,100.0,0.3,0.411,0.0,0,0,0.0,0
20:20:09.598,84.725,FOCUSED,100.0,0.29,0.409,0.0,0,0,0.0,0
20:20:09.665,84.793,FOCUSED,100.0,0.295,0.406,0.0,0,0,0.0,0
20:20:09.733,84.861,FOCUSED,100.0,0.305,0.405,0.0,0,0,0.0,0
20:20:09.801,84.928,FOCUSED,100.0,0.302,0.402,0.0,0,0,0.0,0
20:20:09.862,84.99,FOCUSED,100.0,0.304,0.4,0.0,0,0,0.0,0
20:20:09.924,85.053,FOCUSED,100.0,0.297,0.396,0.0,0,0,0.0,0
20:20:09.991,85.119,FOCUSED,100.0,0.295,0.395,0.0,0,0,0.0,0
20:20:10.051,85.179,FOCUSED,100.0,0.297,0.398,0.0,0,0,0.0,0
20:20:10.112,85.24,FOCUSED,100.0,0.288,0.393,0.0,0,0,0.0,0
20:20:10.175,85.302,FOCUSED,100.0,0.294,0.393,0.0,0,0,0.0,0
20:20:10.238,85.366,FOCUSED,100.0,0.294,0.394,0.0,0,0,0.0,0
20:20:10.302,85.43,FOCUSED,100.0,0.294,0.392,0.0,0,0,0.0,0
20:20:10.367,85.494,FOCUSED,100.0,0.295,0.394,0.0,0,0,0.0,0
20:20:10.435,85.563,FOCUSED,100.0,0.294,0.394,0.0,0,0,0.0,0
20:20:10.498,85.625,FOCUSED,100.0,0.293,0.395,0.0,0,0,0.0,0
20:20:10.558,85.686,FOCUSED,100.0,0.289,0.395,0.0,0,0,0.0,0
20:20:10.619,85.747,FOCUSED,100.0,0.294,0.395,0.0,0,0,0.0,0
20:20:10.677,85.805,FOCUSED,100.0,0.29,0.394,0.0,0,0,0.0,0
20:20:10.741,85.869,FOCUSED,100.0,0.294,0.395,0.0,0,0,0.0,0
20:20:10.812,85.939,FOCUSED,100.0,0.289,0.394,0.0,0,0,0.0,0
20:20:10.872,85.999,FOCUSED,100.0,0.292,0.396,0.0,0,0,0.0,0
20:20:10.935,86.063,FOCUSED,100.0,0.292,0.394,0.0,0,0,0.0,0
20:20:11.018,86.146,FOCUSED,100.0,0.291,0.395,0.0,0,0,0.0,0
20:20:11.083,86.211,FOCUSED,100.0,0.297,0.394,0.0,0,0,0.0,0
20:20:11.154,86.281,FOCUSED,100.0,0.299,0.398,0.0,0,0,0.0,0
20:20:11.228,86.356,FOCUSED,100.0,0.302,0.395,0.0,0,0,0.0,0
20:20:11.295,86.423,FOCUSED,100.0,0.3,0.394,0.0,0,0,0.0,0
20:20:11.354,86.481,FOCUSED,100.0,0.294,0.395,0.0,0,0,0.0,0
20:20:11.427,86.554,FOCUSED,100.0,0.287,0.392,0.0,0,0,0.0,0
20:20:11.490,86.618,FOCUSED,100.0,0.289,0.394,0.0,0,0,0.0,0
20:20:11.553,86.681,FOCUSED,100.0,0.288,0.392,0.0,0,0,0.0,0
20:20:11.623,86.75,FOCUSED,100.0,0.287,0.394,0.0,0,0,0.0,0
20:20:11.689,86.816,FOCUSED,100.0,0.288,0.394,0.0,0,0,0.0,0
20:20:11.754,86.881,FOCUSED,100.0,0.289,0.396,0.0,0,0,0.0,0
20:20:11.823,86.95,FOCUSED,100.0,0.291,0.396,0.0,0,0,0.0,0
20:20:11.882,87.01,FOCUSED,100.0,0.293,0.395,0.0,0,0,0.0,0
20:20:11.943,87.07,FOCUSED,100.0,0.285,0.395,0.0,0,0,0.0,0
20:20:12.005,87.133,FOCUSED,100.0,0.294,0.394,0.0,0,0,0.0,0
20:20:12.064,87.192,FOCUSED,100.0,0.289,0.398,0.0,0,0,0.0,0
20:20:12.123,87.25,FOCUSED,100.0,0.293,0.395,0.0,0,0,0.0,0
20:20:12.183,87.311,FOCUSED,100.0,0.289,0.398,0.0,0,0,0.0,0
20:20:12.245,87.372,FOCUSED,100.0,0.285,0.397,0.0,0,0,0.0,0
20:20:12.308,87.436,FOCUSED,100.0,0.291,0.396,0.0,0,0,0.0,0
20:20:12.384,87.511,FOCUSED,100.0,0.293,0.397,0.0,0,0,0.0,0
20:20:12.447,87.575,FOCUSED,100.0,0.288,0.394,0.0,0,0,0.0,0
20:20:12.512,87.64,FOCUSED,100.0,0.287,0.393,0.0,0,0,0.0,0
20:20:12.577,87.705,FOCUSED,100.0,0.286,0.394,0.0,0,0,0.0,0
20:20:12.642,87.77,FOCUSED,100.0,0.289,0.392,0.0,0,0,0.0,0
20:20:12.706,87.834,FOCUSED,100.0,0.284,0.39,0.0,0,0,0.0,0
20:20:12.774,87.902,FOCUSED,100.0,0.287,0.393,0.0,0,0,0.0,0
20:20:12.837,87.964,FOCUSED,100.0,0.281,0.395,0.0,0,0,0.0,0
20:20:12.900,88.028,FOCUSED,100.0,0.285,0.393,0.0,0,0,0.0,0
20:20:12.962,88.09,FOCUSED,100.0,0.288,0.394,0.0,0,0,0.0,0
20:20:13.025,88.152,FOCUSED,100.0,0.287,0.393,0.0,0,0,0.0,0
20:20:13.093,88.221,FOCUSED,100.0,0.289,0.395,0.0,0,0,0.0,0
20:20:13.168,88.296,FOCUSED,100.0,0.288,0.394,0.0,0,0,0.0,0
20:20:13.245,88.373,FOCUSED,100.0,0.284,0.395,0.0,0,0,0.0,0
20:20:13.311,88.439,FOCUSED,100.0,0.28,0.387,0.0,0,0,0.0,0
20:20:13.394,88.521,FOCUSED,100.0,0.288,0.384,0.0,0,0,0.0,0
20:20:13.474,88.602,FOCUSED,100.0,0.275,0.377,0.0,0,0,0.0,0
20:20:13.554,88.682,FOCUSED,100.0,0.29,0.38,0.0,0,0,0.0,0
20:20:13.634,88.761,FOCUSED,100.0,0.285,0.38,0.0,0,0,0.0,0
20:20:13.716,88.843,FOCUSED,100.0,0.296,0.373,0.0,0,0,0.0,0
20:20:13.799,88.927,FOCUSED,100.0,0.287,0.369,0.0,0,0,0.0,0
20:20:13.874,89.001,FOCUSED,100.0,0.136,0.354,0.0,0,0,0.6,0
20:20:13.952,89.081,FOCUSED,100.0,0.15,0.346,0.0,0,0,0.6,0
20:20:14.032,89.16,FOCUSED,100.0,0.252,0.358,0.0,0,0,0.0,0
20:20:14.113,89.24,FOCUSED,100.0,0.264,0.366,0.0,0,0,0.0,0
20:20:14.189,89.317,FOCUSED,100.0,0.271,0.364,0.0,0,0,0.0,0
20:20:14.265,89.393,FOCUSED,100.0,0.262,0.369,0.0,0,0,0.0,0
20:20:14.342,89.47,FOCUSED,100.0,0.257,0.374,0.0,0,0,0.0,0
20:20:14.420,89.547,FOCUSED,100.0,0.263,0.334,0.0,0,0,0.0,0
20:20:14.499,89.626,FOCUSED,100.0,0.257,0.331,0.0,0,0,0.0,0
20:20:14.580,89.707,FOCUSED,100.0,0.269,0.339,0.0,0,0,0.0,0
20:20:14.663,89.791,FOCUSED,100.0,0.273,0.321,0.0,0,0,0.0,0
20:20:14.751,89.879,FOCUSED,100.0,0.28,0.324,0.0,0,0,0.0,0
20:20:14.845,89.973,FOCUSED,100.0,0.267,0.323,0.0,0,0,0.0,0
20:20:14.941,90.068,FOCUSED,100.0,0.269,0.333,0.0,0,0,0.0,0
20:20:15.027,90.155,FOCUSED,100.0,0.276,0.34,0.0,0,0,0.0,0
20:20:15.108,90.236,FOCUSED,100.0,0.272,0.34,0.0,0,0,0.0,0
20:20:15.189,90.316,FOCUSED,100.0,0.279,0.346,0.0,0,0,0.0,0
20:20:15.267,90.394,FOCUSED,100.0,0.284,0.352,0.0,0,0,0.0,0
20:20:15.346,90.474,FOCUSED,100.0,0.27,0.347,0.0,0,0,0.0,0
20:20:15.419,90.547,FOCUSED,100.0,0.275,0.336,0.0,0,0,0.0,0
20:20:15.496,90.624,FOCUSED,100.0,0.276,0.34,0.0,0,0,0.0,0
20:20:15.573,90.7,FOCUSED,100.0,0.28,0.342,0.0,0,0,0.0,0
20:20:15.649,90.777,FOCUSED,100.0,0.279,0.345,0.0,0,0,0.0,0
20:20:15.727,90.855,FOCUSED,100.0,0.283,0.344,0.0,0,0,0.0,0
20:20:15.798,90.925,FOCUSED,100.0,0.284,0.344,0.0,0,0,0.0,0
20:20:15.871,90.999,FOCUSED,100.0,0.283,0.342,0.0,0,0,0.0,0
20:20:15.946,91.074,FOCUSED,100.0,0.275,0.355,0.0,0,0,0.0,0
20:20:16.018,91.145,FOCUSED,100.0,0.286,0.357,0.0,0,0,0.0,0
20:20:16.095,91.222,FOCUSED,100.0,0.283,0.358,0.0,0,0,0.0,0
20:20:16.169,91.297,FOCUSED,100.0,0.292,0.357,0.0,0,0,0.0,0
20:20:16.243,91.371,FOCUSED,100.0,0.285,0.346,0.0,0,0,0.0,0
20:20:16.321,91.449,FOCUSED,100.0,0.289,0.352,0.0,0,0,0.0,0
20:20:16.396,91.524,FOCUSED,100.0,0.28,0.348,0.0,0,0,0.0,0
20:20:16.473,91.6,FOCUSED,100.0,0.296,0.349,0.0,0,0,0.0,0
20:20:16.555,91.683,FOCUSED,100.0,0.277,0.344,0.0,0,0,0.0,0
20:20:16.631,91.758,FOCUSED,100.0,0.289,0.354,0.0,0,0,0.0,0
20:20:16.705,91.832,FOCUSED,100.0,0.279,0.348,0.0,0,0,0.0,0
20:20:16.784,91.911,FOCUSED,100.0,0.288,0.351,0.0,0,0,0.0,0
20:20:16.858,91.986,FOCUSED,100.0,0.289,0.348,0.0,0,0,0.0,0
20:20:16.933,92.061,FOCUSED,100.0,0.294,0.352,0.0,0,0,0.0,0
20:20:17.007,92.135,FOCUSED,100.0,0.287,0.348,0.0,0,0,0.0,0
20:20:17.080,92.207,FOCUSED,100.0,0.288,0.353,0.0,0,0,0.0,0
20:20:17.154,92.282,FOCUSED,100.0,0.279,0.348,0.0,0,0,0.0,0
20:20:17.233,92.36,FOCUSED,100.0,0.285,0.354,0.0,0,0,0.0,0
20:20:17.302,92.429,FOCUSED,100.0,0.278,0.349,0.0,0,0,0.0,0
20:20:17.380,92.508,FOCUSED,100.0,0.287,0.353,0.0,0,0,0.0,0
20:20:17.451,92.578,FOCUSED,100.0,0.241,0.351,0.0,0,0,0.0,0
20:20:17.529,92.656,FOCUSED,100.0,0.037,0.348,0.0,0,0,0.6,0
20:20:17.607,92.735,FOCUSED,100.0,0.163,0.363,0.0,0,0,0.6,0
20:20:17.681,92.808,FOCUSED,100.0,0.22,0.373,0.0,0,0,0.0,0
20:20:17.762,92.889,FOCUSED,100.0,0.19,0.399,0.0,0,0,0.0,0
20:20:17.837,92.964,FOCUSED,100.0,0.099,0.399,0.0,0,0,0.6,0
20:20:17.904,93.032,FOCUSED,100.0,0.081,0.412,0.0,0,0,0.6,0
20:20:17.968,93.096,FOCUSED,100.0,0.083,0.4,0.0,0,0,0.6,0
20:20:18.030,93.158,FOCUSED,100.0,0.036,0.397,0.0,0,0,0.6,0
20:20:18.094,93.221,FOCUSED,100.0,0.035,0.397,0.0,0,0,0.6,0
20:20:18.158,93.285,FOCUSED,100.0,0.185,0.393,0.0,0,0,0.0,0
20:20:18.221,93.349,FOCUSED,100.0,0.255,0.398,0.0,0,0,0.0,0
20:20:18.280,93.408,FOCUSED,100.0,0.259,0.396,0.0,0,0,0.0,0
20:20:18.342,93.469,FOCUSED,100.0,0.279,0.392,0.0,0,0,0.0,0
20:20:18.409,93.537,FOCUSED,100.0,0.275,0.386,0.0,0,0,0.0,0
20:20:18.471,93.599,FOCUSED,100.0,0.276,0.384,0.0,0,0,0.0,0
20:20:18.540,93.668,FOCUSED,100.0,0.283,0.389,0.0,0,0,0.0,0
20:20:18.607,93.735,FOCUSED,100.0,0.286,0.39,0.0,0,0,0.0,0
20:20:18.673,93.8,FOCUSED,100.0,0.287,0.389,0.0,0,0,0.0,0
20:20:18.736,93.864,FOCUSED,100.0,0.284,0.386,0.0,0,0,0.0,0
20:20:18.818,93.946,FOCUSED,100.0,0.288,0.385,0.0,0,0,0.0,0
20:20:18.900,94.028,FOCUSED,100.0,0.293,0.378,0.3,0,0,0.0,0
20:20:18.977,94.105,FOCUSED,100.0,0.301,0.375,0.0,0,0,0.0,0
20:20:19.053,94.181,FOCUSED,100.0,0.289,0.367,0.0,0,0,0.0,0
20:20:19.125,94.252,FOCUSED,100.0,0.302,0.366,0.0,0,0,0.0,0
20:20:19.198,94.325,FOCUSED,100.0,0.29,0.361,0.0,0,0,0.0,0
20:20:19.274,94.402,FOCUSED,100.0,0.283,0.359,0.0,0,0,0.0,0
20:20:19.349,94.476,FOCUSED,100.0,0.292,0.365,0.0,0,0,0.0,0
20:20:19.423,94.551,FOCUSED,100.0,0.288,0.366,0.0,0,0,0.0,0
20:20:19.493,94.621,FOCUSED,100.0,0.288,0.368,0.0,0,0,0.0,0
20:20:19.569,94.697,FOCUSED,100.0,0.289,0.368,0.0,0,0,0.0,0
20:20:19.643,94.77,FOCUSED,100.0,0.288,0.364,0.0,0,0,0.0,0
20:20:19.719,94.847,FOCUSED,100.0,0.286,0.363,0.0,0,0,0.0,0
20:20:19.798,94.925,FOCUSED,100.0,0.28,0.364,0.0,0,0,0.0,0
20:20:19.876,95.003,FOCUSED,100.0,0.284,0.361,0.0,0,0,0.0,0
20:20:19.952,95.08,FOCUSED,100.0,0.288,0.374,0.0,0,0,0.0,0
20:20:20.030,95.158,FOCUSED,100.0,0.292,0.375,0.0,0,0,0.0,0
20:20:20.108,95.235,FOCUSED,100.0,0.296,0.377,0.0,0,0,0.0,0
20:20:20.183,95.31,FOCUSED,100.0,0.289,0.379,0.0,0,0,0.0,0
20:20:20.259,95.387,FOCUSED,100.0,0.281,0.381,0.416,1,0,0.0,0
20:20:20.335,95.463,FOCUSED,100.0,0.285,0.381,0.0,0,0,0.0,0
20:20:20.415,95.542,FOCUSED,100.0,0.278,0.382,0.347,1,0,0.0,0
20:20:20.490,95.617,FOCUSED,100.0,0.291,0.382,0.0,0,0,0.0,0
20:20:20.570,95.698,FOCUSED,100.0,0.295,0.379,0.0,0,0,0.0,0
20:20:20.646,95.774,FOCUSED,100.0,0.292,0.382,0.0,0,0,0.0,0
20:20:20.720,95.849,FOCUSED,100.0,0.288,0.385,0.0,0,0,0.0,0
20:20:20.797,95.924,FOCUSED,100.0,0.293,0.385,0.0,0,0,0.0,0
20:20:20.874,96.002,FOCUSED,100.0,0.291,0.385,0.0,0,0,0.0,0
20:20:20.948,96.075,FOCUSED,100.0,0.291,0.385,0.0,0,0,0.0,0
20:20:21.025,96.152,FOCUSED,100.0,0.288,0.387,0.0,0,0,0.0,0
20:20:21.096,96.224,FOCUSED,100.0,0.287,0.389,0.0,0,0,0.0,0
20:20:21.168,96.296,FOCUSED,100.0,0.294,0.391,0.0,0,0,0.0,0
20:20:21.241,96.369,FOCUSED,100.0,0.293,0.393,0.0,0,0,0.0,0
20:20:21.321,96.449,FOCUSED,100.0,0.288,0.387,0.0,0,0,0.0,0
20:20:21.410,96.538,FOCUSED,100.0,0.289,0.389,0.0,0,0,0.0,0
20:20:21.488,96.616,FOCUSED,100.0,0.287,0.387,0.0,0,0,0.0,0
20:20:21.580,96.707,FOCUSED,100.0,0.289,0.381,0.457,1,0,0.0,0
20:20:21.652,96.779,FOCUSED,100.0,0.286,0.379,0.293,1,0,0.0,0
20:20:21.726,96.854,FOCUSED,100.0,0.289,0.378,0.427,1,0,0.0,0
20:20:21.797,96.924,FOCUSED,100.0,0.293,0.383,0.474,1,0,0.0,0
20:20:21.873,97.0,FOCUSED,100.0,0.289,0.384,0.495,1,0,0.0,0
20:20:21.944,97.073,FOCUSED,100.0,0.289,0.387,0.293,1,0,0.0,0
20:20:22.015,97.143,FOCUSED,100.0,0.295,0.386,0.353,1,0,0.0,0
20:20:22.090,97.218,FOCUSED,100.0,0.294,0.389,0.0,0,0,0.0,0
20:20:22.174,97.302,FOCUSED,100.0,0.289,0.391,0.0,0,0,0.0,0
20:20:22.230,97.358,FOCUSED,100.0,0.291,0.393,0.294,1,0,0.0,0
20:20:22.311,97.438,FOCUSED,100.0,0.292,0.391,0.346,1,0,0.0,0
20:20:22.374,97.502,FOCUSED,100.0,0.291,0.391,0.0,0,0,0.0,0
20:20:22.449,97.577,FOCUSED,100.0,0.292,0.389,0.0,0,0,0.0,0
20:20:22.524,97.652,FOCUSED,100.0,0.29,0.386,0.354,1,0,0.0,0
20:20:22.623,97.75,FOCUSED,100.0,0.292,0.388,0.43,1,0,0.0,0
20:20:22.690,97.818,FOCUSED,100.0,0.294,0.39,0.345,1,0,0.0,0
20:20:22.792,97.92,FOCUSED,100.0,0.295,0.389,0.573,1,0,0.0,0
20:20:22.860,97.988,FOCUSED,100.0,0.296,0.389,0.563,1,0,0.0,0
20:20:22.948,98.076,FOCUSED,100.0,0.292,0.389,0.563,1,0,0.0,0
20:20:23.016,98.144,FOCUSED,100.0,0.298,0.389,0.52,1,0,0.0,0
20:20:23.106,98.234,FOCUSED,100.0,0.291,0.389,0.636,1,0,0.0,0
20:20:23.180,98.307,FOCUSED,100.0,0.296,0.387,0.65,1,0,0.0,0
20:20:23.279,98.406,FOCUSED,100.0,0.295,0.386,0.659,1,0,0.0,0
20:20:23.343,98.471,FOCUSED,100.0,0.293,0.385,0.717,1,0,0.0,0
20:20:23.438,98.566,FOCUSED,100.0,0.294,0.387,0.733,1,0,0.0,0
20:20:23.497,98.625,PHONE,99.88,0.295,0.385,0.663,1,0,0.0,1
20:20:23.587,98.715,PHONE,99.7,0.294,0.386,0.684,1,0,0.0,1
20:20:23.647,98.774,PHONE,99.58,0.294,0.386,0.594,1,0,0.0,1
20:20:23.733,98.861,PHONE,99.41,0.292,0.381,0.485,1,0,0.0,1
20:20:23.796,98.924,PHONE,99.28,0.276,0.374,0.261,1,0,0.0,1
20:20:23.867,98.994,PHONE,99.14,0.038,0.37,0.462,1,0,0.6,1
20:20:23.952,99.08,PHONE,98.97,0.164,0.374,0.516,1,0,0.6,1
20:20:24.013,99.141,PHONE,98.85,0.246,0.38,0.448,1,0,0.0,1
20:20:24.090,99.218,PHONE,98.7,0.253,0.383,0.464,1,0,0.0,1
20:20:24.168,99.295,PHONE,98.54,0.263,0.38,0.555,1,0,0.0,1
20:20:24.244,99.373,PHONE,98.39,0.266,0.377,0.612,1,0,0.0,1
20:20:24.321,99.449,PHONE,98.23,0.269,0.376,0.707,0,0,0.0,1
20:20:24.381,99.509,PHONE,98.11,0.27,0.376,0.491,0,0,0.0,1
20:20:24.447,99.574,PHONE,97.98,0.266,0.373,0.0,0,0,0.0,1
20:20:24.505,99.632,PHONE,97.87,0.275,0.377,0.563,0,0,0.0,1
20:20:24.568,99.695,PHONE,97.74,0.277,0.38,0.557,0,0,0.0,1
20:20:24.628,99.755,PHONE,97.62,0.241,0.38,0.56,0,0,0.0,1
20:20:24.689,99.816,PHONE,97.5,0.032,0.379,0.759,0,0,0.6,1
20:20:24.749,99.877,PHONE,97.38,0.085,0.385,0.763,0,0,0.6,1
20:20:24.826,99.953,PHONE,97.22,0.24,0.395,0.748,0,0,0.0,1
20:20:24.885,100.013,PHONE,97.11,0.264,0.396,0.663,0,0,0.0,1
20:20:24.943,100.071,PHONE,96.99,0.285,0.397,0.478,0,0,0.0,1
20:20:25.003,100.131,PHONE,96.87,0.295,0.396,0.54,0,0,0.0,1
20:20:25.064,100.191,PHONE,96.75,0.299,0.399,0.487,0,0,0.0,1
20:20:25.127,100.255,PHONE,96.62,0.307,0.398,0.564,0,0,0.0,1
20:20:25.187,100.315,PHONE,96.5,0.304,0.396,0.543,0,0,0.0,1
20:20:25.255,100.382,PHONE,96.37,0.298,0.399,0.447,0,0,0.0,1
20:20:25.331,100.458,PHONE,96.21,0.295,0.394,0.459,0,0,0.0,1
20:20:25.399,100.527,PHONE,96.08,0.293,0.396,0.397,0,0,0.0,1
20:20:25.473,100.6,PHONE,95.93,0.288,0.396,0.399,0,0,0.0,1
20:20:25.544,100.672,PHONE,95.79,0.289,0.39,0.366,0,0,0.0,1
20:20:25.608,100.735,PHONE,95.66,0.286,0.386,0.0,0,0,0.0,1
20:20:25.670,100.797,FOCUSED,95.66,0.285,0.387,0.0,0,0,0.0,0
20:20:25.730,100.857,FOCUSED,95.66,0.284,0.385,0.0,0,0,0.0,0
20:20:25.796,100.924,FOCUSED,95.66,0.278,0.385,0.0,0,0,0.0,0
20:20:25.853,100.981,FOCUSED,95.66,0.287,0.383,0.0,0,0,0.0,0
20:20:25.917,101.044,FOCUSED,95.66,0.284,0.381,0.0,0,0,0.0,0
20:20:25.982,101.11,FOCUSED,95.66,0.284,0.377,0.0,0,0,0.0,0
20:20:26.047,101.175,FOCUSED,95.66,0.292,0.374,0.0,0,0,0.0,0
20:20:26.108,101.236,FOCUSED,95.66,0.287,0.374,0.0,0,0,0.0,0
20:20:26.170,101.297,FOCUSED,95.66,0.294,0.37,0.0,0,0,0.0,0
20:20:26.234,101.361,FOCUSED,95.66,0.282,0.361,0.0,0,0,0.0,0
20:20:26.301,101.429,FOCUSED,95.66,0.291,0.364,0.0,0,0,0.0,0
20:20:26.370,101.497,FOCUSED,95.66,0.29,0.359,0.0,0,0,0.0,0
20:20:26.433,101.561,FOCUSED,95.66,0.274,0.365,0.0,0,0,0.0,0
20:20:26.498,101.625,FOCUSED,95.66,0.308,0.369,0.0,0,0,0.0,0
20:20:26.565,101.693,FOCUSED,95.66,0.32,0.363,0.0,0,0,0.0,0
20:20:26.631,101.759,FOCUSED,95.66,0.31,0.366,0.0,0,0,0.0,0
20:20:26.699,101.827,FOCUSED,95.66,0.309,0.363,0.0,0,0,0.0,0
20:20:26.770,101.897,FOCUSED,95.66,0.32,0.361,0.0,0,0,0.0,0
20:20:26.841,101.969,FOCUSED,95.66,0.32,0.356,0.0,0,0,0.0,0
20:20:26.909,102.036,FOCUSED,95.66,0.321,0.36,0.0,0,0,0.0,0
20:20:26.971,102.099,FOCUSED,95.66,0.315,0.363,0.0,0,0,0.0,0
20:20:27.042,102.169,FOCUSED,95.66,0.321,0.358,0.0,0,0,0.0,0
20:20:27.103,102.231,FOCUSED,95.66,0.324,0.332,0.0,0,0,0.0,0
20:20:27.168,102.295,FOCUSED,95.66,0.32,0.329,0.0,0,0,0.0,0
20:20:27.231,102.358,FOCUSED,95.66,0.32,0.332,0.0,0,0,0.0,0
20:20:27.296,102.424,FOCUSED,95.66,0.308,0.329,0.0,0,0,0.0,0
20:20:27.359,102.486,FOCUSED,95.66,0.32,0.327,0.0,0,0,0.0,0
20:20:27.428,102.555,FOCUSED,95.66,0.307,0.325,0.0,0,0,0.0,0
20:20:27.490,102.618,FOCUSED,95.66,0.301,0.325,0.0,0,0,0.0,0
20:20:27.558,102.685,FOCUSED,95.66,0.298,0.324,0.0,0,0,0.0,0
20:20:27.620,102.748,FOCUSED,95.66,0.309,0.325,0.0,0,0,0.0,0
20:20:27.684,102.812,FOCUSED,95.66,0.307,0.328,0.0,0,0,0.0,0
20:20:27.750,102.878,FOCUSED,95.66,0.315,0.331,0.0,0,0,0.0,0
20:20:27.819,102.947,FOCUSED,95.66,0.304,0.334,0.0,0,0,0.0,0
20:20:27.882,103.009,FOCUSED,95.66,0.299,0.335,0.0,0,0,0.0,0
20:20:27.948,103.076,FOCUSED,95.66,0.307,0.33,0.0,0,0,0.0,0
20:20:28.021,103.148,FOCUSED,95.66,0.305,0.331,0.0,0,0,0.0,0
20:20:28.096,103.224,FOCUSED,95.66,0.31,0.33,0.0,0,0,0.0,0
20:20:28.164,103.291,FOCUSED,95.66,0.313,0.336,0.0,0,0,0.0,0
20:20:28.233,103.361,FOCUSED,95.66,0.312,0.338,0.0,0,0,0.0,0
20:20:28.305,103.432,FOCUSED,95.66,0.308,0.338,0.0,0,0,0.0,0
20:20:28.379,103.507,FOCUSED,95.66,0.312,0.338,0.0,0,0,0.0,0
20:20:28.444,103.572,FOCUSED,95.66,0.315,0.342,0.0,0,0,0.0,0
20:20:28.510,103.637,FOCUSED,95.66,0.309,0.34,0.0,0,0,0.0,0
20:20:28.572,103.7,FOCUSED,95.66,0.315,0.341,0.0,0,0,0.0,0
20:20:28.633,103.761,FOCUSED,95.66,0.274,0.337,0.0,0,0,0.0,0
20:20:28.693,103.821,FOCUSED,95.66,0.267,0.316,0.0,0,0,0.0,0
20:20:28.757,103.884,FOCUSED,95.66,0.263,0.313,0.0,0,0,0.0,0
20:20:28.819,103.947,FOCUSED,95.66,0.254,0.315,0.0,0,0,0.0,0
20:20:28.883,104.01,FOCUSED,95.66,0.253,0.325,0.0,0,0,0.0,0
20:20:28.943,104.07,FOCUSED,95.66,0.243,0.33,0.0,0,0,0.0,0
20:20:29.005,104.133,FOCUSED,95.66,0.242,0.326,0.0,0,0,0.0,0
20:20:29.066,104.194,FOCUSED,95.66,0.246,0.329,0.0,0,0,0.0,0
20:20:29.132,104.26,FOCUSED,95.66,0.249,0.335,0.0,0,0,0.0,0
20:20:29.204,104.331,FOCUSED,95.66,0.261,0.337,0.0,0,0,0.0,0
20:20:29.268,104.396,FOCUSED,95.66,0.258,0.329,0.0,0,0,0.0,0
20:20:29.336,104.463,FOCUSED,95.66,0.255,0.341,0.0,0,0,0.0,0
20:20:29.405,104.532,FOCUSED,95.66,0.255,0.324,0.0,0,0,0.0,0
20:20:29.476,104.603,FOCUSED,95.66,0.242,0.331,0.0,0,0,0.0,0
20:20:29.542,104.67,FOCUSED,95.66,0.246,0.334,0.0,0,0,0.0,0
20:20:29.601,104.729,FOCUSED,95.66,0.247,0.338,0.0,0,0,0.0,0
20:20:29.665,104.793,FOCUSED,95.66,0.243,0.341,0.0,0,0,0.0,0
20:20:29.739,104.866,FOCUSED,95.66,0.247,0.345,0.0,0,0,0.0,0
20:20:29.823,104.951,FOCUSED,95.66,0.255,0.354,0.0,0,0,0.0,0
20:20:29.911,105.038,FOCUSED,95.66,0.249,0.323,0.0,0,0,0.0,0
20:20:29.999,105.126,FOCUSED,95.66,0.247,0.331,0.0,0,0,0.0,0
20:20:30.071,105.199,FOCUSED,95.66,0.25,0.336,0.0,0,0,0.0,0
20:20:30.155,105.283,FOCUSED,95.66,0.25,0.334,0.0,0,0,0.0,0
20:20:30.240,105.367,FOCUSED,95.66,0.251,0.334,0.0,0,0,0.0,0
20:20:30.318,105.446,FOCUSED,95.66,0.25,0.328,0.0,0,0,0.0,0
20:20:30.395,105.523,FOCUSED,95.66,0.254,0.335,0.0,0,0,0.0,0
20:20:30.474,105.602,FOCUSED,95.66,0.251,0.337,0.0,0,0,0.0,0
20:20:30.547,105.675,FOCUSED,95.66,0.259,0.346,0.0,0,0,0.0,0
20:20:30.621,105.749,FOCUSED,95.66,0.256,0.348,0.0,0,0,0.0,0
20:20:30.707,105.834,FOCUSED,95.66,0.256,0.349,0.0,0,0,0.0,0
20:20:30.783,105.913,FOCUSED,95.66,0.256,0.349,0.0,0,0,0.0,0
20:20:30.863,105.991,FOCUSED,95.66,0.256,0.352,0.0,0,0,0.0,0
20:20:30.940,106.067,FOCUSED,95.66,0.254,0.351,0.0,0,0,0.0,0
20:20:31.019,106.146,FOCUSED,95.66,0.258,0.348,0.0,0,0,0.0,0
20:20:31.095,106.222,FOCUSED,95.66,0.26,0.346,0.0,0,0,0.0,0
20:20:31.178,106.306,FOCUSED,95.66,0.254,0.348,0.0,0,0,0.0,0
20:20:31.251,106.379,FOCUSED,95.66,0.255,0.348,0.0,0,0,0.0,0
20:20:31.326,106.453,FOCUSED,95.66,0.262,0.35,0.0,0,0,0.0,0
20:20:31.410,106.538,FOCUSED,95.66,0.264,0.35,0.0,0,0,0.0,0
20:20:31.494,106.621,FOCUSED,95.66,0.262,0.351,0.0,0,0,0.0,0
20:20:31.578,106.706,FOCUSED,95.66,0.262,0.349,0.0,0,0,0.0,0
20:20:31.666,106.793,FOCUSED,95.66,0.263,0.35,0.0,0,0,0.0,0
20:20:31.752,106.879,FOCUSED,95.66,0.26,0.351,0.0,0,0,0.0,0
20:20:31.840,106.967,FOCUSED,95.66,0.262,0.35,0.0,0,0,0.0,0
20:20:31.923,107.051,FOCUSED,95.66,0.262,0.351,0.0,0,0,0.0,0
20:20:32.010,107.137,FOCUSED,95.66,0.259,0.352,0.0,0,0,0.0,0
20:20:32.083,107.21,FOCUSED,95.66,0.26,0.352,0.0,0,0,0.0,0
20:20:32.171,107.299,FOCUSED,95.66,0.257,0.349,0.0,0,0,0.0,0
20:20:32.240,107.368,FOCUSED,95.66,0.26,0.347,0.0,0,0,0.0,0
20:20:32.320,107.448,FOCUSED,95.66,0.264,0.342,0.0,0,0,0.0,0
20:20:32.387,107.514,FOCUSED,95.66,0.264,0.347,0.0,0,0,0.0,0
20:20:32.456,107.584,FOCUSED,95.66,0.266,0.347,0.0,0,0,0.0,0
20:20:32.520,107.647,FOCUSED,95.66,0.259,0.348,0.0,0,0,0.0,0
20:20:32.602,107.73,FOCUSED,95.66,0.263,0.346,0.0,0,0,0.0,0
20:20:32.664,107.791,FOCUSED,95.66,0.263,0.348,0.0,0,0,0.0,0
20:20:32.735,107.862,FOCUSED,95.66,0.268,0.349,0.0,0,0,0.0,0
20:20:32.797,107.925,FOCUSED,95.66,0.269,0.349,0.0,0,0,0.0,0
20:20:32.863,107.991,FOCUSED,95.66,0.269,0.352,0.0,0,0,0.0,0
20:20:32.940,108.068,FOCUSED,95.66,0.271,0.354,0.0,0,0,0.0,0
20:20:33.028,108.156,FOCUSED,95.66,0.271,0.353,0.0,0,0,0.0,0
20:20:33.123,108.251,FOCUSED,95.66,0.27,0.352,0.0,0,0,0.0,0
20:20:33.219,108.347,FOCUSED,95.66,0.27,0.355,0.0,0,0,0.0,0
20:20:33.315,108.443,FOCUSED,95.66,0.266,0.357,0.0,0,0,0.0,0
20:20:33.408,108.535,FOCUSED,95.66,0.264,0.358,0.0,0,0,0.0,0
20:20:33.494,108.622,FOCUSED,95.66,0.263,0.357,0.0,0,0,0.0,0
20:20:33.575,108.703,FOCUSED,95.66,0.269,0.355,0.0,0,0,0.0,0
20:20:33.663,108.791,FOCUSED,95.66,0.265,0.357,0.0,0,0,0.0,0
20:20:33.750,108.877,FOCUSED,95.66,0.266,0.355,0.0,0,0,0.0,0
20:20:33.841,108.968,FOCUSED,95.66,0.258,0.357,0.0,0,0,0.0,0
20:20:33.922,109.049,FOCUSED,95.66,0.265,0.356,0.0,0,0,0.0,0
20:20:34.016,109.144,FOCUSED,95.66,0.263,0.355,0.0,0,0,0.0,0
20:20:34.104,109.231,FOCUSED,95.66,0.268,0.355,0.0,0,0,0.0,0
20:20:34.196,109.324,FOCUSED,95.66,0.267,0.356,0.0,0,0,0.0,0
20:20:34.285,109.412,FOCUSED,95.66,0.269,0.355,0.0,0,0,0.0,0
20:20:34.366,109.493,FOCUSED,95.66,0.265,0.356,0.0,0,0,0.0,0
20:20:34.435,109.563,FOCUSED,95.66,0.258,0.355,0.0,0,0,0.0,0
20:20:34.529,109.656,FOCUSED,95.66,0.257,0.353,0.0,0,0,0.0,0
20:20:34.605,109.732,FOCUSED,95.66,0.258,0.355,0.0,0,0,0.0,0
20:20:34.678,109.806,FOCUSED,95.66,0.263,0.354,0.0,0,0,0.0,0
20:20:34.764,109.891,FOCUSED,95.66,0.271,0.355,0.0,0,0,0.0,0
20:20:34.852,109.979,FOCUSED,95.66,0.267,0.356,0.0,0,0,0.0,0
20:20:34.929,110.057,FOCUSED,95.66,0.26,0.355,0.0,0,0,0.0,0
20:20:35.013,110.141,FOCUSED,95.66,0.265,0.356,0.0,0,0,0.0,0
20:20:35.098,110.226,FOCUSED,95.66,0.265,0.356,0.0,0,0,0.0,0
20:20:35.180,110.307,FOCUSED,95.66,0.266,0.355,0.0,0,0,0.0,0
20:20:35.254,110.381,FOCUSED,95.66,0.271,0.357,0.0,0,0,0.0,0
20:20:35.327,110.455,FOCUSED,95.66,0.27,0.356,0.0,0,0,0.0,0
20:20:35.413,110.541,FOCUSED,95.66,0.275,0.357,0.0,0,0,0.0,0
20:20:35.491,110.618,FOCUSED,95.66,0.267,0.357,0.0,0,0,0.0,0
20:20:35.562,110.689,FOCUSED,95.66,0.268,0.357,0.0,0,0,0.0,0
20:20:35.635,110.763,FOCUSED,95.66,0.263,0.359,0.0,0,0,0.0,0
20:20:35.723,110.851,FOCUSED,95.66,0.26,0.359,0.0,0,0,0.0,0
20:20:35.807,110.934,FOCUSED,95.66,0.261,0.359,0.0,0,0,0.0,0
20:20:35.884,111.011,FOCUSED,95.66,0.263,0.36,0.0,0,0,0.0,0
20:20:35.947,111.074,FOCUSED,95.66,0.263,0.361,0.0,0,0,0.0,0
20:20:36.033,111.161,FOCUSED,95.66,0.262,0.361,0.0,0,0,0.0,0
20:20:36.103,111.23,FOCUSED,95.66,0.261,0.365,0.0,0,0,0.0,0
20:20:36.191,111.318,FOCUSED,95.66,0.264,0.372,0.0,0,0,0.0,0
20:20:36.275,111.403,FOCUSED,95.66,0.268,0.372,0.0,0,0,0.0,0
20:20:36.359,111.486,FOCUSED,95.66,0.275,0.375,0.0,0,0,0.0,0
20:20:36.425,111.553,FOCUSED,95.66,0.272,0.376,0.0,0,0,0.0,0
20:20:36.505,111.632,FOCUSED,95.66,0.275,0.371,0.0,0,0,0.0,0
20:20:36.571,111.699,FOCUSED,95.66,0.274,0.368,0.0,0,0,0.0,0
20:20:36.637,111.764,FOCUSED,95.66,0.271,0.364,0.0,0,0,0.0,0
20:20:36.708,111.836,FOCUSED,95.66,0.269,0.363,0.0,0,0,0.0,0
20:20:36.796,111.924,FOCUSED,95.66,0.271,0.363,0.0,0,0,0.0,0
20:20:36.881,112.008,FOCUSED,95.66,0.273,0.366,0.0,0,0,0.0,0
20:20:36.958,112.085,FOCUSED,95.66,0.272,0.37,0.0,0,0,0.0,0
20:20:37.041,112.169,FOCUSED,95.66,0.268,0.377,0.0,0,0,0.0,0
20:20:37.112,112.24,FOCUSED,95.66,0.235,0.371,0.0,0,0,0.0,0
20:20:37.192,112.32,FOCUSED,95.66,0.265,0.382,0.0,0,0,0.0,0
20:20:37.274,112.401,FOCUSED,95.66,0.269,0.388,0.0,0,0,0.0,0
20:20:37.349,112.477,FOCUSED,95.66,0.279,0.394,0.0,0,0,0.0,0
20:20:37.421,112.549,FOCUSED,95.66,0.283,0.399,0.0,0,0,0.0,0
20:20:37.500,112.627,FOCUSED,95.66,0.269,0.397,0.0,0,0,0.0,0
20:20:37.577,112.706,FOCUSED,95.66,0.276,0.405,0.0,0,0,0.0,0
20:20:37.665,112.792,FOCUSED,95.66,0.278,0.403,0.0,0,0,0.0,0
20:20:37.730,112.858,FOCUSED,95.66,0.27,0.4,0.0,0,0,0.0,0
20:20:37.800,112.927,FOCUSED,95.66,0.277,0.401,0.0,0,0,0.0,0
20:20:37.887,113.014,FOCUSED,95.66,0.278,0.401,0.0,0,0,0.0,0
20:20:37.956,113.084,FOCUSED,95.66,0.273,0.402,0.0,0,0,0.0,0
20:20:38.031,113.158,FOCUSED,95.66,0.215,0.394,0.0,0,0,0.0,0
20:20:38.119,113.246,FOCUSED,95.66,0.226,0.399,0.0,0,0,0.0,0
20:20:38.197,113.325,FOCUSED,95.66,0.257,0.404,0.0,0,0,0.0,0
20:20:38.282,113.41,FOCUSED,95.66,0.26,0.405,0.0,0,0,0.0,0
20:20:38.355,113.483,FOCUSED,95.66,0.225,0.397,0.0,0,0,0.0,0
20:20:38.421,113.548,FOCUSED,95.66,0.132,0.396,0.0,0,0,0.6,0
20:20:38.496,113.624,FOCUSED,95.66,0.102,0.391,0.0,0,0,0.6,0
20:20:38.557,113.684,FOCUSED,95.66,0.098,0.389,0.0,0,0,0.6,0
20:20:38.623,113.75,FOCUSED,95.66,0.09,0.385,0.0,0,0,0.6,0
20:20:38.693,113.821,FOCUSED,95.66,0.1,0.387,0.0,0,0,0.6,0
20:20:38.760,113.888,FOCUSED,95.66,0.092,0.389,0.0,0,0,0.6,0
20:20:38.837,113.965,FOCUSED,95.66,0.086,0.387,0.0,0,0,0.6,0
20:20:38.914,114.042,FOCUSED,95.66,0.038,0.387,0.0,0,0,0.6,0
20:20:38.997,114.124,FOCUSED,95.66,0.04,0.39,0.0,0,0,0.6,0
20:20:39.075,114.203,FOCUSED,95.66,0.232,0.401,0.0,0,0,0.0,0
20:20:39.179,114.306,FOCUSED,95.66,0.26,0.394,0.0,0,0,0.0,0
20:20:39.303,114.431,FOCUSED,95.66,0.261,0.39,0.0,0,0,0.0,0
20:20:39.423,114.55,FOCUSED,95.66,0.271,0.388,0.0,0,0,0.0,0
20:20:39.544,114.671,FOCUSED,95.66,0.27,0.384,0.0,0,0,0.0,0
20:20:39.670,114.797,FOCUSED,95.66,0.289,0.389,0.0,0,0,0.0,0
20:20:39.803,114.931,FOCUSED,95.66,0.293,0.392,0.0,0,0,0.0,0
20:20:39.935,115.063,FOCUSED,95.66,0.298,0.391,0.0,0,0,0.0,0
20:20:40.080,115.207,FOCUSED,95.66,0.296,0.387,0.0,0,0,0.0,0
20:20:40.186,115.314,FOCUSED,95.66,0.297,0.388,0.0,0,0,0.0,0
20:20:40.312,115.439,FOCUSED,95.66,0.294,0.387,0.0,0,0,0.0,0
20:20:40.436,115.564,FOCUSED,95.66,0.296,0.39,0.0,0,0,0.0,0
20:20:40.606,115.734,FOCUSED,95.66,0.292,0.392,0.0,0,0,0.0,0
20:20:40.743,115.87,FOCUSED,95.66,0.292,0.392,0.0,0,0,0.0,0
20:20:40.901,116.029,FOCUSED,95.66,0.295,0.39,0.0,0,0,0.0,0
20:20:41.007,116.135,FOCUSED,95.66,0.287,0.389,0.0,0,0,0.0,0
20:20:41.116,116.244,FOCUSED,95.66,0.292,0.386,0.0,0,0,0.0,0
20:20:41.214,116.342,FOCUSED,95.66,0.31,0.387,0.0,0,0,0.0,0
20:20:41.341,116.469,FOCUSED,95.66,0.301,0.391,0.0,0,0,0.0,0
20:20:41.437,116.564,FOCUSED,95.66,0.304,0.389,0.0,0,0,0.0,0
20:20:41.541,116.668,FOCUSED,95.66,0.299,0.39,0.0,0,0,0.0,0
20:20:41.649,116.776,FOCUSED,95.66,0.307,0.393,0.0,0,0,0.0,0
20:20:41.756,116.884,FOCUSED,95.66,0.303,0.39,0.0,0,0,0.0,0
20:20:41.862,116.99,FOCUSED,95.66,0.307,0.391,0.0,0,0,0.0,0
20:20:41.954,117.082,FOCUSED,95.66,0.305,0.393,0.0,0,0,0.0,0
20:20:42.049,117.177,FOCUSED,95.66,0.309,0.393,0.0,0,0,0.0,0
20:20:42.138,117.266,FOCUSED,95.66,0.305,0.394,0.0,0,0,0.0,0
20:20:42.236,117.364,FOCUSED,95.66,0.306,0.395,0.0,0,0,0.0,0
20:20:42.349,117.477,FOCUSED,95.66,0.305,0.394,0.0,0,0,0.0,0
20:20:42.448,117.575,FOCUSED,95.66,0.299,0.393,0.0,0,0,0.0,0
20:20:42.572,117.699,FOCUSED,95.66,0.303,0.394,0.0,0,0,0.0,0
20:20:42.688,117.815,FOCUSED,95.66,0.309,0.394,0.0,0,0,0.0,0
20:20:42.803,117.93,FOCUSED,95.66,0.306,0.393,0.0,0,0,0.0,0
20:20:42.906,118.034,FOCUSED,95.66,0.291,0.396,0.0,0,0,0.0,0
20:20:43.009,118.137,FOCUSED,95.66,0.276,0.389,0.0,0,0,0.0,0
20:20:43.118,118.245,FOCUSED,95.66,0.149,0.361,0.0,0,0,0.6,0
20:20:43.223,118.351,FOCUSED,95.66,0.221,0.353,0.0,0,0,0.0,0
20:20:43.299,118.427,FOCUSED,95.66,0.249,0.358,0.0,0,0,0.0,0
20:20:43.379,118.507,FOCUSED,95.66,0.262,0.365,0.0,0,0,0.0,0
20:20:43.477,118.604,FOCUSED,95.66,0.266,0.367,0.0,0,0,0.0,0
20:20:43.567,118.694,FOCUSED,95.66,0.273,0.364,0.0,0,0,0.0,0
20:20:43.667,118.794,FOCUSED,95.66,0.281,0.364,0.0,0,0,0.0,0
20:20:43.765,118.894,FOCUSED,95.66,0.281,0.367,0.0,0,0,0.0,0
20:20:43.863,118.991,FOCUSED,95.66,0.284,0.365,0.0,0,0,0.0,0
20:20:43.958,119.085,FOCUSED,95.66,0.281,0.364,0.0,0,0,0.0,0
20:20:44.049,119.177,FOCUSED,95.66,0.276,0.37,0.0,0,0,0.0,0
20:20:44.140,119.267,FOCUSED,95.66,0.269,0.372,0.0,0,0,0.0,0
20:20:44.241,119.368,FOCUSED,95.66,0.279,0.374,0.0,0,0,0.0,0
20:20:44.323,119.45,FOCUSED,95.66,0.282,0.376,0.0,0,0,0.0,0
20:20:44.425,119.553,FOCUSED,95.66,0.278,0.374,0.0,0,0,0.0,0
20:20:44.510,119.638,FOCUSED,95.66,0.275,0.376,0.0,0,0,0.0,0
20:20:44.616,119.744,FOCUSED,95.66,0.281,0.375,0.0,0,0,0.0,0
20:20:44.703,119.831,FOCUSED,95.66,0.29,0.37,0.0,0,0,0.0,0
20:20:44.796,119.924,FOCUSED,95.66,0.292,0.372,0.0,0,0,0.0,0
20:20:44.905,120.032,FOCUSED,95.66,0.293,0.371,0.0,0,0,0.0,0
20:20:45.005,120.132,FOCUSED,95.66,0.282,0.369,0.0,0,0,0.0,0
20:20:45.123,120.25,FOCUSED,95.66,0.278,0.369,0.0,0,0,0.0,0
20:20:45.204,120.332,FOCUSED,95.66,0.296,0.365,0.0,0,0,0.0,0
20:20:45.314,120.441,FOCUSED,95.66,0.288,0.368,0.0,0,0,0.0,0
20:20:45.407,120.534,FOCUSED,95.66,0.295,0.367,0.0,0,0,0.0,0
20:20:45.498,120.625,FOCUSED,95.66,0.263,0.367,0.0,0,0,0.0,0
20:20:45.585,120.713,FOCUSED,95.66,0.296,0.373,0.0,0,0,0.0,0
20:20:45.673,120.8,FOCUSED,95.66,0.306,0.376,0.0,0,0,0.0,0
20:20:45.775,120.902,FOCUSED,95.66,0.286,0.369,0.0,0,0,0.0,0
20:20:45.873,121.001,FOCUSED,95.66,0.289,0.373,0.0,0,0,0.0,0
20:20:45.976,121.104,FOCUSED,95.66,0.286,0.376,0.0,0,0,0.0,0
20:20:46.070,121.197,FOCUSED,95.66,0.285,0.382,0.0,0,0,0.0,0
20:20:46.173,121.3,FOCUSED,95.66,0.273,0.381,0.0,0,0,0.0,0
20:20:46.275,121.403,FOCUSED,95.66,0.269,0.38,0.0,0,0,0.0,0
20:20:46.373,121.501,FOCUSED,95.66,0.274,0.383,0.0,0,0,0.0,0
20:20:46.470,121.598,FOCUSED,95.66,0.274,0.384,0.0,0,0,0.0,0
20:20:46.578,121.705,FOCUSED,95.66,0.287,0.384,0.0,0,0,0.0,0
20:20:46.676,121.804,FOCUSED,95.66,0.29,0.387,0.0,0,0,0.0,0
20:20:46.782,121.91,FOCUSED,95.66,0.288,0.387,0.0,0,0,0.0,0
20:20:46.872,121.999,FOCUSED,95.66,0.297,0.387,0.0,0,0,0.0,0
20:20:46.963,122.092,FOCUSED,95.66,0.3,0.387,0.0,0,0,0.0,0
20:20:47.056,122.184,FOCUSED,95.66,0.3,0.384,0.0,0,0,0.0,0
20:20:47.145,122.272,FOCUSED,95.66,0.3,0.385,0.0,0,0,0.0,0
20:20:47.244,122.371,FOCUSED,95.66,0.298,0.385,0.0,0,0,0.0,0
20:20:47.337,122.464,FOCUSED,95.66,0.297,0.384,0.0,0,0,0.0,0
20:20:47.435,122.562,FOCUSED,95.66,0.295,0.389,0.0,0,0,0.0,0
20:20:47.542,122.669,FOCUSED,95.66,0.293,0.396,0.0,0,0,0.0,0
20:20:47.644,122.772,FOCUSED,95.66,0.271,0.397,0.0,0,0,0.0,0
20:20:47.738,122.865,FOCUSED,95.66,0.268,0.396,0.0,0,0,0.0,0
20:20:47.818,122.946,FOCUSED,95.66,0.273,0.399,0.0,0,0,0.0,0
20:20:47.917,123.045,FOCUSED,95.66,0.265,0.398,0.0,0,0,0.0,0
20:20:48.010,123.137,FOCUSED,95.66,0.268,0.396,0.0,0,0,0.0,0
20:20:48.097,123.224,FOCUSED,95.66,0.269,0.397,0.0,0,0,0.0,0
20:20:48.191,123.318,FOCUSED,95.66,0.267,0.398,0.0,0,0,0.0,0
20:20:48.273,123.4,FOCUSED,95.66,0.272,0.399,0.0,0,0,0.0,0
20:20:48.377,123.504,FOCUSED,95.66,0.267,0.398,0.0,0,0,0.0,0
20:20:48.483,123.611,FOCUSED,95.66,0.268,0.395,0.0,0,0,0.0,0
20:20:48.589,123.716,FOCUSED,95.66,0.27,0.394,0.0,0,0,0.0,0
20:20:48.676,123.804,FOCUSED,95.66,0.268,0.389,0.0,0,0,0.0,0
20:20:48.769,123.897,FOCUSED,95.66,0.265,0.385,0.0,0,0,0.0,0
20:20:48.863,123.991,FOCUSED,95.66,0.269,0.388,0.0,0,0,0.0,0
20:20:48.954,124.082,FOCUSED,95.66,0.271,0.385,0.0,0,0,0.0,0
20:20:49.038,124.165,FOCUSED,95.66,0.271,0.387,0.0,0,0,0.0,0
20:20:49.113,124.24,FOCUSED,95.66,0.274,0.384,0.0,0,0,0.0,0
20:20:49.211,124.34,FOCUSED,95.66,0.276,0.385,0.0,0,0,0.0,0
20:20:49.299,124.427,FOCUSED,95.66,0.27,0.386,0.0,0,0,0.0,0
20:20:49.397,124.524,FOCUSED,95.66,0.274,0.386,0.0,0,0,0.0,0
20:20:49.498,124.625,FOCUSED,95.66,0.268,0.385,0.0,0,0,0.0,0
20:20:49.614,124.741,FOCUSED,95.66,0.268,0.388,0.0,0,0,0.0,0
20:20:49.720,124.847,FOCUSED,95.66,0.267,0.388,0.0,0,0,0.0,0
20:20:49.838,124.966,FOCUSED,95.66,0.265,0.391,0.0,0,0,0.0,0
20:20:49.950,125.078,FOCUSED,95.66,0.271,0.389,0.0,0,0,0.0,0
20:20:50.048,125.176,FOCUSED,95.66,0.272,0.388,0.0,0,0,0.0,0
20:20:50.147,125.274,FOCUSED,95.66,0.274,0.388,0.0,0,0,0.0,0
20:20:50.286,125.414,FOCUSED,95.66,0.274,0.391,0.0,0,0,0.0,0
20:20:50.404,125.532,FOCUSED,95.66,0.274,0.388,0.0,0,0,0.0,0
20:20:50.521,125.649,FOCUSED,95.66,0.273,0.39,0.0,0,0,0.0,0
20:20:50.652,125.78,FOCUSED,95.66,0.274,0.388,0.0,0,0,0.0,0
20:20:50.758,125.886,FOCUSED,95.66,0.276,0.39,0.0,0,0,0.0,0
20:20:50.867,125.995,FOCUSED,95.66,0.272,0.389,0.0,0,0,0.0,0
20:20:50.951,126.079,FOCUSED,95.66,0.273,0.393,0.0,0,0,0.0,0
20:20:51.086,126.213,FOCUSED,95.66,0.274,0.393,0.0,0,0,0.0,0
20:20:51.204,126.332,FOCUSED,95.66,0.274,0.394,0.0,0,0,0.0,0
20:20:51.351,126.478,FOCUSED,95.66,0.272,0.393,0.0,0,0,0.0,0
20:20:51.470,126.597,FOCUSED,95.66,0.273,0.395,0.0,0,0,0.0,0
20:20:51.562,126.69,FOCUSED,95.66,0.27,0.392,0.0,0,0,0.0,0
20:20:51.675,126.803,FOCUSED,95.66,0.271,0.392,0.0,0,0,0.0,0
20:20:51.776,126.904,FOCUSED,95.66,0.266,0.394,0.0,0,0,0.0,0
20:20:51.881,127.009,FOCUSED,95.66,0.271,0.397,0.0,0,0,0.0,0
20:20:51.995,127.122,FOCUSED,95.66,0.279,0.394,0.0,0,0,0.0,0
20:20:52.111,127.238,FOCUSED,95.66,0.271,0.394,0.0,0,0,0.0,0
20:20:52.235,127.363,FOCUSED,95.66,0.274,0.396,0.0,0,0,0.0,0
20:20:52.343,127.471,FOCUSED,95.66,0.28,0.397,0.0,0,0,0.0,0
20:20:52.436,127.564,FOCUSED,95.66,0.273,0.396,0.0,0,0,0.0,0
20:20:52.538,127.666,FOCUSED,95.66,0.278,0.399,0.0,0,0,0.0,0
20:20:52.656,127.784,FOCUSED,95.66,0.283,0.398,0.0,0,0,0.0,0
20:20:52.776,127.904,FOCUSED,95.66,0.279,0.397,0.0,0,0,0.0,0
20:20:52.898,128.025,FOCUSED,95.66,0.282,0.398,0.0,0,0,0.0,0
20:20:53.017,128.144,FOCUSED,95.66,0.279,0.396,0.0,0,0,0.0,0
20:20:53.135,128.263,FOCUSED,95.66,0.293,0.39,0.0,0,0,0.0,0
20:20:53.234,128.361,FOCUSED,95.66,0.284,0.373,0.0,0,0,0.0,0
20:20:53.329,128.457,FOCUSED,95.66,0.272,0.366,0.0,0,0,0.0,0
20:20:53.445,128.573,FOCUSED,95.66,0.288,0.371,0.0,0,0,0.0,0
20:20:53.546,128.674,FOCUSED,95.66,0.282,0.375,0.0,0,0,0.0,0
20:20:53.666,128.794,FOCUSED,95.66,0.279,0.373,0.0,0,0,0.0,0
20:20:53.762,128.89,FOCUSED,95.66,0.272,0.365,0.0,0,0,0.0,0
20:20:53.865,128.992,FOCUSED,95.66,0.274,0.368,0.0,0,0,0.0,0
20:20:53.978,129.106,FOCUSED,95.66,0.277,0.369,0.0,0,0,0.0,0
20:20:54.093,129.221,FOCUSED,95.66,0.28,0.37,0.0,0,0,0.0,0
20:20:54.209,129.336,FOCUSED,95.66,0.29,0.369,0.0,0,0,0.0,0
20:20:54.340,129.469,FOCUSED,95.66,0.288,0.37,0.0,0,0,0.0,0
20:20:54.446,129.574,FOCUSED,95.66,0.277,0.365,0.0,0,0,0.0,0
20:20:54.552,129.68,FOCUSED,95.66,0.271,0.368,0.0,0,0,0.0,0
20:20:54.668,129.796,FOCUSED,95.66,0.274,0.368,0.0,0,0,0.0,0
20:20:54.788,129.916,FOCUSED,95.66,0.278,0.371,0.0,0,0,0.0,0
20:20:54.880,130.007,FOCUSED,95.66,0.269,0.372,0.0,0,0,0.0,0
20:20:54.977,130.105,FOCUSED,95.66,0.279,0.372,0.0,0,0,0.0,0
20:20:55.079,130.206,FOCUSED,95.66,0.283,0.373,0.0,0,0,0.0,0
20:20:55.183,130.31,FOCUSED,95.66,0.279,0.372,0.0,0,0,0.0,0
20:20:55.291,130.418,FOCUSED,95.66,0.281,0.372,0.0,0,0,0.0,0
20:20:55.420,130.548,FOCUSED,95.66,0.277,0.372,0.0,0,0,0.0,0
20:20:55.530,130.658,FOCUSED,95.66,0.273,0.373,0.0,0,0,0.0,0
20:20:55.640,130.767,FOCUSED,95.66,0.241,0.366,0.0,0,0,0.0,0
20:20:55.754,130.881,FOCUSED,95.66,0.251,0.369,0.0,0,0,0.0,0
20:20:55.855,130.982,FOCUSED,95.66,0.252,0.37,0.0,0,0,0.0,0
20:20:55.969,131.097,FOCUSED,95.66,0.268,0.373,0.0,0,0,0.0,0
20:20:56.073,131.2,FOCUSED,95.66,0.27,0.374,0.0,0,0,0.0,0
20:20:56.164,131.292,FOCUSED,95.66,0.269,0.37,0.0,0,0,0.0,0
20:20:56.276,131.404,FOCUSED,95.66,0.266,0.374,0.0,0,0,0.0,0
20:20:56.369,131.497,FOCUSED,95.66,0.27,0.375,0.0,0,0,0.0,0
20:20:56.468,131.596,FOCUSED,95.66,0.265,0.375,0.0,0,0,0.0,0
20:20:56.585,131.712,FOCUSED,95.66,0.256,0.372,0.0,0,0,0.0,0
20:20:56.690,131.817,FOCUSED,95.66,0.26,0.372,0.0,0,0,0.0,0
20:20:56.798,131.925,FOCUSED,95.66,0.256,0.372,0.0,0,0,0.0,0
20:20:56.899,132.027,FOCUSED,95.66,0.262,0.375,0.0,0,0,0.0,0
20:20:57.011,132.138,FOCUSED,95.66,0.258,0.372,0.0,0,0,0.0,0
20:20:57.106,132.234,FOCUSED,95.66,0.263,0.373,0.0,0,0,0.0,0
20:20:57.209,132.337,FOCUSED,95.66,0.262,0.373,0.0,0,0,0.0,0
20:20:57.301,132.429,FOCUSED,95.66,0.261,0.373,0.0,0,0,0.0,0
20:20:57.397,132.524,FOCUSED,95.66,0.263,0.377,0.0,0,0,0.0,0
20:20:57.501,132.629,FOCUSED,95.66,0.259,0.375,0.0,0,0,0.0,0
20:20:57.616,132.744,FOCUSED,95.66,0.266,0.377,0.0,0,0,0.0,0
20:20:57.708,132.836,FOCUSED,95.66,0.259,0.375,0.0,0,0,0.0,0
20:20:57.798,132.925,FOCUSED,95.66,0.255,0.376,0.0,0,0,0.0,0
20:20:57.893,133.02,FOCUSED,95.66,0.266,0.377,0.0,0,0,0.0,0
20:20:57.985,133.113,FOCUSED,95.66,0.263,0.375,0.0,0,0,0.0,0
20:20:58.080,133.207,FOCUSED,95.66,0.261,0.374,0.0,0,0,0.0,0
20:20:58.178,133.305,FOCUSED,95.66,0.263,0.375,0.0,0,0,0.0,0
20:20:58.256,133.384,FOCUSED,95.66,0.26,0.374,0.0,0,0,0.0,0
20:20:58.351,133.478,FOCUSED,95.66,0.261,0.375,0.0,0,0,0.0,0
20:20:58.430,133.557,FOCUSED,95.66,0.264,0.375,0.0,0,0,0.0,0
20:20:58.519,133.646,FOCUSED,95.66,0.268,0.376,0.0,0,0,0.0,0
20:20:58.605,133.732,FOCUSED,95.66,0.266,0.376,0.0,0,0,0.0,0
20:20:58.710,133.838,FOCUSED,95.66,0.267,0.376,0.0,0,0,0.0,0
20:20:58.814,133.941,FOCUSED,95.66,0.264,0.374,0.0,0,0,0.0,0
20:20:58.908,134.036,FOCUSED,95.66,0.259,0.377,0.0,0,0,0.0,0
20:20:59.011,134.139,FOCUSED,95.66,0.257,0.375,0.0,0,0,0.0,0
20:20:59.119,134.246,FOCUSED,95.66,0.259,0.371,0.0,0,0,0.0,0
20:20:59.218,134.345,FOCUSED,95.66,0.256,0.376,0.0,0,0,0.0,0
20:20:59.301,134.429,FOCUSED,95.66,0.261,0.373,0.0,0,0,0.0,0
20:20:59.377,134.505,FOCUSED,95.66,0.258,0.37,0.0,0,0,0.0,0
20:20:59.455,134.582,FOCUSED,95.66,0.26,0.371,0.0,0,0,0.0,0
20:20:59.525,134.653,FOCUSED,95.66,0.259,0.373,0.0,0,0,0.0,0
20:20:59.610,134.737,FOCUSED,95.66,0.258,0.373,0.0,0,0,0.0,0
20:20:59.686,134.814,FOCUSED,95.66,0.259,0.371,0.0,0,0,0.0,0
20:20:59.770,134.898,FOCUSED,95.66,0.263,0.371,0.0,0,0,0.0,0
20:20:59.878,135.006,FOCUSED,95.66,0.26,0.373,0.0,0,0,0.0,0
20:20:59.984,135.111,FOCUSED,95.66,0.259,0.371,0.0,0,0,0.0,0
20:21:00.069,135.196,FOCUSED,95.66,0.257,0.371,0.0,0,0,0.0,0
20:21:00.161,135.288,FOCUSED,95.66,0.259,0.373,0.0,0,0,0.0,0
20:21:00.255,135.382,FOCUSED,95.66,0.257,0.374,0.0,0,0,0.0,0
20:21:00.346,135.474,FOCUSED,95.66,0.258,0.374,0.0,0,0,0.0,0
20:21:00.454,135.582,FOCUSED,95.66,0.262,0.376,0.0,0,0,0.0,0
20:21:00.543,135.671,FOCUSED,95.66,0.26,0.377,0.0,0,0,0.0,0
20:21:00.635,135.763,FOCUSED,95.66,0.257,0.374,0.0,0,0,0.0,0
20:21:00.725,135.853,FOCUSED,95.66,0.258,0.373,0.0,0,0,0.0,0
20:21:00.825,135.952,FOCUSED,95.66,0.261,0.372,0.0,0,0,0.0,0
20:21:00.920,136.048,FOCUSED,95.66,0.263,0.374,0.0,0,0,0.0,0
20:21:01.007,136.134,FOCUSED,95.66,0.259,0.374,0.0,0,0,0.0,0
20:21:01.097,136.224,FOCUSED,95.66,0.255,0.372,0.0,0,0,0.0,0
20:21:01.200,136.328,FOCUSED,95.66,0.259,0.375,0.0,0,0,0.0,0
20:21:01.300,136.428,FOCUSED,95.66,0.259,0.374,0.0,0,0,0.0,0
20:21:01.403,136.53,FOCUSED,95.66,0.259,0.374,0.0,0,0,0.0,0
20:21:01.503,136.631,FOCUSED,95.66,0.257,0.374,0.0,0,0,0.0,0
20:21:01.588,136.716,FOCUSED,95.66,0.261,0.375,0.0,0,0,0.0,0
20:21:01.690,136.817,FOCUSED,95.66,0.262,0.375,0.0,0,0,0.0,0
20:21:01.771,136.899,FOCUSED,95.66,0.258,0.377,0.0,0,0,0.0,0
20:21:01.861,136.988,FOCUSED,95.66,0.261,0.379,0.0,0,0,0.0,0
20:21:01.952,137.079,FOCUSED,95.66,0.261,0.38,0.0,0,0,0.0,0
20:21:02.041,137.168,FOCUSED,95.66,0.259,0.376,0.0,0,0,0.0,0
20:21:02.155,137.283,FOCUSED,95.66,0.262,0.375,0.0,0,0,0.0,0
20:21:02.253,137.381,FOCUSED,95.66,0.26,0.375,0.0,0,0,0.0,0
20:21:02.362,137.49,FOCUSED,95.66,0.261,0.374,0.0,0,0,0.0,0
20:21:02.448,137.575,FOCUSED,95.66,0.262,0.376,0.0,0,0,0.0,0
20:21:02.553,137.68,FOCUSED,95.66,0.264,0.376,0.0,0,0,0.0,0
20:21:02.651,137.779,FOCUSED,95.66,0.261,0.377,0.0,0,0,0.0,0
20:21:02.737,137.864,FOCUSED,95.66,0.262,0.377,0.0,0,0,0.0,0
20:21:02.821,137.949,FOCUSED,95.66,0.267,0.38,0.0,0,0,0.0,0
20:21:02.923,138.05,FOCUSED,95.66,0.266,0.381,0.0,0,0,0.0,0
20:21:03.020,138.148,FOCUSED,95.66,0.254,0.38,0.0,0,0,0.0,0
20:21:03.130,138.257,FOCUSED,95.66,0.217,0.372,0.0,0,0,0.0,0
20:21:03.239,138.366,FOCUSED,95.66,0.193,0.369,0.0,0,0,0.0,0
20:21:03.351,138.479,FOCUSED,95.66,0.176,0.371,0.0,0,0,0.6,0
20:21:03.443,138.571,FOCUSED,95.66,0.255,0.382,0.0,0,0,0.0,0
20:21:03.545,138.673,FOCUSED,95.66,0.266,0.379,0.0,0,0,0.0,0
20:21:03.650,138.778,FOCUSED,95.66,0.271,0.379,0.0,0,0,0.0,0
20:21:03.752,138.879,FOCUSED,95.66,0.267,0.379,0.0,0,0,0.0,0
20:21:03.893,139.02,FOCUSED,95.66,0.27,0.378,0.0,0,0,0.0,0
20:21:04.018,139.145,FOCUSED,95.66,0.268,0.378,0.0,0,0,0.0,0
20:21:04.125,139.253,FOCUSED,95.66,0.272,0.38,0.0,0,0,0.0,0
20:21:04.251,139.379,FOCUSED,95.66,0.268,0.379,0.0,0,0,0.0,0
20:21:04.353,139.48,FOCUSED,95.66,0.276,0.377,0.0,0,0,0.0,0
20:21:04.445,139.572,FOCUSED,95.66,0.278,0.378,0.0,0,0,0.0,0
20:21:04.552,139.68,FOCUSED,95.66,0.275,0.38,0.0,0,0,0.0,0
20:21:04.671,139.799,FOCUSED,95.66,0.27,0.379,0.0,0,0,0.0,0
20:21:04.771,139.899,FOCUSED,95.66,0.281,0.378,0.0,0,0,0.0,0
20:21:04.878,140.006,FOCUSED,95.66,0.275,0.377,0.0,0,0,0.0,0
20:21:04.979,140.107,FOCUSED,95.66,0.273,0.374,0.0,0,0,0.0,0
20:21:05.076,140.203,FOCUSED,95.66,0.27,0.375,0.0,0,0,0.0,0
20:21:05.174,140.301,FOCUSED,95.66,0.271,0.379,0.0,0,0,0.0,0
20:21:05.276,140.404,FOCUSED,95.66,0.27,0.378,0.0,0,0,0.0,0
20:21:05.357,140.484,FOCUSED,95.66,0.272,0.38,0.0,0,0,0.0,0
20:21:05.459,140.587,FOCUSED,95.66,0.272,0.381,0.0,0,0,0.0,0
20:21:05.554,140.682,FOCUSED,95.66,0.241,0.376,0.0,0,0,0.0,0
20:21:05.640,140.768,FOCUSED,95.66,0.199,0.369,0.0,0,0,0.0,0
20:21:05.736,140.863,FOCUSED,95.66,0.186,0.369,0.0,0,0,0.0,0
20:21:05.827,140.954,FOCUSED,95.66,0.175,0.369,0.0,0,0,0.6,0
20:21:05.938,141.066,FOCUSED,95.66,0.212,0.375,0.0,0,0,0.0,0
20:21:06.038,141.166,FOCUSED,95.66,0.261,0.381,0.0,0,0,0.0,0
20:21:06.125,141.252,FOCUSED,95.66,0.272,0.38,0.0,0,0,0.0,0
20:21:06.217,141.345,FOCUSED,95.66,0.275,0.38,0.0,0,0,0.0,0
20:21:06.332,141.46,FOCUSED,95.66,0.271,0.381,0.0,0,0,0.0,0
20:21:06.427,141.554,FOCUSED,95.66,0.275,0.382,0.0,0,0,0.0,0
20:21:06.514,141.642,FOCUSED,95.66,0.279,0.379,0.0,0,0,0.0,0
20:21:06.614,141.741,FOCUSED,95.66,0.276,0.381,0.0,0,0,0.0,0
20:21:06.716,141.843,FOCUSED,95.66,0.279,0.381,0.0,0,0,0.0,0
20:21:06.818,141.945,FOCUSED,95.66,0.278,0.381,0.0,0,0,0.0,0
20:21:06.906,142.034,FOCUSED,95.66,0.273,0.383,0.0,0,0,0.0,0
20:21:06.988,142.115,FOCUSED,95.66,0.274,0.382,0.0,0,0,0.0,0
20:21:07.077,142.204,FOCUSED,95.66,0.28,0.384,0.0,0,0,0.0,0
20:21:07.185,142.313,FOCUSED,95.66,0.279,0.383,0.0,0,0,0.0,0
20:21:07.293,142.421,FOCUSED,95.66,0.28,0.385,0.0,0,0,0.0,0
20:21:07.406,142.533,FOCUSED,95.66,0.286,0.384,0.0,0,0,0.0,0
20:21:07.497,142.624,FOCUSED,95.66,0.273,0.383,0.0,0,0,0.0,0
20:21:07.605,142.734,FOCUSED,95.66,0.244,0.381,0.0,0,0,0.0,0
20:21:07.708,142.835,FOCUSED,95.66,0.215,0.376,0.0,0,0,0.0,0
20:21:07.807,142.934,FOCUSED,95.66,0.176,0.374,0.0,0,0,0.6,0
20:21:07.892,143.02,FOCUSED,95.66,0.185,0.373,0.0,0,0,0.0,0
20:21:07.980,143.107,FOCUSED,95.66,0.162,0.374,0.0,0,0,0.6,0
20:21:08.066,143.194,FOCUSED,95.66,0.169,0.374,0.0,0,0,0.6,0
20:21:08.205,143.333,FOCUSED,95.66,0.173,0.375,0.0,0,0,0.6,0
20:21:08.301,143.429,FOCUSED,95.66,0.169,0.375,0.0,0,0,0.6,0
20:21:08.400,143.528,FOCUSED,95.66,0.257,0.385,0.0,0,0,0.0,0
20:21:08.480,143.607,FOCUSED,95.66,0.26,0.381,0.0,0,0,0.0,0
20:21:08.594,143.722,FOCUSED,95.66,0.264,0.383,0.0,0,0,0.0,0
20:21:08.693,143.821,FOCUSED,95.66,0.259,0.385,0.0,0,0,0.0,0
20:21:08.801,143.929,FOCUSED,95.66,0.265,0.385,0.0,0,0,0.0,0
20:21:08.904,144.032,FOCUSED,95.66,0.267,0.379,0.0,0,0,0.0,0
20:21:09.001,144.128,FOCUSED,95.66,0.263,0.375,0.0,0,0,0.0,0
20:21:09.098,144.226,FOCUSED,95.66,0.263,0.366,0.0,0,0,0.0,0
20:21:09.192,144.32,FOCUSED,95.66,0.269,0.371,0.0,0,0,0.0,0
20:21:09.272,144.399,FOCUSED,95.66,0.254,0.373,0.0,0,0,0.0,0
20:21:09.363,144.491,FOCUSED,95.66,0.27,0.379,0.0,0,0,0.0,0
20:21:09.453,144.58,FOCUSED,95.66,0.27,0.381,0.0,0,0,0.0,0
20:21:09.530,144.658,FOCUSED,95.66,0.271,0.373,0.0,0,0,0.0,0
20:21:09.626,144.754,FOCUSED,95.66,0.272,0.376,0.0,0,0,0.0,0
20:21:09.716,144.843,FOCUSED,95.66,0.276,0.378,0.0,0,0,0.0,0
20:21:09.820,144.947,FOCUSED,95.66,0.274,0.382,0.0,0,0,0.0,0
20:21:09.912,145.04,FOCUSED,95.66,0.27,0.378,0.0,0,0,0.0,0
20:21:10.013,145.141,FOCUSED,95.66,0.265,0.374,0.0,0,0,0.0,0
20:21:10.119,145.246,FOCUSED,95.66,0.268,0.376,0.0,0,0,0.0,0
20:21:10.205,145.332,FOCUSED,95.66,0.269,0.38,0.0,0,0,0.0,0
20:21:10.313,145.441,FOCUSED,95.66,0.267,0.374,0.0,0,0,0.0,0
20:21:10.414,145.542,FOCUSED,95.66,0.269,0.379,0.0,0,0,0.0,0
20:21:10.501,145.629,FOCUSED,95.66,0.27,0.375,0.0,0,0,0.0,0
20:21:10.581,145.709,FOCUSED,95.66,0.275,0.379,0.0,0,0,0.0,0
20:21:10.660,145.787,FOCUSED,95.66,0.27,0.379,0.0,0,0,0.0,0
20:21:10.742,145.87,FOCUSED,95.66,0.266,0.379,0.0,0,0,0.0,0
20:21:10.826,145.953,FOCUSED,95.66,0.271,0.382,0.0,0,0,0.0,0
20:21:10.955,146.083,FOCUSED,95.66,0.267,0.379,0.0,0,0,0.0,0
20:21:11.079,146.207,FOCUSED,95.66,0.273,0.383,0.0,0,0,0.0,0
20:21:11.189,146.316,FOCUSED,95.66,0.269,0.378,0.0,0,0,0.0,0
20:21:11.292,146.419,FOCUSED,95.66,0.265,0.379,0.0,0,0,0.0,0
20:21:11.406,146.534,FOCUSED,95.66,0.269,0.376,0.0,0,0,0.0,0
20:21:11.498,146.626,FOCUSED,95.66,0.266,0.378,0.0,0,0,0.0,0
20:21:11.607,146.735,FOCUSED,95.66,0.263,0.377,0.0,0,0,0.0,0
20:21:11.739,146.866,FOCUSED,95.66,0.272,0.379,0.0,0,0,0.0,0
20:21:11.836,146.964,FOCUSED,95.66,0.272,0.38,0.0,0,0,0.0,0
20:21:11.958,147.085,FOCUSED,95.66,0.269,0.378,0.0,0,0,0.0,0
20:21:12.066,147.193,FOCUSED,95.66,0.269,0.378,0.0,0,0,0.0,0
20:21:12.183,147.311,FOCUSED,95.66,0.263,0.375,0.0,0,0,0.0,0
20:21:12.326,147.454,FOCUSED,95.66,0.267,0.38,0.0,0,0,0.0,0
20:21:12.439,147.566,FOCUSED,95.66,0.264,0.378,0.0,0,0,0.0,0
20:21:12.566,147.693,FOCUSED,95.66,0.271,0.38,0.0,0,0,0.0,0
20:21:12.662,147.79,FOCUSED,95.66,0.272,0.381,0.0,0,0,0.0,0
20:21:12.770,147.897,FOCUSED,95.66,0.27,0.382,0.0,0,0,0.0,0
20:21:12.892,148.019,FOCUSED,95.66,0.27,0.38,0.0,0,0,0.0,0
20:21:13.001,148.129,FOCUSED,95.66,0.27,0.379,0.0,0,0,0.0,0
20:21:13.112,148.239,FOCUSED,95.66,0.271,0.386,0.0,0,0,0.0,0
20:21:13.211,148.338,FOCUSED,95.66,0.269,0.388,0.0,0,0,0.0,0
20:21:13.310,148.438,FOCUSED,95.66,0.272,0.384,0.0,0,0,0.0,0
20:21:13.421,148.549,FOCUSED,95.66,0.278,0.383,0.0,0,0,0.0,0
20:21:13.550,148.678,FOCUSED,95.66,0.276,0.383,0.0,0,0,0.0,0
20:21:13.667,148.794,FOCUSED,95.66,0.283,0.381,0.0,0,0,0.0,0
20:21:13.775,148.903,FOCUSED,95.66,0.281,0.385,0.0,0,0,0.0,0
20:21:13.883,149.011,FOCUSED,95.66,0.282,0.379,0.0,0,0,0.0,0
20:21:13.997,149.125,FOCUSED,95.66,0.285,0.38,0.0,0,0,0.0,0
20:21:14.098,149.226,FOCUSED,95.66,0.282,0.377,0.0,0,0,0.0,0
20:21:14.194,149.322,FOCUSED,95.66,0.272,0.382,0.0,0,0,0.0,0
20:21:14.293,149.42,FOCUSED,95.66,0.272,0.382,0.0,0,0,0.0,0
20:21:14.398,149.526,FOCUSED,95.66,0.279,0.382,0.0,0,0,0.0,0
20:21:14.513,149.641,FOCUSED,95.66,0.284,0.385,0.0,0,0,0.0,0
20:21:14.620,149.747,FOCUSED,95.66,0.282,0.381,0.0,0,0,0.0,0
20:21:14.726,149.853,FOCUSED,95.66,0.278,0.382,0.0,0,0,0.0,0
20:21:14.827,149.955,FOCUSED,95.66,0.282,0.38,0.0,0,0,0.0,0
20:21:14.943,150.071,FOCUSED,95.66,0.28,0.383,0.0,0,0,0.0,0
20:21:15.053,150.181,FOCUSED,95.66,0.277,0.382,0.0,0,0,0.0,0
20:21:15.163,150.291,FOCUSED,95.66,0.275,0.382,0.0,0,0,0.0,0
20:21:15.242,150.369,FOCUSED,95.66,0.272,0.377,0.0,0,0,0.0,0
20:21:15.348,150.475,FOCUSED,95.66,0.273,0.379,0.0,0,0,0.0,0
20:21:15.465,150.593,FOCUSED,95.66,0.276,0.379,0.0,0,0,0.0,0
20:21:15.585,150.713,FOCUSED,95.66,0.275,0.379,0.0,0,0,0.0,0
20:21:15.695,150.822,FOCUSED,95.66,0.268,0.379,0.0,0,0,0.0,0
20:21:15.794,150.922,FOCUSED,95.66,0.271,0.382,0.0,0,0,0.0,0
20:21:15.916,151.044,FOCUSED,95.66,0.273,0.379,0.0,0,0,0.0,0
20:21:16.031,151.16,FOCUSED,95.66,0.273,0.379,0.0,0,0,0.0,0
20:21:16.147,151.274,FOCUSED,95.66,0.275,0.38,0.0,0,0,0.0,0
20:21:16.251,151.379,FOCUSED,95.66,0.271,0.379,0.0,0,0,0.0,0
20:21:16.362,151.49,FOCUSED,95.66,0.267,0.38,0.0,0,0,0.0,0
20:21:16.473,151.601,FOCUSED,95.66,0.277,0.382,0.0,0,0,0.0,0
20:21:16.578,151.706,FOCUSED,95.66,0.275,0.381,0.0,0,0,0.0,0
20:21:16.679,151.806,FOCUSED,95.66,0.278,0.38,0.0,0,0,0.0,0
20:21:16.797,151.925,FOCUSED,95.66,0.28,0.382,0.0,0,0,0.0,0
20:21:16.906,152.034,FOCUSED,95.66,0.278,0.384,0.0,0,0,0.0,0
20:21:17.027,152.154,FOCUSED,95.66,0.273,0.387,0.0,0,0,0.0,0
20:21:17.141,152.268,FOCUSED,95.66,0.274,0.388,0.0,0,0,0.0,0
20:21:17.271,152.399,FOCUSED,95.66,0.277,0.386,0.0,0,0,0.0,0
20:21:17.367,152.494,FOCUSED,95.66,0.276,0.393,0.0,0,0,0.0,0
20:21:17.467,152.595,FOCUSED,95.66,0.278,0.393,0.0,0,0,0.0,0
20:21:17.577,152.705,FOCUSED,95.66,0.279,0.392,0.0,0,0,0.0,0
20:21:17.686,152.814,FOCUSED,95.66,0.28,0.392,0.0,0,0,0.0,0
20:21:17.793,152.92,FOCUSED,95.66,0.286,0.39,0.0,0,0,0.0,0
20:21:17.887,153.015,FOCUSED,95.66,0.275,0.388,0.0,0,0,0.0,0
20:21:17.998,153.126,FOCUSED,95.66,0.271,0.389,0.0,0,0,0.0,0
20:21:18.099,153.227,FOCUSED,95.66,0.275,0.389,0.0,0,0,0.0,0
20:21:18.197,153.325,FOCUSED,95.66,0.276,0.388,0.0,0,0,0.0,0
20:21:18.288,153.415,FOCUSED,95.66,0.28,0.388,0.0,0,0,0.0,0
20:21:18.395,153.522,FOCUSED,95.66,0.279,0.391,0.0,0,0,0.0,0
20:21:18.491,153.618,FOCUSED,95.66,0.277,0.39,0.0,0,0,0.0,0
20:21:18.594,153.721,FOCUSED,95.66,0.277,0.39,0.0,0,0,0.0,0
20:21:18.700,153.827,FOCUSED,95.66,0.278,0.39,0.0,0,0,0.0,0
20:21:18.813,153.94,FOCUSED,95.66,0.276,0.39,0.0,0,0,0.0,0
20:21:18.925,154.052,FOCUSED,95.66,0.278,0.39,0.0,0,0,0.0,0
20:21:19.016,154.144,FOCUSED,95.66,0.275,0.388,0.0,0,0,0.0,0
20:21:19.099,154.226,FOCUSED,95.66,0.281,0.388,0.0,0,0,0.0,0
20:21:19.184,154.312,FOCUSED,95.66,0.278,0.389,0.0,0,0,0.0,0
20:21:19.270,154.397,FOCUSED,95.66,0.284,0.389,0.0,0,0,0.0,0
20:21:19.362,154.489,FOCUSED,95.66,0.284,0.39,0.0,0,0,0.0,0
20:21:19.457,154.584,FOCUSED,95.66,0.285,0.389,0.0,0,0,0.0,0
20:21:19.544,154.672,FOCUSED,95.66,0.28,0.386,0.0,0,0,0.0,0
20:21:19.649,154.777,FOCUSED,95.66,0.28,0.387,0.0,0,0,0.0,0
20:21:19.758,154.886,FOCUSED,95.66,0.278,0.386,0.0,0,0,0.0,0
20:21:19.841,154.969,FOCUSED,95.66,0.281,0.382,0.0,0,0,0.0,0
20:21:19.950,155.077,FOCUSED,95.66,0.059,0.376,0.0,0,0,0.6,0
20:21:20.085,155.213,FOCUSED,95.66,0.107,0.381,0.0,0,0,0.6,0
20:21:20.181,155.309,FOCUSED,95.66,0.112,0.387,0.0,0,0,0.6,0
20:21:20.264,155.392,FOCUSED,95.66,0.106,0.39,0.0,0,0,0.6,0
20:21:20.375,155.502,FOCUSED,95.66,0.083,0.384,0.0,0,0,0.6,0
20:21:20.464,155.592,FOCUSED,95.66,0.09,0.384,0.0,0,0,0.6,0
20:21:20.557,155.685,FOCUSED,95.66,0.181,0.387,0.0,0,0,0.0,0
20:21:20.667,155.794,FOCUSED,95.66,0.265,0.397,0.0,0,0,0.0,0
20:21:20.774,155.902,FOCUSED,95.66,0.28,0.395,0.0,0,0,0.0,0
20:21:20.895,156.022,FOCUSED,95.66,0.277,0.39,0.0,0,0,0.0,0
20:21:20.993,156.12,FOCUSED,95.66,0.282,0.388,0.0,0,0,0.0,0
20:21:21.068,156.196,FOCUSED,95.66,0.282,0.385,0.0,0,0,0.0,0
20:21:21.150,156.278,FOCUSED,95.66,0.281,0.386,0.0,0,0,0.0,0
20:21:21.251,156.378,FOCUSED,95.66,0.286,0.388,0.0,0,0,0.0,0
20:21:21.345,156.473,FOCUSED,95.66,0.289,0.39,0.0,0,0,0.0,0
20:21:21.443,156.57,FOCUSED,95.66,0.288,0.393,0.0,0,0,0.0,0
20:21:21.535,156.662,FOCUSED,95.66,0.289,0.392,0.0,0,0,0.0,0
20:21:21.641,156.768,FOCUSED,95.66,0.293,0.391,0.0,0,0,0.0,0
20:21:21.741,156.868,FOCUSED,95.66,0.293,0.387,0.0,0,0,0.0,0
20:21:21.828,156.955,FOCUSED,95.66,0.29,0.389,0.0,0,0,0.0,0
20:21:21.921,157.048,FOCUSED,95.66,0.294,0.386,0.0,0,0,0.0,0
20:21:22.028,157.156,FOCUSED,95.66,0.292,0.386,0.0,0,0,0.0,0
20:21:22.149,157.277,FOCUSED,95.66,0.287,0.385,0.0,0,0,0.0,0
20:21:22.267,157.395,FOCUSED,95.66,0.29,0.385,0.0,0,0,0.0,0
20:21:22.390,157.518,FOCUSED,95.66,0.286,0.382,0.0,0,0,0.0,0
20:21:22.498,157.626,FOCUSED,95.66,0.287,0.383,0.0,0,0,0.0,0
20:21:22.601,157.728,FOCUSED,95.66,0.286,0.385,0.0,0,0,0.0,0
20:21:22.710,157.837,FOCUSED,95.66,0.288,0.384,0.0,0,0,0.0,0
20:21:22.825,157.953,FOCUSED,95.66,0.283,0.384,0.0,0,0,0.0,0
20:21:22.935,158.063,FOCUSED,95.66,0.284,0.385,0.0,0,0,0.0,0
20:21:23.027,158.154,FOCUSED,95.66,0.291,0.386,0.0,0,0,0.0,0
20:21:23.117,158.244,FOCUSED,95.66,0.289,0.385,0.0,0,0,0.0,0
20:21:23.221,158.349,FOCUSED,95.66,0.287,0.387,0.0,0,0,0.0,0
20:21:23.317,158.444,FOCUSED,95.66,0.287,0.389,0.0,0,0,0.0,0
20:21:23.409,158.536,FOCUSED,95.66,0.284,0.383,0.0,0,0,0.0,0
20:21:23.511,158.639,FOCUSED,95.66,0.287,0.384,0.0,0,0,0.0,0
20:21:23.616,158.743,FOCUSED,95.66,0.301,0.385,0.0,0,0,0.0,0
20:21:23.749,158.877,FOCUSED,95.66,0.302,0.387,0.0,0,0,0.0,0
20:21:23.856,158.984,FOCUSED,95.66,0.295,0.389,0.0,0,0,0.0,0
20:21:23.945,159.072,FOCUSED,95.66,0.297,0.389,0.0,0,0,0.0,0
20:21:24.049,159.177,FOCUSED,95.66,0.299,0.388,0.0,0,0,0.0,0
20:21:24.156,159.284,FOCUSED,95.66,0.297,0.387,0.0,0,0,0.0,0
20:21:24.280,159.408,FOCUSED,95.66,0.297,0.388,0.0,0,0,0.0,0
20:21:24.385,159.513,FOCUSED,95.66,0.296,0.389,0.0,0,0,0.0,0
20:21:24.488,159.616,FOCUSED,95.66,0.294,0.387,0.0,0,0,0.0,0
20:21:24.595,159.723,FOCUSED,95.66,0.3,0.384,0.0,0,0,0.0,0
20:21:24.705,159.832,FOCUSED,95.66,0.289,0.385,0.0,0,0,0.0,0
20:21:24.800,159.927,FOCUSED,95.66,0.296,0.392,0.0,0,0,0.0,0
20:21:24.893,160.02,FOCUSED,95.66,0.297,0.389,0.0,0,0,0.0,0
20:21:24.986,160.113,FOCUSED,95.66,0.308,0.393,0.0,0,0,0.0,0
20:21:25.091,160.218,FOCUSED,95.66,0.301,0.391,0.0,0,0,0.0,0
20:21:25.197,160.324,FOCUSED,95.66,0.3,0.391,0.0,0,0,0.0,0
20:21:25.292,160.419,FOCUSED,95.66,0.296,0.39,0.0,0,0,0.0,0
20:21:25.398,160.525,FOCUSED,95.66,0.293,0.388,0.0,0,0,0.0,0
20:21:25.520,160.648,FOCUSED,95.66,0.302,0.39,0.0,0,0,0.0,0
20:21:25.598,160.725,FOCUSED,95.66,0.299,0.387,0.0,0,0,0.0,0
20:21:25.686,160.813,FOCUSED,95.66,0.3,0.388,0.0,0,0,0.0,0
20:21:25.794,160.922,FOCUSED,95.66,0.296,0.389,0.0,0,0,0.0,0
20:21:25.904,161.031,FOCUSED,95.66,0.294,0.389,0.0,0,0,0.0,0
20:21:26.015,161.142,FOCUSED,95.66,0.252,0.377,0.0,0,0,0.0,0
20:21:26.140,161.267,FOCUSED,95.66,0.263,0.369,0.0,0,0,0.0,0
20:21:26.264,161.392,FOCUSED,95.66,0.241,0.36,0.0,0,0,0.0,0
20:21:26.377,161.505,FOCUSED,95.66,0.23,0.348,0.0,0,0,0.0,0
20:21:26.500,161.627,FOCUSED,95.66,0.216,0.345,0.0,0,0,0.0,0
20:21:26.607,161.734,FOCUSED,95.66,0.23,0.348,0.0,0,0,0.0,0
20:21:26.740,161.867,FOCUSED,95.66,0.225,0.344,0.0,0,0,0.0,0
20:21:26.833,161.961,FOCUSED,95.66,0.224,0.344,0.0,0,0,0.0,0
20:21:26.938,162.066,FOCUSED,95.66,0.209,0.348,0.0,0,0,0.0,0
20:21:27.061,162.189,FOCUSED,95.66,0.199,0.352,0.0,0,0,0.0,0
20:21:27.185,162.312,FOCUSED,95.66,0.215,0.366,0.0,0,0,0.0,0
20:21:27.297,162.424,FOCUSED,95.66,0.209,0.37,0.0,0,0,0.0,0
20:21:27.397,162.524,FOCUSED,95.66,0.209,0.363,0.0,0,0,0.0,0
20:21:27.484,162.613,FOCUSED,95.66,0.212,0.364,0.0,0,0,0.0,0
20:21:27.578,162.706,FOCUSED,95.66,0.211,0.366,0.0,0,0,0.0,0
20:21:27.686,162.813,FOCUSED,95.66,0.208,0.364,0.0,0,0,0.0,0
20:21:27.788,162.916,FOCUSED,95.66,0.209,0.361,0.0,0,0,0.0,0
20:21:27.894,163.022,FOCUSED,95.66,0.217,0.347,0.0,0,0,0.0,0
20:21:27.988,163.115,FOCUSED,95.66,0.218,0.346,0.0,0,0,0.0,0
20:21:28.063,163.191,FOCUSED,95.66,0.217,0.349,0.0,0,0,0.0,0
20:21:28.158,163.285,FOCUSED,95.66,0.223,0.349,0.0,0,0,0.0,0
20:21:28.242,163.37,FOCUSED,95.66,0.225,0.354,0.0,0,0,0.0,0
20:21:28.346,163.474,FOCUSED,95.66,0.222,0.358,0.0,0,0,0.0,0
20:21:28.443,163.571,FOCUSED,95.66,0.226,0.361,0.0,0,0,0.0,0
20:21:28.544,163.671,FOCUSED,95.66,0.234,0.362,0.0,0,0,0.0,0
20:21:28.623,163.751,FOCUSED,95.66,0.233,0.361,0.0,0,0,0.0,0
20:21:28.716,163.843,FOCUSED,95.66,0.239,0.364,0.0,0,0,0.0,0
20:21:28.827,163.955,FOCUSED,95.66,0.231,0.362,0.0,0,0,0.0,0
20:21:28.919,164.046,FOCUSED,95.66,0.231,0.363,0.0,0,0,0.0,0
20:21:29.024,164.152,FOCUSED,95.66,0.234,0.369,0.0,0,0,0.0,0
20:21:29.115,164.244,FOCUSED,95.66,0.237,0.369,0.0,0,0,0.0,0
20:21:29.224,164.352,FOCUSED,95.66,0.246,0.37,0.0,0,0,0.0,0
20:21:29.317,164.444,FOCUSED,95.66,0.248,0.377,0.0,0,0,0.0,0
20:21:29.414,164.541,FOCUSED,95.66,0.25,0.381,0.0,0,0,0.0,0
20:21:29.517,164.644,FOCUSED,95.66,0.25,0.381,0.0,0,0,0.0,0
20:21:29.622,164.75,FOCUSED,95.66,0.252,0.381,0.0,0,0,0.0,0
20:21:29.755,164.882,FOCUSED,95.66,0.252,0.381,0.0,0,0,0.0,0
20:21:29.847,164.975,FOCUSED,95.66,0.26,0.378,0.0,0,0,0.0,0
20:21:29.954,165.082,FOCUSED,95.66,0.272,0.365,0.0,0,0,0.0,0
20:21:30.064,165.192,FOCUSED,95.66,0.262,0.364,0.0,0,0,0.0,0
20:21:30.187,165.315,FOCUSED,95.66,0.268,0.361,0.0,0,0,0.0,0
20:21:30.317,165.444,FOCUSED,95.66,0.269,0.362,0.0,0,0,0.0,0
20:21:30.417,165.544,FOCUSED,95.66,0.274,0.364,0.0,0,0,0.0,0
20:21:30.494,165.622,FOCUSED,95.66,0.269,0.364,0.0,0,0,0.0,0
20:21:30.570,165.698,FOCUSED,95.66,0.272,0.367,0.0,0,0,0.0,0
20:21:30.658,165.786,FOCUSED,95.66,0.274,0.368,0.0,0,0,0.0,0
20:21:30.778,165.906,FOCUSED,95.66,0.275,0.368,0.0,0,0,0.0,0
20:21:30.917,166.045,FOCUSED,95.66,0.271,0.37,0.0,0,0,0.0,0
20:21:31.037,166.165,FOCUSED,95.66,0.281,0.375,0.0,0,0,0.0,0
20:21:31.137,166.265,FOCUSED,95.66,0.287,0.374,0.0,0,0,0.0,0
20:21:31.224,166.352,FOCUSED,95.66,0.293,0.374,0.0,0,0,0.0,0
20:21:31.301,166.429,FOCUSED,95.66,0.294,0.377,0.0,0,0,0.0,0
20:21:31.386,166.513,FOCUSED,95.66,0.291,0.375,0.0,0,0,0.0,0
20:21:31.478,166.605,FOCUSED,95.66,0.257,0.367,0.0,0,0,0.0,0
20:21:31.589,166.716,FOCUSED,95.66,0.259,0.362,0.0,0,0,0.0,0
20:21:31.682,166.81,FOCUSED,95.66,0.258,0.368,0.0,0,0,0.0,0
20:21:31.784,166.912,FOCUSED,95.66,0.266,0.369,0.0,0,0,0.0,0
20:21:31.870,166.998,FOCUSED,95.66,0.262,0.368,0.0,0,0,0.0,0
20:21:31.954,167.082,FOCUSED,95.66,0.265,0.369,0.0,0,0,0.0,0
20:21:32.044,167.172,FOCUSED,95.66,0.265,0.367,0.0,0,0,0.0,0
20:21:32.145,167.273,FOCUSED,95.66,0.264,0.368,0.0,0,0,0.0,0
20:21:32.265,167.393,FOCUSED,95.66,0.263,0.369,0.0,0,0,0.0,0
20:21:32.374,167.502,FOCUSED,95.66,0.266,0.37,0.0,0,0,0.0,0
20:21:32.497,167.625,FOCUSED,95.66,0.271,0.369,0.0,0,0,0.0,0
20:21:32.586,167.714,FOCUSED,95.66,0.269,0.369,0.0,0,0,0.0,0
20:21:32.688,167.816,FOCUSED,95.66,0.271,0.372,0.0,0,0,0.0,0
20:21:32.769,167.897,FOCUSED,95.66,0.263,0.37,0.0,0,0,0.0,0
20:21:32.885,168.013,FOCUSED,95.66,0.269,0.369,0.0,0,0,0.0,0
20:21:32.980,168.107,FOCUSED,95.66,0.271,0.371,0.0,0,0,0.0,0
20:21:33.070,168.199,FOCUSED,95.66,0.272,0.372,0.0,0,0,0.0,0
20:21:33.165,168.293,FOCUSED,95.66,0.274,0.37,0.0,0,0,0.0,0
20:21:33.261,168.389,FOCUSED,95.66,0.273,0.37,0.0,0,0,0.0,0
20:21:33.356,168.484,FOCUSED,95.66,0.27,0.37,0.0,0,0,0.0,0
20:21:33.449,168.577,FOCUSED,95.66,0.267,0.372,0.0,0,0,0.0,0
20:21:33.526,168.654,FOCUSED,95.66,0.262,0.372,0.0,0,0,0.0,0
20:21:33.615,168.742,FOCUSED,95.66,0.263,0.374,0.0,0,0,0.0,0
20:21:33.707,168.835,FOCUSED,95.66,0.265,0.373,0.0,0,0,0.0,0
20:21:33.792,168.919,FOCUSED,95.66,0.266,0.373,0.0,0,0,0.0,0
20:21:33.895,169.023,FOCUSED,95.66,0.264,0.37,0.0,0,0,0.0,0
20:21:33.988,169.116,FOCUSED,95.66,0.267,0.374,0.0,0,0,0.0,0
20:21:34.090,169.219,FOCUSED,95.66,0.264,0.372,0.0,0,0,0.0,0
20:21:34.195,169.323,FOCUSED,95.66,0.263,0.375,0.0,0,0,0.0,0
20:21:34.289,169.416,FOCUSED,95.66,0.259,0.374,0.0,0,0,0.0,0
20:21:34.366,169.493,FOCUSED,95.66,0.257,0.373,0.0,0,0,0.0,0
20:21:34.446,169.574,FOCUSED,95.66,0.261,0.378,0.0,0,0,0.0,0
20:21:34.548,169.675,FOCUSED,95.66,0.262,0.375,0.0,0,0,0.0,0
20:21:34.645,169.773,FOCUSED,95.66,0.261,0.374,0.0,0,0,0.0,0
20:21:34.723,169.85,FOCUSED,95.66,0.26,0.374,0.0,0,0,0.0,0
20:21:34.803,169.931,FOCUSED,95.66,0.264,0.373,0.0,0,0,0.0,0
20:21:34.893,170.021,FOCUSED,95.66,0.265,0.374,0.0,0,0,0.0,0
20:21:34.980,170.108,FOCUSED,95.66,0.264,0.377,0.0,0,0,0.0,0
20:21:35.079,170.207,FOCUSED,95.66,0.264,0.376,0.0,0,0,0.0,0
20:21:35.184,170.311,FOCUSED,95.66,0.267,0.375,0.0,0,0,0.0,0
20:21:35.270,170.398,FOCUSED,95.66,0.273,0.376,0.0,0,0,0.0,0
20:21:35.358,170.486,FOCUSED,95.66,0.272,0.374,0.0,0,0,0.0,0
20:21:35.466,170.593,FOCUSED,95.66,0.271,0.375,0.0,0,0,0.0,0
20:21:35.557,170.685,FOCUSED,95.66,0.271,0.376,0.0,0,0,0.0,0
20:21:35.646,170.773,FOCUSED,95.66,0.269,0.375,0.0,0,0,0.0,0
20:21:35.743,170.871,FOCUSED,95.66,0.268,0.375,0.0,0,0,0.0,0
20:21:35.835,170.963,FOCUSED,95.66,0.267,0.377,0.0,0,0,0.0,0
20:21:35.915,171.042,FOCUSED,95.66,0.268,0.376,0.0,0,0,0.0,0
20:21:36.022,171.149,FOCUSED,95.66,0.271,0.378,0.0,0,0,0.0,0
20:21:36.127,171.255,FOCUSED,95.66,0.268,0.376,0.0,0,0,0.0,0
20:21:36.215,171.343,FOCUSED,95.66,0.271,0.378,0.0,0,0,0.0,0
20:21:36.311,171.438,FOCUSED,95.66,0.268,0.38,0.0,0,0,0.0,0
20:21:36.406,171.534,FOCUSED,95.66,0.271,0.377,0.0,0,0,0.0,0
20:21:36.486,171.613,FOCUSED,95.66,0.274,0.38,0.0,0,0,0.0,0
20:21:36.567,171.695,FOCUSED,95.66,0.28,0.379,0.0,0,0,0.0,0
20:21:36.660,171.788,FOCUSED,95.66,0.281,0.379,0.0,0,0,0.0,0
20:21:36.768,171.895,FOCUSED,95.66,0.276,0.378,0.0,0,0,0.0,0
20:21:36.867,171.995,FOCUSED,95.66,0.269,0.376,0.0,0,0,0.0,0
20:21:36.960,172.088,FOCUSED,95.66,0.27,0.379,0.0,0,0,0.0,0
20:21:37.055,172.183,FOCUSED,95.66,0.271,0.378,0.0,0,0,0.0,0
20:21:37.158,172.285,FOCUSED,95.66,0.268,0.376,0.0,0,0,0.0,0
20:21:37.260,172.388,FOCUSED,95.66,0.244,0.368,0.0,0,0,0.0,0
20:21:37.341,172.469,FOCUSED,95.66,0.25,0.372,0.0,0,0,0.0,0
20:21:37.438,172.566,FOCUSED,95.66,0.253,0.372,0.0,0,0,0.0,0
20:21:37.526,172.654,FOCUSED,95.66,0.256,0.374,0.0,0,0,0.0,0
20:21:37.626,172.754,FOCUSED,95.66,0.259,0.373,0.0,0,0,0.0,0
20:21:37.716,172.843,FOCUSED,95.66,0.259,0.373,0.0,0,0,0.0,0
20:21:37.806,172.934,FOCUSED,95.66,0.267,0.373,0.0,0,0,0.0,0
20:21:37.937,173.065,FOCUSED,95.66,0.261,0.37,0.0,0,0,0.0,0
20:21:38.030,173.158,FOCUSED,95.66,0.264,0.373,0.0,0,0,0.0,0
20:21:38.115,173.242,FOCUSED,95.66,0.263,0.374,0.0,0,0,0.0,0
20:21:38.200,173.328,FOCUSED,95.66,0.263,0.372,0.0,0,0,0.0,0
20:21:38.295,173.423,FOCUSED,95.66,0.261,0.374,0.0,0,0,0.0,0
20:21:38.383,173.511,FOCUSED,95.66,0.262,0.375,0.0,0,0,0.0,0
20:21:38.468,173.596,FOCUSED,95.66,0.263,0.373,0.0,0,0,0.0,0
20:21:38.557,173.685,FOCUSED,95.66,0.261,0.375,0.0,0,0,0.0,0
20:21:38.638,173.766,FOCUSED,95.66,0.263,0.375,0.0,0,0,0.0,0
20:21:38.730,173.858,FOCUSED,95.66,0.262,0.376,0.0,0,0,0.0,0
20:21:38.825,173.952,FOCUSED,95.66,0.262,0.376,0.0,0,0,0.0,0
20:21:38.900,174.027,FOCUSED,95.66,0.265,0.374,0.0,0,0,0.0,0
20:21:38.998,174.125,FOCUSED,95.66,0.26,0.374,0.0,0,0,0.0,0
20:21:39.085,174.213,FOCUSED,95.66,0.268,0.373,0.0,0,0,0.0,0
20:21:39.182,174.309,FOCUSED,95.66,0.257,0.381,0.0,0,0,0.0,0
20:21:39.276,174.404,FOCUSED,95.66,0.279,0.383,0.0,0,0,0.0,0
20:21:39.363,174.491,FOCUSED,95.66,0.284,0.383,0.0,0,0,0.0,0
20:21:39.447,174.575,FOCUSED,95.66,0.289,0.382,0.0,0,0,0.0,0
20:21:39.535,174.663,FOCUSED,95.66,0.295,0.382,0.0,0,0,0.0,0
20:21:39.625,174.752,FOCUSED,95.66,0.293,0.382,0.0,0,0,0.0,0
20:21:39.723,174.851,FOCUSED,95.66,0.291,0.381,0.0,0,0,0.0,0
20:21:39.825,174.952,FOCUSED,95.66,0.288,0.379,0.0,0,0,0.0,0
20:21:39.945,175.073,FOCUSED,95.66,0.294,0.383,0.0,0,0,0.0,0
20:21:40.028,175.156,FOCUSED,95.66,0.293,0.381,0.0,0,0,0.0,0
20:21:40.145,175.274,FOCUSED,95.66,0.296,0.382,0.0,0,0,0.0,0
20:21:40.245,175.372,FOCUSED,95.66,0.288,0.378,0.0,0,0,0.0,0
20:21:40.336,175.464,FOCUSED,95.66,0.283,0.375,0.0,0,0,0.0,0
20:21:40.424,175.551,FOCUSED,95.66,0.283,0.377,0.0,0,0,0.0,0
20:21:40.523,175.651,FOCUSED,95.66,0.29,0.379,0.0,0,0,0.0,0
20:21:40.627,175.755,FOCUSED,95.66,0.29,0.376,0.0,0,0,0.0,0
20:21:40.736,175.864,FOCUSED,95.66,0.29,0.376,0.0,0,0,0.0,0
20:21:40.850,175.977,FOCUSED,95.66,0.286,0.376,0.0,0,0,0.0,0
20:21:40.977,176.105,FOCUSED,95.66,0.268,0.369,0.0,0,0,0.0,0
20:21:41.073,176.2,FOCUSED,95.66,0.267,0.376,0.0,0,0,0.0,0
20:21:41.170,176.297,FOCUSED,95.66,0.267,0.371,0.0,0,0,0.0,0
20:21:41.262,176.39,FOCUSED,95.66,0.271,0.376,0.0,0,0,0.0,0
20:21:41.360,176.487,FOCUSED,95.66,0.271,0.376,0.0,0,0,0.0,0
20:21:41.465,176.593,FOCUSED,95.66,0.271,0.376,0.0,0,0,0.0,0
20:21:41.587,176.715,FOCUSED,95.66,0.273,0.376,0.0,0,0,0.0,0
20:21:41.697,176.825,FOCUSED,95.66,0.272,0.376,0.0,0,0,0.0,0
20:21:41.784,176.911,FOCUSED,95.66,0.289,0.387,0.0,0,0,0.0,0
20:21:41.884,177.011,FOCUSED,95.66,0.277,0.385,0.0,0,0,0.0,0
20:21:41.976,177.103,FOCUSED,95.66,0.288,0.386,0.0,0,0,0.0,0
20:21:42.075,177.202,FOCUSED,95.66,0.295,0.385,0.0,0,0,0.0,0
20:21:42.167,177.295,FOCUSED,95.66,0.292,0.384,0.0,0,0,0.0,0
20:21:42.268,177.396,FOCUSED,95.66,0.295,0.384,0.0,0,0,0.0,0
20:21:42.364,177.492,FOCUSED,95.66,0.293,0.384,0.0,0,0,0.0,0
20:21:42.475,177.602,FOCUSED,95.66,0.298,0.385,0.0,0,0,0.0,0
20:21:42.596,177.724,FOCUSED,95.66,0.295,0.385,0.0,0,0,0.0,0
20:21:42.711,177.839,FOCUSED,95.66,0.294,0.385,0.0,0,0,0.0,0
20:21:42.843,177.971,FOCUSED,95.66,0.287,0.386,0.0,0,0,0.0,0
20:21:42.980,178.108,FOCUSED,95.66,0.295,0.384,0.0,0,0,0.0,0
20:21:43.137,178.265,FOCUSED,95.66,0.295,0.383,0.0,0,0,0.0,0
20:21:43.249,178.377,FOCUSED,95.66,0.297,0.38,0.0,0,0,0.0,0
20:21:43.347,178.474,FOCUSED,95.66,0.298,0.382,0.0,0,0,0.0,0
20:21:43.437,178.564,FOCUSED,95.66,0.302,0.382,0.0,0,0,0.0,0
20:21:43.541,178.668,FOCUSED,95.66,0.298,0.382,0.0,0,0,0.0,0
20:21:43.636,178.763,FOCUSED,95.66,0.298,0.38,0.0,0,0,0.0,0
20:21:43.749,178.877,FOCUSED,95.66,0.3,0.387,0.0,0,0,0.0,0
20:21:43.891,179.019,FOCUSED,95.66,0.304,0.386,0.0,0,0,0.0,0
20:21:44.037,179.165,FOCUSED,95.66,0.3,0.387,0.0,0,0,0.0,0
20:21:44.128,179.256,FOCUSED,95.66,0.289,0.385,0.0,0,0,0.0,0
20:21:44.245,179.372,FOCUSED,95.66,0.3,0.384,0.0,0,0,0.0,0
20:21:44.367,179.494,FOCUSED,95.66,0.294,0.384,0.0,0,0,0.0,0
20:21:44.457,179.584,FOCUSED,95.66,0.296,0.387,0.0,0,0,0.0,0
20:21:44.569,179.696,FOCUSED,95.66,0.292,0.384,0.0,0,0,0.0,0
20:21:44.671,179.799,FOCUSED,95.66,0.296,0.384,0.0,0,0,0.0,0
20:21:44.765,179.892,FOCUSED,95.66,0.297,0.384,0.0,0,0,0.0,0
20:21:44.865,179.992,FOCUSED,95.66,0.287,0.384,0.0,0,0,0.0,0
20:21:44.963,180.09,FOCUSED,95.66,0.257,0.369,0.0,0,0,0.0,0
20:21:45.049,180.176,FOCUSED,95.66,0.261,0.371,0.0,0,0,0.0,0
20:21:45.137,180.265,FOCUSED,95.66,0.259,0.376,0.0,0,0,0.0,0
20:21:45.230,180.357,FOCUSED,95.66,0.261,0.378,0.0,0,0,0.0,0
20:21:45.326,180.454,FOCUSED,95.66,0.264,0.379,0.0,0,0,0.0,0
20:21:45.406,180.534,FOCUSED,95.66,0.269,0.379,0.0,0,0,0.0,0
20:21:45.506,180.634,FOCUSED,95.66,0.261,0.379,0.0,0,0,0.0,0
20:21:45.597,180.724,FOCUSED,95.66,0.262,0.376,0.0,0,0,0.0,0
20:21:45.723,180.85,FOCUSED,95.66,0.262,0.375,0.0,0,0,0.0,0
20:21:45.818,180.946,FOCUSED,95.66,0.256,0.374,0.0,0,0,0.0,0
20:21:45.918,181.046,FOCUSED,95.66,0.258,0.375,0.0,0,0,0.0,0
20:21:46.023,181.15,FOCUSED,95.66,0.264,0.377,0.0,0,0,0.0,0
20:21:46.113,181.24,FOCUSED,95.66,0.262,0.38,0.0,0,0,0.0,0
20:21:46.197,181.325,FOCUSED,95.66,0.26,0.378,0.0,0,0,0.0,0
20:21:46.290,181.417,FOCUSED,95.66,0.253,0.378,0.0,0,0,0.0,0
20:21:46.385,181.513,FOCUSED,95.66,0.267,0.382,0.0,0,0,0.0,0
20:21:46.482,181.61,FOCUSED,95.66,0.266,0.374,0.0,0,0,0.0,0
20:21:46.586,181.714,FOCUSED,95.66,0.265,0.377,0.0,0,0,0.0,0
20:21:46.684,181.811,FOCUSED,95.66,0.265,0.377,0.0,0,0,0.0,0
20:21:46.782,181.91,FOCUSED,95.66,0.27,0.378,0.0,0,0,0.0,0
20:21:46.873,182.001,FOCUSED,95.66,0.271,0.384,0.0,0,0,0.0,0
20:21:46.961,182.089,FOCUSED,95.66,0.276,0.382,0.0,0,0,0.0,0
20:21:47.067,182.195,FOCUSED,95.66,0.277,0.38,0.0,0,0,0.0,0
20:21:47.163,182.291,FOCUSED,95.66,0.275,0.381,0.0,0,0,0.0,0
20:21:47.299,182.426,FOCUSED,95.66,0.274,0.383,0.0,0,0,0.0,0
20:21:47.400,182.528,FOCUSED,95.66,0.268,0.378,0.0,0,0,0.0,0
20:21:47.517,182.645,FOCUSED,95.66,0.267,0.379,0.0,0,0,0.0,0
20:21:47.630,182.758,FOCUSED,95.66,0.267,0.382,0.0,0,0,0.0,0
20:21:47.742,182.869,FOCUSED,95.66,0.269,0.381,0.0,0,0,0.0,0
20:21:47.874,183.002,FOCUSED,95.66,0.269,0.388,0.0,0,0,0.0,0
20:21:47.975,183.102,FOCUSED,95.66,0.281,0.395,0.0,0,0,0.0,0
20:21:48.067,183.194,FOCUSED,95.66,0.278,0.388,0.0,0,0,0.0,0
20:21:48.165,183.293,FOCUSED,95.66,0.266,0.386,0.0,0,0,0.0,0
20:21:48.256,183.384,FOCUSED,95.66,0.274,0.391,0.0,0,0,0.0,0
20:21:48.351,183.479,FOCUSED,95.66,0.268,0.403,0.0,0,0,0.0,0
20:21:48.436,183.563,FOCUSED,95.66,0.263,0.392,0.0,0,0,0.0,0
20:21:48.532,183.659,FOCUSED,95.66,0.263,0.385,0.0,0,0,0.0,0
20:21:48.618,183.746,FOCUSED,95.66,0.266,0.394,0.0,0,0,0.0,0
20:21:48.717,183.844,FOCUSED,95.66,0.265,0.398,0.0,0,0,0.0,0
20:21:48.837,183.964,FOCUSED,95.66,0.268,0.398,0.0,0,0,0.0,0
20:21:48.964,184.091,FOCUSED,95.66,0.274,0.397,0.0,0,0,0.0,0
20:21:49.087,184.214,FOCUSED,95.66,0.272,0.391,0.0,0,0,0.0,0
20:21:49.220,184.347,FOCUSED,95.66,0.283,0.393,0.0,0,0,0.0,0
20:21:49.305,184.432,FOCUSED,95.66,0.26,0.386,0.0,0,0,0.0,0
20:21:49.406,184.534,FOCUSED,95.66,0.281,0.391,0.0,0,0,0.0,0
20:21:49.513,184.641,FOCUSED,95.66,0.282,0.39,0.0,0,0,0.0,0
20:21:49.604,184.731,FOCUSED,95.66,0.286,0.387,0.0,0,0,0.0,0
20:21:49.702,184.829,FOCUSED,95.66,0.277,0.388,0.0,0,0,0.0,0
20:21:49.814,184.941,FOCUSED,95.66,0.271,0.386,0.0,0,0,0.0,0
20:21:49.924,185.051,FOCUSED,95.66,0.27,0.385,0.0,0,0,0.0,0
20:21:50.079,185.206,FOCUSED,95.66,0.273,0.383,0.0,0,0,0.0,0
20:21:50.196,185.323,FOCUSED,95.66,0.276,0.391,0.0,0,0,0.0,0
20:21:50.304,185.431,FOCUSED,95.66,0.271,0.388,0.0,0,0,0.0,0
20:21:50.419,185.547,FOCUSED,95.66,0.272,0.39,0.0,0,0,0.0,0
20:21:50.531,185.659,FOCUSED,95.66,0.27,0.391,0.0,0,0,0.0,0
20:21:50.650,185.778,FOCUSED,95.66,0.274,0.389,0.0,0,0,0.0,0
20:21:50.748,185.876,FOCUSED,95.66,0.268,0.387,0.0,0,0,0.0,0
20:21:50.848,185.975,FOCUSED,95.66,0.275,0.388,0.0,0,0,0.0,0
20:21:50.957,186.085,FOCUSED,95.66,0.27,0.388,0.0,0,0,0.0,0
20:21:51.075,186.202,FOCUSED,95.66,0.276,0.389,0.0,0,0,0.0,0
20:21:51.199,186.327,FOCUSED,95.66,0.283,0.392,0.0,0,0,0.0,0
20:21:51.339,186.466,FOCUSED,95.66,0.284,0.394,0.0,0,0,0.0,0
20:21:51.476,186.603,FOCUSED,95.66,0.279,0.396,0.0,0,0,0.0,0
20:21:51.604,186.731,FOCUSED,95.66,0.283,0.393,0.0,0,0,0.0,0
20:21:51.728,186.856,FOCUSED,95.66,0.279,0.388,0.0,0,0,0.0,0
20:21:51.867,186.995,FOCUSED,95.66,0.285,0.391,0.0,0,0,0.0,0
20:21:51.987,187.115,FOCUSED,95.66,0.284,0.393,0.0,0,0,0.0,0
20:21:52.105,187.232,FOCUSED,95.66,0.284,0.394,0.0,0,0,0.0,0
20:21:52.217,187.344,FOCUSED,95.66,0.28,0.391,0.0,0,0,0.0,0
20:21:52.335,187.463,FOCUSED,95.66,0.285,0.392,0.0,0,0,0.0,0
20:21:52.478,187.606,FOCUSED,95.66,0.287,0.393,0.0,0,0,0.0,0
20:21:52.591,187.719,FOCUSED,95.66,0.288,0.394,0.0,0,0,0.0,0
20:21:52.720,187.847,FOCUSED,95.66,0.285,0.395,0.0,0,0,0.0,0
20:21:52.844,187.971,FOCUSED,95.66,0.285,0.395,0.0,0,0,0.0,0
20:21:52.997,188.124,FOCUSED,95.66,0.287,0.395,0.0,0,0,0.0,0
20:21:53.117,188.245,FOCUSED,95.66,0.288,0.393,0.0,0,0,0.0,0
20:21:53.229,188.356,FOCUSED,95.66,0.288,0.393,0.0,0,0,0.0,0
20:21:53.313,188.44,FOCUSED,95.66,0.285,0.394,0.0,0,0,0.0,0
20:21:53.402,188.529,FOCUSED,95.66,0.281,0.392,0.0,0,0,0.0,0
20:21:53.494,188.622,FOCUSED,95.66,0.283,0.394,0.0,0,0,0.0,0
20:21:53.584,188.711,FOCUSED,95.66,0.285,0.394,0.0,0,0,0.0,0
20:21:53.695,188.823,FOCUSED,95.66,0.284,0.392,0.0,0,0,0.0,0
20:21:53.803,188.93,FOCUSED,95.66,0.283,0.392,0.0,0,0,0.0,0
20:21:53.920,189.047,FOCUSED,95.66,0.284,0.392,0.0,0,0,0.0,0
20:21:54.048,189.175,FOCUSED,95.66,0.283,0.392,0.0,0,0,0.0,0
20:21:54.170,189.298,FOCUSED,95.66,0.288,0.392,0.0,0,0,0.0,0
20:21:54.290,189.417,FOCUSED,95.66,0.292,0.395,0.0,0,0,0.0,0
20:21:54.410,189.539,FOCUSED,95.66,0.291,0.392,0.0,0,0,0.0,0
20:21:54.516,189.643,FOCUSED,95.66,0.288,0.392,0.0,0,0,0.0,0
20:21:54.621,189.749,FOCUSED,95.66,0.29,0.391,0.0,0,0,0.0,0
20:21:54.727,189.855,FOCUSED,95.66,0.29,0.393,0.0,0,0,0.0,0
20:21:54.831,189.959,FOCUSED,95.66,0.29,0.394,0.0,0,0,0.0,0
20:21:54.932,190.059,FOCUSED,95.66,0.282,0.392,0.0,0,0,0.0,0
20:21:55.047,190.175,FOCUSED,95.66,0.29,0.393,0.0,0,0,0.0,0
20:21:55.167,190.294,FOCUSED,95.66,0.289,0.391,0.0,0,0,0.0,0
20:21:55.298,190.426,FOCUSED,95.66,0.294,0.39,0.0,0,0,0.0,0
20:21:55.400,190.527,FOCUSED,95.66,0.29,0.391,0.0,0,0,0.0,0
20:21:55.517,190.644,FOCUSED,95.66,0.291,0.39,0.0,0,0,0.0,0
20:21:55.638,190.766,FOCUSED,95.66,0.289,0.39,0.0,0,0,0.0,0
20:21:55.732,190.86,FOCUSED,95.66,0.293,0.391,0.0,0,0,0.0,0
20:21:55.830,190.958,FOCUSED,95.66,0.294,0.391,0.0,0,0,0.0,0
20:21:55.912,191.039,FOCUSED,95.66,0.292,0.39,0.0,0,0,0.0,0
20:21:56.014,191.142,FOCUSED,95.66,0.288,0.394,0.0,0,0,0.0,0
20:21:56.119,191.247,FOCUSED,95.66,0.293,0.394,0.0,0,0,0.0,0
20:21:56.241,191.368,FOCUSED,95.66,0.288,0.393,0.0,0,0,0.0,0
20:21:56.388,191.516,FOCUSED,95.66,0.288,0.394,0.0,0,0,0.0,0
20:21:56.508,191.637,FOCUSED,95.66,0.284,0.392,0.0,0,0,0.0,0
20:21:56.620,191.748,FOCUSED,95.66,0.28,0.392,0.0,0,0,0.0,0
20:21:56.735,191.863,FOCUSED,95.66,0.282,0.388,0.0,0,0,0.0,0
20:21:56.825,191.952,FOCUSED,95.66,0.281,0.386,0.0,0,0,0.0,0
20:21:56.928,192.055,FOCUSED,95.66,0.293,0.386,0.0,0,0,0.0,0
20:21:57.024,192.152,FOCUSED,95.66,0.285,0.387,0.0,0,0,0.0,0
20:21:57.134,192.262,FOCUSED,95.66,0.28,0.389,0.0,0,0,0.0,0
20:21:57.270,192.397,FOCUSED,95.66,0.282,0.386,0.0,0,0,0.0,0
20:21:57.383,192.51,FOCUSED,95.66,0.29,0.384,0.0,0,0,0.0,0
20:21:57.513,192.641,FOCUSED,95.66,0.284,0.38,0.0,0,0,0.0,0
20:21:57.664,192.792,FOCUSED,95.66,0.271,0.379,0.0,0,0,0.0,0
20:21:57.770,192.897,FOCUSED,95.66,0.27,0.364,0.0,0,0,0.0,0
20:21:57.864,192.991,FOCUSED,95.66,0.28,0.358,0.0,0,0,0.0,0
20:21:57.965,193.092,FOCUSED,95.66,0.291,0.364,0.0,0,0,0.0,0
20:21:58.071,193.199,FOCUSED,95.66,0.285,0.369,0.0,0,0,0.0,0
20:21:58.189,193.316,FOCUSED,95.66,0.276,0.37,0.0,0,0,0.0,0
20:21:58.283,193.411,FOCUSED,95.66,0.276,0.37,0.0,0,0,0.0,0
20:21:58.381,193.509,FOCUSED,95.66,0.275,0.372,0.0,0,0,0.0,0
20:21:58.480,193.607,FOCUSED,95.66,0.275,0.373,0.0,0,0,0.0,0
20:21:58.572,193.7,FOCUSED,95.66,0.273,0.369,0.0,0,0,0.0,0
20:21:58.670,193.797,FOCUSED,95.66,0.284,0.37,0.0,0,0,0.0,0
20:21:58.772,193.899,FOCUSED,95.66,0.284,0.367,0.0,0,0,0.0,0
20:21:58.880,194.008,FOCUSED,95.66,0.288,0.364,0.0,0,0,0.0,0
20:21:58.982,194.109,FOCUSED,95.66,0.278,0.369,0.0,0,0,0.0,0
20:21:59.083,194.211,FOCUSED,95.66,0.279,0.368,0.0,0,0,0.0,0
20:21:59.204,194.331,FOCUSED,95.66,0.277,0.369,0.0,0,0,0.0,0
20:21:59.368,194.495,FOCUSED,95.66,0.282,0.368,0.0,0,0,0.0,0
20:21:59.477,194.604,FOCUSED,95.66,0.281,0.366,0.0,0,0,0.0,0
20:21:59.583,194.711,FOCUSED,95.66,0.282,0.366,0.0,0,0,0.0,0
20:21:59.680,194.807,FOCUSED,95.66,0.278,0.369,0.0,0,0,0.0,0
20:21:59.774,194.901,FOCUSED,95.66,0.284,0.369,0.0,0,0,0.0,0
20:21:59.876,195.004,FOCUSED,95.66,0.283,0.367,0.0,0,0,0.0,0
20:21:59.994,195.121,FOCUSED,95.66,0.28,0.367,0.0,0,0,0.0,0
20:22:00.098,195.225,FOCUSED,95.66,0.279,0.366,0.0,0,0,0.0,0
20:22:00.208,195.336,FOCUSED,95.66,0.284,0.367,0.0,0,0,0.0,0
20:22:00.358,195.485,FOCUSED,95.66,0.272,0.364,0.0,0,0,0.0,0
20:22:00.437,195.565,FOCUSED,95.66,0.278,0.364,0.0,0,0,0.0,0
20:22:00.532,195.66,FOCUSED,95.66,0.272,0.364,0.0,0,0,0.0,0
20:22:00.626,195.754,FOCUSED,95.66,0.271,0.366,0.0,0,0,0.0,0
20:22:00.709,195.837,FOCUSED,95.66,0.279,0.369,0.0,0,0,0.0,0
20:22:00.815,195.943,FOCUSED,95.66,0.271,0.365,0.0,0,0,0.0,0
20:22:00.917,196.044,FOCUSED,95.66,0.277,0.364,0.0,0,0,0.0,0
20:22:01.018,196.146,FOCUSED,95.66,0.275,0.365,0.0,0,0,0.0,0
20:22:01.114,196.242,FOCUSED,95.66,0.278,0.365,0.0,0,0,0.0,0
20:22:01.206,196.334,FOCUSED,95.66,0.29,0.366,0.0,0,0,0.0,0
20:22:01.310,196.438,FOCUSED,95.66,0.283,0.366,0.0,0,0,0.0,0
20:22:01.433,196.561,FOCUSED,95.66,0.284,0.366,0.0,0,0,0.0,0
20:22:01.518,196.646,FOCUSED,95.66,0.275,0.367,0.0,0,0,0.0,0
20:22:01.611,196.738,FOCUSED,95.66,0.263,0.364,0.0,0,0,0.0,0
20:22:01.720,196.848,FOCUSED,95.66,0.275,0.367,0.0,0,0,0.0,0
20:22:01.830,196.958,FOCUSED,95.66,0.275,0.369,0.0,0,0,0.0,0
20:22:01.943,197.07,FOCUSED,95.66,0.282,0.369,0.0,0,0,0.0,0
20:22:02.053,197.18,FOCUSED,95.66,0.28,0.37,0.0,0,0,0.0,0
20:22:02.168,197.296,FOCUSED,95.66,0.284,0.373,0.0,0,0,0.0,0
20:22:02.258,197.386,FOCUSED,95.66,0.283,0.372,0.0,0,0,0.0,0
20:22:02.372,197.5,FOCUSED,95.66,0.291,0.374,0.0,0,0,0.0,0
20:22:02.467,197.594,FOCUSED,95.66,0.277,0.371,0.0,0,0,0.0,0
20:22:02.587,197.716,FOCUSED,95.66,0.276,0.367,0.0,0,0,0.0,0
20:22:02.696,197.823,FOCUSED,95.66,0.273,0.37,0.0,0,0,0.0,0
20:22:02.806,197.934,FOCUSED,95.66,0.273,0.373,0.0,0,0,0.0,0
20:22:02.916,198.043,FOCUSED,95.66,0.286,0.371,0.0,0,0,0.0,0
20:22:03.034,198.161,FOCUSED,95.66,0.268,0.367,0.0,0,0,0.0,0
20:22:03.134,198.261,FOCUSED,95.66,0.239,0.364,0.0,0,0,0.0,0
20:22:03.241,198.368,FOCUSED,95.66,0.255,0.367,0.0,0,0,0.0,0
20:22:03.335,198.462,FOCUSED,95.66,0.259,0.365,0.0,0,0,0.0,0
20:22:03.413,198.541,FOCUSED,95.66,0.256,0.364,0.0,0,0,0.0,0
20:22:03.501,198.629,FOCUSED,95.66,0.26,0.365,0.0,0,0,0.0,0
20:22:03.600,198.728,FOCUSED,95.66,0.265,0.364,0.0,0,0,0.0,0
20:22:03.701,198.829,FOCUSED,95.66,0.268,0.364,0.0,0,0,0.0,0
20:22:03.820,198.948,FOCUSED,95.66,0.274,0.363,0.0,0,0,0.0,0
20:22:03.943,199.071,FOCUSED,95.66,0.27,0.365,0.0,0,0,0.0,0
20:22:04.069,199.196,FOCUSED,95.66,0.267,0.363,0.0,0,0,0.0,0
20:22:04.194,199.321,FOCUSED,95.66,0.267,0.365,0.0,0,0,0.0,0
20:22:04.316,199.444,FOCUSED,95.66,0.281,0.369,0.0,0,0,0.0,0
20:22:04.412,199.539,FOCUSED,95.66,0.272,0.366,0.0,0,0,0.0,0
20:22:04.530,199.659,FOCUSED,95.66,0.281,0.366,0.0,0,0,0.0,0
20:22:04.639,199.767,FOCUSED,95.66,0.282,0.365,0.0,0,0,0.0,0
20:22:04.733,199.86,FOCUSED,95.66,0.28,0.365,0.0,0,0,0.0,0
20:22:04.823,199.951,FOCUSED,95.66,0.283,0.367,0.0,0,0,0.0,0
20:22:04.931,200.059,FOCUSED,95.66,0.264,0.367,0.0,0,0,0.0,0
20:22:05.045,200.172,FOCUSED,95.66,0.231,0.365,0.0,0,0,0.0,0
20:22:05.141,200.269,FOCUSED,95.66,0.246,0.363,0.0,0,0,0.0,0
20:22:05.266,200.393,FOCUSED,95.66,0.266,0.363,0.0,0,0,0.0,0
20:22:05.373,200.501,FOCUSED,95.66,0.263,0.364,0.0,0,0,0.0,0
20:22:05.486,200.613,FOCUSED,95.66,0.266,0.363,0.0,0,0,0.0,0
20:22:05.622,200.75,FOCUSED,95.66,0.273,0.365,0.0,0,0,0.0,0
20:22:05.738,200.865,FOCUSED,95.66,0.269,0.368,0.0,0,0,0.0,0
20:22:05.864,200.992,FOCUSED,95.66,0.268,0.365,0.0,0,0,0.0,0
20:22:05.961,201.089,FOCUSED,95.66,0.263,0.365,0.0,0,0,0.0,0
20:22:06.043,201.171,FOCUSED,95.66,0.266,0.363,0.0,0,0,0.0,0
20:22:06.149,201.277,FOCUSED,95.66,0.262,0.364,0.0,0,0,0.0,0
20:22:06.247,201.374,FOCUSED,95.66,0.264,0.362,0.0,0,0,0.0,0
20:22:06.347,201.475,FOCUSED,95.66,0.264,0.363,0.0,0,0,0.0,0
20:22:06.449,201.576,FOCUSED,95.66,0.262,0.361,0.0,0,0,0.0,0
20:22:06.578,201.705,FOCUSED,95.66,0.265,0.362,0.0,0,0,0.0,0
20:22:06.679,201.806,FOCUSED,95.66,0.267,0.364,0.0,0,0,0.0,0
20:22:06.808,201.936,FOCUSED,95.66,0.276,0.361,0.0,0,0,0.0,0
20:22:06.943,202.071,FOCUSED,95.66,0.271,0.364,0.0,0,0,0.0,0
20:22:07.068,202.196,FOCUSED,95.66,0.271,0.365,0.0,0,0,0.0,0
20:22:07.168,202.296,FOCUSED,95.66,0.273,0.365,0.0,0,0,0.0,0
20:22:07.284,202.412,FOCUSED,95.66,0.269,0.367,0.0,0,0,0.0,0
20:22:07.387,202.514,FOCUSED,95.66,0.27,0.365,0.0,0,0,0.0,0
20:22:07.491,202.618,FOCUSED,95.66,0.27,0.365,0.0,0,0,0.0,0
20:22:07.600,202.727,FOCUSED,95.66,0.276,0.364,0.0,0,0,0.0,0
20:22:07.710,202.837,FOCUSED,95.66,0.264,0.366,0.0,0,0,0.0,0
20:22:07.829,202.956,FOCUSED,95.66,0.261,0.365,0.0,0,0,0.0,0
20:22:07.964,203.091,FOCUSED,95.66,0.261,0.365,0.0,0,0,0.0,0
20:22:08.090,203.218,FOCUSED,95.66,0.269,0.366,0.0,0,0,0.0,0
20:22:08.212,203.339,FOCUSED,95.66,0.274,0.367,0.0,0,0,0.0,0
20:22:08.309,203.436,FOCUSED,95.66,0.263,0.367,0.0,0,0,0.0,0
20:22:08.421,203.549,FOCUSED,95.66,0.265,0.365,0.0,0,0,0.0,0
20:22:08.503,203.63,FOCUSED,95.66,0.266,0.366,0.0,0,0,0.0,0
20:22:08.597,203.726,FOCUSED,95.66,0.259,0.366,0.0,0,0,0.0,0
20:22:08.692,203.82,FOCUSED,95.66,0.264,0.364,0.0,0,0,0.0,0
20:22:08.781,203.909,FOCUSED,95.66,0.266,0.365,0.0,0,0,0.0,0
20:22:08.884,204.011,FOCUSED,95.66,0.264,0.364,0.0,0,0,0.0,0
20:22:09.007,204.134,FOCUSED,95.66,0.259,0.364,0.0,0,0,0.0,0
20:22:09.128,204.255,FOCUSED,95.66,0.256,0.363,0.0,0,0,0.0,0
20:22:09.221,204.348,FOCUSED,95.66,0.262,0.364,0.0,0,0,0.0,0
20:22:09.352,204.48,FOCUSED,95.66,0.266,0.365,0.0,0,0,0.0,0
20:22:09.444,204.572,FOCUSED,95.66,0.272,0.37,0.0,0,0,0.0,0
20:22:09.539,204.666,FOCUSED,95.66,0.259,0.369,0.0,0,0,0.0,0
20:22:09.625,204.753,FOCUSED,95.66,0.267,0.369,0.0,0,0,0.0,0
20:22:09.737,204.864,FOCUSED,95.66,0.266,0.372,0.0,0,0,0.0,0
20:22:09.849,204.976,FOCUSED,95.66,0.262,0.369,0.0,0,0,0.0,0
20:22:09.973,205.101,FOCUSED,95.66,0.261,0.366,0.0,0,0,0.0,0
20:22:10.093,205.221,FOCUSED,95.66,0.262,0.369,0.0,0,0,0.0,0
20:22:10.213,205.341,FOCUSED,95.66,0.265,0.368,0.0,0,0,0.0,0
20:22:10.352,205.48,FOCUSED,95.66,0.258,0.369,0.0,0,0,0.0,0
20:22:10.455,205.583,FOCUSED,95.66,0.269,0.378,0.0,0,0,0.0,0
20:22:10.549,205.677,FOCUSED,95.66,0.264,0.376,0.0,0,0,0.0,0
20:22:10.672,205.8,FOCUSED,95.66,0.263,0.376,0.0,0,0,0.0,0
20:22:10.781,205.909,FOCUSED,95.66,0.261,0.374,0.0,0,0,0.0,0
20:22:10.899,206.026,FOCUSED,95.66,0.256,0.374,0.0,0,0,0.0,0
20:22:10.997,206.124,FOCUSED,95.66,0.255,0.373,0.0,0,0,0.0,0
20:22:11.112,206.24,FOCUSED,95.66,0.261,0.372,0.0,0,0,0.0,0
20:22:11.209,206.336,FOCUSED,95.66,0.256,0.37,0.0,0,0,0.0,0
20:22:11.319,206.447,FOCUSED,95.66,0.258,0.37,0.0,0,0,0.0,0
20:22:11.441,206.569,FOCUSED,95.66,0.261,0.371,0.0,0,0,0.0,0
20:22:11.538,206.666,FOCUSED,95.66,0.254,0.37,0.0,0,0,0.0,0
20:22:11.638,206.766,FOCUSED,95.66,0.26,0.367,0.0,0,0,0.0,0
20:22:11.734,206.861,FOCUSED,95.66,0.262,0.364,0.0,0,0,0.0,0
20:22:11.826,206.953,FOCUSED,95.66,0.258,0.368,0.0,0,0,0.0,0
20:22:11.929,207.057,FOCUSED,95.66,0.259,0.368,0.0,0,0,0.0,0
20:22:12.052,207.179,FOCUSED,95.66,0.267,0.371,0.0,0,0,0.0,0
20:22:12.163,207.291,FOCUSED,95.66,0.259,0.369,0.0,0,0,0.0,0
20:22:12.269,207.397,FOCUSED,95.66,0.257,0.368,0.0,0,0,0.0,0
20:22:12.384,207.511,FOCUSED,95.66,0.259,0.365,0.0,0,0,0.0,0
20:22:12.479,207.606,FOCUSED,95.66,0.262,0.367,0.0,0,0,0.0,0
20:22:12.634,207.761,FOCUSED,95.66,0.261,0.371,0.0,0,0,0.0,0
20:22:12.745,207.872,FOCUSED,95.66,0.264,0.371,0.0,0,0,0.0,0
20:22:12.858,207.986,FOCUSED,95.66,0.263,0.367,0.0,0,0,0.0,0
20:22:12.961,208.088,FOCUSED,95.66,0.269,0.371,0.0,0,0,0.0,0
20:22:13.068,208.196,FOCUSED,95.66,0.269,0.37,0.0,0,0,0.0,0
20:22:13.186,208.314,FOCUSED,95.66,0.264,0.372,0.0,0,0,0.0,0
20:22:13.297,208.425,FOCUSED,95.66,0.263,0.374,0.0,0,0,0.0,0
20:22:13.377,208.505,FOCUSED,95.66,0.268,0.374,0.0,0,0,0.0,0
20:22:13.511,208.639,FOCUSED,95.66,0.265,0.371,0.0,0,0,0.0,0
20:22:13.602,208.729,FOCUSED,95.66,0.263,0.374,0.0,0,0,0.0,0
20:22:13.698,208.825,FOCUSED,95.66,0.12,0.361,0.0,0,0,0.6,0
20:22:13.788,208.916,FOCUSED,95.66,0.213,0.366,0.0,0,0,0.0,0
20:22:13.887,209.014,FOCUSED,95.66,0.25,0.37,0.0,0,0,0.0,0
20:22:13.981,209.109,FOCUSED,95.66,0.253,0.368,0.0,0,0,0.0,0
20:22:14.099,209.226,FOCUSED,95.66,0.253,0.369,0.0,0,0,0.0,0
20:22:14.203,209.331,FOCUSED,95.66,0.253,0.37,0.0,0,0,0.0,0
20:22:14.291,209.418,FOCUSED,95.66,0.263,0.373,0.0,0,0,0.0,0
20:22:14.395,209.523,FOCUSED,95.66,0.262,0.372,0.0,0,0,0.0,0
20:22:14.491,209.619,FOCUSED,95.66,0.261,0.37,0.0,0,0,0.0,0
20:22:14.594,209.722,FOCUSED,95.66,0.264,0.372,0.0,0,0,0.0,0
20:22:14.703,209.83,FOCUSED,95.66,0.262,0.371,0.0,0,0,0.0,0
20:22:14.784,209.912,FOCUSED,95.66,0.257,0.372,0.0,0,0,0.0,0
20:22:14.867,209.995,FOCUSED,95.66,0.258,0.373,0.0,0,0,0.0,0
20:22:14.968,210.095,FOCUSED,95.66,0.259,0.375,0.0,0,0,0.0,0
20:22:15.062,210.189,FOCUSED,95.66,0.256,0.372,0.0,0,0,0.0,0
20:22:15.155,210.283,FOCUSED,95.66,0.255,0.373,0.0,0,0,0.0,0
20:22:15.264,210.392,FOCUSED,95.66,0.259,0.372,0.0,0,0,0.0,0
20:22:15.371,210.499,FOCUSED,95.66,0.258,0.374,0.0,0,0,0.0,0
20:22:15.470,210.598,FOCUSED,95.66,0.264,0.374,0.0,0,0,0.0,0
20:22:15.562,210.69,FOCUSED,95.66,0.268,0.376,0.0,0,0,0.0,0
20:22:15.654,210.781,FOCUSED,95.66,0.257,0.376,0.0,0,0,0.0,0
20:22:15.765,210.893,FOCUSED,95.66,0.264,0.376,0.0,0,0,0.0,0
20:22:15.864,210.991,FOCUSED,95.66,0.258,0.37,0.0,0,0,0.0,0
20:22:15.967,211.094,FOCUSED,95.66,0.26,0.37,0.0,0,0,0.0,0
20:22:16.061,211.188,FOCUSED,95.66,0.26,0.366,0.0,0,0,0.0,0
20:22:16.184,211.311,FOCUSED,95.66,0.248,0.36,0.0,0,0,0.0,0
20:22:16.262,211.389,FOCUSED,95.66,0.263,0.359,0.0,0,0,0.0,0
20:22:16.353,211.481,FOCUSED,95.66,0.259,0.356,0.0,0,0,0.0,0
20:22:16.456,211.583,FOCUSED,95.66,0.25,0.352,0.0,0,0,0.0,0
20:22:16.554,211.682,FOCUSED,95.66,0.26,0.364,0.0,0,0,0.0,0
20:22:16.662,211.789,FOCUSED,95.66,0.253,0.365,0.0,0,0,0.0,0
20:22:16.770,211.897,FOCUSED,95.66,0.265,0.364,0.0,0,0,0.0,0
20:22:16.888,212.015,FOCUSED,95.66,0.243,0.36,0.0,0,0,0.0,0
20:22:16.998,212.126,FOCUSED,95.66,0.247,0.347,0.0,0,0,0.0,0
20:22:17.114,212.241,FOCUSED,95.66,0.266,0.314,0.0,0,0,0.0,0
20:22:17.255,212.382,FOCUSED,95.66,0.246,0.309,0.0,0,0,0.0,0
20:22:17.375,212.502,FOCUSED,95.66,0.255,0.304,0.0,0,0,0.0,0
20:22:17.465,212.593,FOCUSED,95.66,0.268,0.3,0.0,0,0,0.0,0
20:22:17.560,212.687,FOCUSED,95.66,0.254,0.305,0.0,0,0,0.0,0
20:22:17.666,212.793,FOCUSED,95.66,0.264,0.301,0.0,0,0,0.0,0
20:22:17.766,212.893,FOCUSED,95.66,0.269,0.308,0.0,0,0,0.0,0
20:22:17.875,213.003,FOCUSED,95.66,0.266,0.303,0.0,0,0,0.0,0
20:22:18.000,213.128,FOCUSED,95.66,0.261,0.3,0.0,0,0,0.0,0
20:22:18.139,213.267,FOCUSED,95.66,0.266,0.305,0.0,0,0,0.0,0
20:22:18.241,213.369,FOCUSED,95.66,0.256,0.308,0.0,0,0,0.0,0
20:22:18.321,213.448,FOCUSED,95.66,0.268,0.306,0.0,0,0,0.0,0
20:22:18.425,213.553,FOCUSED,95.66,0.252,0.308,0.0,0,0,0.0,0
20:22:18.521,213.649,FOCUSED,95.66,0.257,0.303,0.0,0,0,0.0,0
20:22:18.620,213.748,FOCUSED,95.66,0.254,0.309,0.0,0,0,0.0,0
20:22:18.725,213.852,FOCUSED,95.66,0.261,0.316,0.0,0,0,0.0,0
20:22:18.841,213.968,FOCUSED,95.66,0.279,0.323,0.0,0,0,0.0,0
20:22:19.026,214.153,FOCUSED,95.66,0.274,0.324,0.0,0,0,0.0,0
20:22:19.200,214.327,FOCUSED,95.66,0.273,0.328,0.0,0,0,0.0,0
20:22:19.292,214.419,FOCUSED,95.66,0.278,0.329,0.0,0,0,0.0,0
20:22:19.404,214.531,FOCUSED,95.66,0.283,0.326,0.0,0,0,0.0,0
20:22:19.492,214.62,FOCUSED,95.66,0.278,0.33,0.0,0,0,0.0,0
20:22:19.593,214.72,FOCUSED,95.66,0.277,0.338,0.0,0,0,0.0,0
20:22:19.689,214.816,FOCUSED,95.66,0.27,0.347,0.0,0,0,0.0,0
20:22:19.797,214.924,FOCUSED,95.66,0.264,0.354,0.0,0,0,0.0,0
20:22:19.882,215.009,FOCUSED,95.66,0.273,0.349,0.0,0,0,0.0,0
20:22:19.983,215.111,FOCUSED,95.66,0.272,0.347,0.0,0,0,0.0,0
20:22:20.069,215.197,FOCUSED,95.66,0.267,0.345,0.0,0,0,0.0,0
20:22:20.157,215.284,FOCUSED,95.66,0.269,0.342,0.0,0,0,0.0,0
20:22:20.270,215.398,FOCUSED,95.66,0.281,0.346,0.0,0,0,0.0,0
20:22:20.391,215.519,FOCUSED,95.66,0.274,0.346,0.0,0,0,0.0,0
20:22:20.532,215.659,FOCUSED,95.66,0.276,0.35,0.0,0,0,0.0,0
20:22:20.686,215.813,FOCUSED,95.66,0.274,0.346,0.0,0,0,0.0,0
20:22:20.808,215.935,FOCUSED,95.66,0.273,0.346,0.0,0,0,0.0,0
20:22:20.910,216.037,FOCUSED,95.66,0.269,0.349,0.0,0,0,0.0,0
20:22:21.007,216.134,FOCUSED,95.66,0.27,0.348,0.0,0,0,0.0,0
20:22:21.111,216.238,FOCUSED,95.66,0.266,0.351,0.0,0,0,0.0,0
20:22:21.212,216.34,FOCUSED,95.66,0.265,0.351,0.0,0,0,0.0,0
20:22:21.325,216.453,FOCUSED,95.66,0.267,0.346,0.0,0,0,0.0,0
20:22:21.454,216.582,FOCUSED,95.66,0.275,0.346,0.0,0,0,0.0,0
20:22:21.594,216.721,FOCUSED,95.66,0.272,0.347,0.0,0,0,0.0,0
20:22:21.719,216.846,FOCUSED,95.66,0.267,0.347,0.0,0,0,0.0,0
20:22:21.857,216.985,FOCUSED,95.66,0.268,0.347,0.0,0,0,0.0,0
20:22:21.960,217.088,FOCUSED,95.66,0.261,0.347,0.0,0,0,0.0,0
20:22:22.098,217.225,FOCUSED,95.66,0.261,0.348,0.0,0,0,0.0,0
20:22:22.226,217.353,FOCUSED,95.66,0.261,0.351,0.0,0,0,0.0,0
20:22:22.322,217.45,FOCUSED,95.66,0.262,0.35,0.0,0,0,0.0,0
20:22:22.403,217.53,FOCUSED,95.66,0.261,0.353,0.0,0,0,0.0,0
20:22:22.493,217.62,FOCUSED,95.66,0.252,0.352,0.0,0,0,0.0,0
20:22:22.598,217.725,FOCUSED,95.66,0.266,0.356,0.0,0,0,0.0,0
20:22:22.719,217.846,FOCUSED,95.66,0.261,0.355,0.0,0,0,0.0,0
20:22:22.829,217.956,FOCUSED,95.66,0.261,0.355,0.0,0,0,0.0,0
20:22:22.948,218.076,FOCUSED,95.66,0.266,0.355,0.0,0,0,0.0,0
20:22:23.054,218.181,FOCUSED,95.66,0.26,0.357,0.0,0,0,0.0,0
20:22:23.167,218.295,FOCUSED,95.66,0.26,0.358,0.0,0,0,0.0,0
20:22:23.259,218.387,FOCUSED,95.66,0.259,0.358,0.0,0,0,0.0,0
20:22:23.356,218.483,FOCUSED,95.66,0.262,0.36,0.0,0,0,0.0,0
20:22:23.442,218.57,FOCUSED,95.66,0.263,0.362,0.0,0,0,0.0,0
20:22:23.532,218.66,FOCUSED,95.66,0.264,0.362,0.0,0,0,0.0,0
20:22:23.627,218.754,FOCUSED,95.66,0.266,0.362,0.0,0,0,0.0,0
20:22:23.731,218.858,FOCUSED,95.66,0.26,0.362,0.0,0,0,0.0,0
20:22:23.864,218.991,FOCUSED,95.66,0.255,0.358,0.0,0,0,0.0,0
20:22:23.959,219.086,FOCUSED,95.66,0.253,0.362,0.0,0,0,0.0,0
20:22:24.074,219.202,FOCUSED,95.66,0.258,0.364,0.0,0,0,0.0,0
20:22:24.183,219.312,FOCUSED,95.66,0.257,0.359,0.0,0,0,0.0,0
20:22:24.289,219.417,FOCUSED,95.66,0.254,0.361,0.0,0,0,0.0,0
20:22:24.391,219.519,FOCUSED,95.66,0.256,0.361,0.0,0,0,0.0,0
20:22:24.475,219.603,FOCUSED,95.66,0.26,0.36,0.0,0,0,0.0,0
20:22:24.588,219.716,FOCUSED,95.66,0.26,0.362,0.0,0,0,0.0,0
20:22:24.682,219.809,FOCUSED,95.66,0.261,0.361,0.0,0,0,0.0,0
20:22:24.792,219.919,FOCUSED,95.66,0.259,0.361,0.0,0,0,0.0,0
20:22:24.876,220.003,FOCUSED,95.66,0.257,0.36,0.0,0,0,0.0,0
20:22:24.975,220.103,FOCUSED,95.66,0.257,0.36,0.0,0,0,0.0,0
20:22:25.087,220.214,FOCUSED,95.66,0.258,0.359,0.0,0,0,0.0,0
20:22:25.201,220.329,FOCUSED,95.66,0.253,0.36,0.0,0,0,0.0,0
20:22:25.349,220.477,FOCUSED,95.66,0.254,0.358,0.0,0,0,0.0,0
20:22:25.466,220.593,FOCUSED,95.66,0.258,0.36,0.0,0,0,0.0,0
20:22:25.612,220.74,FOCUSED,95.66,0.26,0.359,0.0,0,0,0.0,0
20:22:25.754,220.882,FOCUSED,95.66,0.261,0.359,0.0,0,0,0.0,0
20:22:25.865,220.993,FOCUSED,95.66,0.262,0.364,0.0,0,0,0.0,0
20:22:25.966,221.093,FOCUSED,95.66,0.258,0.36,0.0,0,0,0.0,0
20:22:26.074,221.202,FOCUSED,95.66,0.262,0.36,0.0,0,0,0.0,0
20:22:26.177,221.304,FOCUSED,95.66,0.263,0.36,0.0,0,0,0.0,0
20:22:26.284,221.412,FOCUSED,95.66,0.262,0.36,0.0,0,0,0.0,0
20:22:26.391,221.518,FOCUSED,95.66,0.258,0.361,0.0,0,0,0.0,0
20:22:26.526,221.654,FOCUSED,95.66,0.261,0.36,0.0,0,0,0.0,0
20:22:26.638,221.765,FOCUSED,95.66,0.257,0.362,0.0,0,0,0.0,0
20:22:26.751,221.878,FOCUSED,95.66,0.255,0.36,0.0,0,0,0.0,0
20:22:26.874,222.002,FOCUSED,95.66,0.26,0.363,0.0,0,0,0.0,0
20:22:27.021,222.149,FOCUSED,95.66,0.259,0.361,0.0,0,0,0.0,0
20:22:27.137,222.264,FOCUSED,95.66,0.256,0.359,0.0,0,0,0.0,0
20:22:27.240,222.368,FOCUSED,95.66,0.255,0.36,0.0,0,0,0.0,0
20:22:27.353,222.48,FOCUSED,95.66,0.254,0.362,0.0,0,0,0.0,0
20:22:27.461,222.589,FOCUSED,95.66,0.254,0.362,0.0,0,0,0.0,0
20:22:27.570,222.698,FOCUSED,95.66,0.256,0.361,0.0,0,0,0.0,0
20:22:27.678,222.806,FOCUSED,95.66,0.262,0.362,0.0,0,0,0.0,0
20:22:27.808,222.936,FOCUSED,95.66,0.258,0.361,0.0,0,0,0.0,0
20:22:27.914,223.041,FOCUSED,95.66,0.261,0.364,0.0,0,0,0.0,0
20:22:28.040,223.167,FOCUSED,95.66,0.257,0.362,0.0,0,0,0.0,0
20:22:28.152,223.279,FOCUSED,95.66,0.259,0.362,0.0,0,0,0.0,0
20:22:28.251,223.378,FOCUSED,95.66,0.259,0.366,0.0,0,0,0.0,0
20:22:28.351,223.478,FOCUSED,95.66,0.254,0.363,0.0,0,0,0.0,0
20:22:28.442,223.569,FOCUSED,95.66,0.257,0.364,0.0,0,0,0.0,0
20:22:28.524,223.652,FOCUSED,95.66,0.258,0.362,0.0,0,0,0.0,0
20:22:28.604,223.731,FOCUSED,95.66,0.26,0.365,0.0,0,0,0.0,0
20:22:28.695,223.822,FOCUSED,95.66,0.259,0.363,0.0,0,0,0.0,0
20:22:28.795,223.923,FOCUSED,95.66,0.259,0.365,0.0,0,0,0.0,0
20:22:28.921,224.048,FOCUSED,95.66,0.238,0.364,0.0,0,0,0.0,0
20:22:29.042,224.17,FOCUSED,95.66,0.244,0.365,0.0,0,0,0.0,0
20:22:29.169,224.297,FOCUSED,95.66,0.257,0.364,0.0,0,0,0.0,0
20:22:29.310,224.438,FOCUSED,95.66,0.255,0.365,0.0,0,0,0.0,0
20:22:29.415,224.543,FOCUSED,95.66,0.258,0.367,0.0,0,0,0.0,0
20:22:29.561,224.688,FOCUSED,95.66,0.254,0.364,0.0,0,0,0.0,0
20:22:29.672,224.799,FOCUSED,95.66,0.248,0.363,0.0,0,0,0.0,0
20:22:29.760,224.887,FOCUSED,95.66,0.244,0.357,0.0,0,0,0.0,0
20:22:29.847,224.975,FOCUSED,95.66,0.243,0.364,0.0,0,0,0.0,0
20:22:29.957,225.085,FOCUSED,95.66,0.249,0.361,0.0,0,0,0.0,0
20:22:30.059,225.186,FOCUSED,95.66,0.249,0.363,0.0,0,0,0.0,0
20:22:30.148,225.275,FOCUSED,95.66,0.248,0.362,0.0,0,0,0.0,0
20:22:30.254,225.381,FOCUSED,95.66,0.247,0.362,0.0,0,0,0.0,0
20:22:30.350,225.478,FOCUSED,95.66,0.252,0.365,0.0,0,0,0.0,0
20:22:30.472,225.599,FOCUSED,95.66,0.258,0.365,0.0,0,0,0.0,0
20:22:30.569,225.697,FOCUSED,95.66,0.249,0.365,0.0,0,0,0.0,0
20:22:30.686,225.813,FOCUSED,95.66,0.251,0.363,0.0,0,0,0.0,0
20:22:30.802,225.929,FOCUSED,95.66,0.25,0.359,0.0,0,0,0.0,0
20:22:30.912,226.039,FOCUSED,95.66,0.241,0.36,0.0,0,0,0.0,0
20:22:31.005,226.132,FOCUSED,95.66,0.244,0.361,0.0,0,0,0.0,0
20:22:31.097,226.224,FOCUSED,95.66,0.243,0.361,0.0,0,0,0.0,0
20:22:31.190,226.318,FOCUSED,95.66,0.245,0.36,0.0,0,0,0.0,0
20:22:31.292,226.42,FOCUSED,95.66,0.245,0.361,0.0,0,0,0.0,0
20:22:31.405,226.533,FOCUSED,95.66,0.243,0.361,0.0,0,0,0.0,0
20:22:31.505,226.633,FOCUSED,95.66,0.244,0.363,0.0,0,0,0.0,0
20:22:31.597,226.724,FOCUSED,95.66,0.247,0.364,0.0,0,0,0.0,0
20:22:31.692,226.82,FOCUSED,95.66,0.248,0.366,0.0,0,0,0.0,0
20:22:31.802,226.929,FOCUSED,95.66,0.245,0.362,0.0,0,0,0.0,0
20:22:31.912,227.04,FOCUSED,95.66,0.245,0.362,0.0,0,0,0.0,0
20:22:32.026,227.154,FOCUSED,95.66,0.242,0.363,0.0,0,0,0.0,0
20:22:32.124,227.252,FOCUSED,95.66,0.246,0.363,0.0,0,0,0.0,0
20:22:32.183,227.311,FOCUSED,95.66,0.256,0.363,0.0,0,0,0.0,0
20:22:32.241,227.368,FOCUSED,95.66,0.248,0.364,0.0,0,0,0.0,0
20:22:32.301,227.429,FOCUSED,95.66,0.25,0.364,0.0,0,0,0.0,0
20:22:32.357,227.484,FOCUSED,95.66,0.252,0.364,0.0,0,0,0.0,0
20:22:32.414,227.541,FOCUSED,95.66,0.246,0.364,0.0,0,0,0.0,0
20:22:32.468,227.595,FOCUSED,95.66,0.241,0.366,0.0,0,0,0.0,0
20:22:32.521,227.648,FOCUSED,95.66,0.244,0.366,0.0,0,0,0.0,0
20:22:32.575,227.702,FOCUSED,95.66,0.246,0.367,0.0,0,0,0.0,0
20:22:32.633,227.761,FOCUSED,95.66,0.252,0.366,0.0,0,0,0.0,0
20:22:32.689,227.817,FOCUSED,95.66,0.252,0.366,0.0,0,0,0.0,0
20:22:32.749,227.876,FOCUSED,95.66,0.112,0.362,0.0,0,0,0.6,0
20:22:32.802,227.93,FOCUSED,95.66,0.137,0.362,0.0,0,0,0.6,0
20:22:32.858,227.986,FOCUSED,95.66,0.203,0.366,0.0,0,0,0.0,0
20:22:32.917,228.045,FOCUSED,95.66,0.249,0.369,0.0,0,0,0.0,0
20:22:32.971,228.099,FOCUSED,95.66,0.266,0.371,0.0,0,0,0.0,0
20:22:33.026,228.153,FOCUSED,95.66,0.269,0.369,0.0,0,0,0.0,0
20:22:33.078,228.205,FOCUSED,95.66,0.271,0.371,0.0,0,0,0.0,0
20:22:33.134,228.261,FOCUSED,95.66,0.27,0.37,0.0,0,0,0.0,0
20:22:33.187,228.315,FOCUSED,95.66,0.274,0.372,0.0,0,0,0.0,0
20:22:33.242,228.37,FOCUSED,95.66,0.274,0.369,0.0,0,0,0.0,0
20:22:33.310,228.437,FOCUSED,95.66,0.267,0.37,0.0,0,0,0.0,0
20:22:33.396,228.523,FOCUSED,95.66,0.268,0.371,0.0,0,0,0.0,0
20:22:33.461,228.588,FOCUSED,95.66,0.274,0.372,0.0,0,0,0.0,0
20:22:33.518,228.645,FOCUSED,95.66,0.272,0.371,0.0,0,0,0.0,0
20:22:33.572,228.7,FOCUSED,95.66,0.271,0.37,0.0,0,0,0.0,0
20:22:33.628,228.755,FOCUSED,95.66,0.27,0.371,0.0,0,0,0.0,0
20:22:33.683,228.811,FOCUSED,95.66,0.278,0.373,0.0,0,0,0.0,0
20:22:33.739,228.866,FOCUSED,95.66,0.299,0.379,0.0,0,0,0.0,0
20:22:33.795,228.923,FOCUSED,95.66,0.302,0.38,0.0,0,0,0.0,0
20:22:33.847,228.974,FOCUSED,95.66,0.301,0.381,0.0,0,0,0.0,0
20:22:33.900,229.027,FOCUSED,95.66,0.298,0.38,0.0,0,0,0.0,0
20:22:33.953,229.081,FOCUSED,95.66,0.296,0.379,0.0,0,0,0.0,0
20:22:34.007,229.134,FOCUSED,95.66,0.302,0.378,0.0,0,0,0.0,0
20:22:34.072,229.2,FOCUSED,95.66,0.301,0.379,0.0,0,0,0.0,0
20:22:34.131,229.258,FOCUSED,95.66,0.305,0.38,0.0,0,0,0.0,0
20:22:34.189,229.316,FOCUSED,95.66,0.306,0.379,0.0,0,0,0.0,0
20:22:34.248,229.376,FOCUSED,95.66,0.305,0.379,0.0,0,0,0.0,0
20:22:34.308,229.436,FOCUSED,95.66,0.308,0.379,0.0,0,0,0.0,0
20:22:34.369,229.496,FOCUSED,95.66,0.308,0.379,0.0,0,0,0.0,0
20:22:34.431,229.559,FOCUSED,95.66,0.306,0.379,0.0,0,0,0.0,0
20:22:34.501,229.629,FOCUSED,95.66,0.31,0.378,0.0,0,0,0.0,0
20:22:34.576,229.703,FOCUSED,95.66,0.309,0.381,0.0,0,0,0.0,0
20:22:34.645,229.773,FOCUSED,95.66,0.308,0.379,0.0,0,0,0.0,0
20:22:34.716,229.844,FOCUSED,95.66,0.305,0.378,0.0,0,0,0.0,0
20:22:34.777,229.905,FOCUSED,95.66,0.304,0.377,0.0,0,0,0.0,0
20:22:34.834,229.961,FOCUSED,95.66,0.303,0.377,0.0,0,0,0.0,0
20:22:34.894,230.022,FOCUSED,95.66,0.305,0.377,0.0,0,0,0.0,0
20:22:34.959,230.087,FOCUSED,95.66,0.303,0.376,0.0,0,0,0.0,0
20:22:35.018,230.146,FOCUSED,95.66,0.307,0.378,0.0,0,0,0.0,0
20:22:35.078,230.205,FOCUSED,95.66,0.307,0.378,0.0,0,0,0.0,0
20:22:35.148,230.275,FOCUSED,95.66,0.306,0.376,0.0,0,0,0.0,0
20:22:35.210,230.338,FOCUSED,95.66,0.307,0.378,0.0,0,0,0.0,0
20:22:35.272,230.399,FOCUSED,95.66,0.306,0.378,0.0,0,0,0.0,0
20:22:35.331,230.459,FOCUSED,95.66,0.309,0.376,0.0,0,0,0.0,0
20:22:35.399,230.526,FOCUSED,95.66,0.305,0.378,0.0,0,0,0.0,0
20:22:35.460,230.587,FOCUSED,95.66,0.31,0.375,0.0,0,0,0.0,0
20:22:35.519,230.646,FOCUSED,95.66,0.311,0.378,0.0,0,0,0.0,0
20:22:35.580,230.708,FOCUSED,95.66,0.309,0.376,0.0,0,0,0.0,0
20:22:35.640,230.768,FOCUSED,95.66,0.307,0.378,0.0,0,0,0.0,0
20:22:35.697,230.825,FOCUSED,95.66,0.298,0.378,0.0,0,0,0.0,0
20:22:35.765,230.892,FOCUSED,95.66,0.3,0.378,0.0,0,0,0.0,0
20:22:35.830,230.958,FOCUSED,95.66,0.304,0.376,0.0,0,0,0.0,0
20:22:35.894,231.022,FOCUSED,95.66,0.301,0.376,0.0,0,0,0.0,0
20:22:35.953,231.081,FOCUSED,95.66,0.3,0.375,0.0,0,0,0.0,0
20:22:36.015,231.143,FOCUSED,95.66,0.299,0.377,0.0,0,0,0.0,0
20:22:36.081,231.208,FOCUSED,95.66,0.301,0.374,0.0,0,0,0.0,0
20:22:36.150,231.277,FOCUSED,95.66,0.3,0.377,0.0,0,0,0.0,0
20:22:36.207,231.335,FOCUSED,95.66,0.299,0.375,0.0,0,0,0.0,0
20:22:36.286,231.413,FOCUSED,95.66,0.305,0.376,0.0,0,0,0.0,0
20:22:36.387,231.515,FOCUSED,95.66,0.302,0.373,0.0,0,0,0.0,0
20:22:36.501,231.628,FOCUSED,95.66,0.3,0.378,0.0,0,0,0.0,0
20:22:36.633,231.761,FOCUSED,95.66,0.297,0.374,0.0,0,0,0.0,0
20:22:36.762,231.89,FOCUSED,95.66,0.3,0.378,0.0,0,0,0.0,0
20:22:36.877,232.004,FOCUSED,95.66,0.299,0.374,0.0,0,0,0.0,0
20:22:36.993,232.12,FOCUSED,95.66,0.298,0.375,0.0,0,0,0.0,0
20:22:37.111,232.239,FOCUSED,95.66,0.301,0.376,0.0,0,0,0.0,0
20:22:37.252,232.38,FOCUSED,95.66,0.299,0.375,0.0,0,0,0.0,0
20:22:37.367,232.495,FOCUSED,95.66,0.304,0.374,0.0,0,0,0.0,0
20:22:37.464,232.592,FOCUSED,95.66,0.298,0.376,0.0,0,0,0.0,0
20:22:37.554,232.682,FOCUSED,95.66,0.299,0.374,0.0,0,0,0.0,0
20:22:37.673,232.801,FOCUSED,95.66,0.296,0.377,0.0,0,0,0.0,0
20:22:37.792,232.919,FOCUSED,95.66,0.298,0.375,0.0,0,0,0.0,0
20:22:37.898,233.025,FOCUSED,95.66,0.296,0.377,0.0,0,0,0.0,0
20:22:38.005,233.132,FOCUSED,95.66,0.297,0.377,0.0,0,0,0.0,0
20:22:38.114,233.241,FOCUSED,95.66,0.299,0.378,0.0,0,0,0.0,0
20:22:38.217,233.345,FOCUSED,95.66,0.298,0.378,0.0,0,0,0.0,0
20:22:38.322,233.449,FOCUSED,95.66,0.302,0.378,0.0,0,0,0.0,0
20:22:38.421,233.549,FOCUSED,95.66,0.303,0.377,0.0,0,0,0.0,0
20:22:38.503,233.631,FOCUSED,95.66,0.304,0.376,0.0,0,0,0.0,0
20:22:38.591,233.719,FOCUSED,95.66,0.305,0.377,0.0,0,0,0.0,0
20:22:38.677,233.804,FOCUSED,95.66,0.302,0.377,0.0,0,0,0.0,0
20:22:38.779,233.907,FOCUSED,95.66,0.303,0.378,0.0,0,0,0.0,0
20:22:38.881,234.009,FOCUSED,95.66,0.3,0.378,0.0,0,0,0.0,0
20:22:38.980,234.108,FOCUSED,95.66,0.298,0.379,0.0,0,0,0.0,0
20:22:39.084,234.212,FOCUSED,95.66,0.302,0.378,0.0,0,0,0.0,0
20:22:39.195,234.322,FOCUSED,95.66,0.308,0.378,0.0,0,0,0.0,0
20:22:39.288,234.416,FOCUSED,95.66,0.305,0.379,0.0,0,0,0.0,0
20:22:39.387,234.514,FOCUSED,95.66,0.303,0.376,0.0,0,0,0.0,0
20:22:39.483,234.61,FOCUSED,95.66,0.301,0.377,0.0,0,0,0.0,0
20:22:39.582,234.709,FOCUSED,95.66,0.299,0.38,0.0,0,0,0.0,0
20:22:39.693,234.82,FOCUSED,95.66,0.303,0.376,0.0,0,0,0.0,0
20:22:39.785,234.913,FOCUSED,95.66,0.299,0.376,0.0,0,0,0.0,0
20:22:39.876,235.003,FOCUSED,95.66,0.301,0.377,0.0,0,0,0.0,0
20:22:39.972,235.099,FOCUSED,95.66,0.269,0.371,0.0,0,0,0.0,0
20:22:40.066,235.193,FOCUSED,95.66,0.247,0.37,0.0,0,0,0.0,0
20:22:40.156,235.284,FOCUSED,95.66,0.26,0.373,0.0,0,0,0.0,0
20:22:40.259,235.386,FOCUSED,95.66,0.27,0.373,0.0,0,0,0.0,0
20:22:40.348,235.476,FOCUSED,95.66,0.276,0.373,0.0,0,0,0.0,0
20:22:40.436,235.564,FOCUSED,95.66,0.278,0.372,0.0,0,0,0.0,0
20:22:40.531,235.659,FOCUSED,95.66,0.28,0.372,0.0,0,0,0.0,0
20:22:40.633,235.761,FOCUSED,95.66,0.28,0.374,0.0,0,0,0.0,0
20:22:40.728,235.855,FOCUSED,95.66,0.275,0.366,0.0,0,0,0.0,0
20:22:40.818,235.946,FOCUSED,95.66,0.272,0.369,0.0,0,0,0.0,0
20:22:40.909,236.036,FOCUSED,95.66,0.268,0.368,0.0,0,0,0.0,0
20:22:41.017,236.145,FOCUSED,95.66,0.268,0.365,0.0,0,0,0.0,0
20:22:41.114,236.242,FOCUSED,95.66,0.265,0.365,0.0,0,0,0.0,0
20:22:41.198,236.326,FOCUSED,95.66,0.266,0.365,0.0,0,0,0.0,0
20:22:41.298,236.425,FOCUSED,95.66,0.264,0.365,0.0,0,0,0.0,0
20:22:41.365,236.493,FOCUSED,95.66,0.262,0.365,0.0,0,0,0.0,0
20:22:41.430,236.558,FOCUSED,95.66,0.262,0.363,0.0,0,0,0.0,0
20:22:41.493,236.621,FOCUSED,95.66,0.261,0.367,0.0,0,0,0.0,0
20:22:41.562,236.69,FOCUSED,95.66,0.261,0.365,0.0,0,0,0.0,0
20:22:41.628,236.756,FOCUSED,95.66,0.263,0.367,0.0,0,0,0.0,0
20:22:41.686,236.814,FOCUSED,95.66,0.262,0.366,0.0,0,0,0.0,0
20:22:41.759,236.886,FOCUSED,95.66,0.259,0.365,0.0,0,0,0.0,0
20:22:41.818,236.945,FOCUSED,95.66,0.254,0.367,0.0,0,0,0.0,0
20:22:41.875,237.003,FOCUSED,95.66,0.26,0.368,0.0,0,0,0.0,0
20:22:41.933,237.061,FOCUSED,95.66,0.258,0.367,0.0,0,0,0.0,0
20:22:41.993,237.121,FOCUSED,95.66,0.264,0.367,0.0,0,0,0.0,0
20:22:42.049,237.176,FOCUSED,95.66,0.263,0.367,0.0,0,0,0.0,0
20:22:42.115,237.243,FOCUSED,95.66,0.268,0.369,0.0,0,0,0.0,0
20:22:42.178,237.306,FOCUSED,95.66,0.265,0.368,0.0,0,0,0.0,0
20:22:42.246,237.374,FOCUSED,95.66,0.274,0.375,0.0,0,0,0.0,0
20:22:42.312,237.439,FOCUSED,95.66,0.283,0.375,0.0,0,0,0.0,0
20:22:42.376,237.504,FOCUSED,95.66,0.283,0.376,0.0,0,0,0.0,0
20:22:42.434,237.562,FOCUSED,95.66,0.285,0.375,0.0,0,0,0.0,0
20:22:42.495,237.623,FOCUSED,95.66,0.287,0.376,0.0,0,0,0.0,0
20:22:42.555,237.683,FOCUSED,95.66,0.283,0.375,0.0,0,0,0.0,0
20:22:42.616,237.743,FOCUSED,95.66,0.282,0.376,0.0,0,0,0.0,0
20:22:42.688,237.815,FOCUSED,95.66,0.284,0.376,0.0,0,0,0.0,0
20:22:42.756,237.883,FOCUSED,95.66,0.283,0.375,0.0,0,0,0.0,0
20:22:42.812,237.94,FOCUSED,95.66,0.264,0.372,0.0,0,0,0.0,0
20:22:42.877,238.004,FOCUSED,95.66,0.06,0.363,0.0,0,0,0.6,0
20:22:42.939,238.067,FOCUSED,95.66,0.084,0.358,0.0,0,0,0.6,0
20:22:42.993,238.121,FOCUSED,95.66,0.167,0.361,0.0,0,0,0.6,0
20:22:43.050,238.177,FOCUSED,95.66,0.145,0.358,0.0,0,0,0.6,0
20:22:43.104,238.231,FOCUSED,95.66,0.131,0.356,0.0,0,0,0.6,0
20:22:43.163,238.29,FOCUSED,95.66,0.143,0.36,0.0,0,0,0.6,0
20:22:43.220,238.348,FOCUSED,95.66,0.114,0.36,0.0,0,0,0.6,0
20:22:43.301,238.429,FOCUSED,95.66,0.119,0.36,0.0,0,0,0.6,0
20:22:43.384,238.511,FOCUSED,95.66,0.107,0.359,0.0,0,0,0.6,0
20:22:43.462,238.59,FOCUSED,95.66,0.116,0.36,0.0,0,0,0.6,0
20:22:43.526,238.654,DROWSY,95.47,0.169,0.364,0.0,0,0,1.0,0
20:22:43.598,238.725,DROWSY,95.25,0.234,0.371,0.0,0,0,1.0,0
